scenario,model_key,n,p,s2,repeat,seed,config_id,varied_parameter,m,alpha,beta,k,precision_raw_local,recall_raw_local,f1_raw_local,r_miss_raw_local,n_selected_raw_local,precision_raw_global_max,recall_raw_global_max,f1_raw_global_max,r_miss_raw_global_max,n_selected_raw_global_max,precision_raw_global_se,recall_raw_global_se,f1_raw_global_se,r_miss_raw_global_se,n_selected_raw_global_se,precision_logml_local,recall_logml_local,f1_logml_local,r_miss_logml_local,n_selected_logml_local,precision_logml_global_max,recall_logml_global_max,f1_logml_global_max,r_miss_logml_global_max,n_selected_logml_global_max,precision_logml_global_se,recall_logml_global_se,f1_logml_global_se,r_miss_logml_global_se,n_selected_logml_global_se,true_variables,selected_raw_local,selected_raw_global_max,selected_raw_global_se,selected_logml_local,selected_logml_global_max,selected_logml_global_se,status,error
bm1,binary,1000,50,1.0,0,2279008607,reference,reference,20,0.95,2.0,2.0,0.0,0.0,0.0,1.0,4.0,0.0,0.0,0.0,1.0,0.0,0.0,0.0,0.0,1.0,2.0,0.2222222222222222,0.4,0.2857142857142857,1.0,9.0,0.0,0.0,0.0,1.0,0.0,0.5,0.2,0.28571428571428575,1.0,2.0,"[0, 1, 25, 26, 27]","[2, 5, 6, 10]",[],"[2, 6]","[1, 2, 5, 10, 21, 24, 26, 35, 48]",[],"[1, 5]",complete,
bm1,binary,1000,50,1.0,0,2279008607,m_low,m,10,0.95,2.0,2.0,0.3333333333333333,0.4,0.3636363636363636,1.0,6.0,0.0,0.0,0.0,1.0,0.0,0.5,0.2,0.28571428571428575,1.0,2.0,0.2,0.2,0.20000000000000004,1.0,5.0,0.0,0.0,0.0,1.0,0.0,0.0,0.0,0.0,1.0,0.0,"[0, 1, 25, 26, 27]","[6, 15, 25, 27, 32, 41]",[],"[25, 32]","[4, 5, 25, 32, 34]",[],[],complete,
bm1,binary,1000,50,1.0,0,2279008607,m_high,m,50,0.95,2.0,2.0,0.0,0.0,0.0,1.0,5.0,0.0,0.0,0.0,1.0,0.0,0.0,0.0,0.0,1.0,0.0,0.25,0.2,0.22222222222222224,1.0,4.0,0.0,0.0,0.0,1.0,0.0,1.0,0.2,0.33333333333333337,1.0,1.0,"[0, 1, 25, 26, 27]","[3, 10, 15, 32, 49]",[],[],"[3, 11, 25, 32]",[],[25],complete,
bm1,binary,1000,50,1.0,0,2279008607,beta_low,beta,20,0.95,1.0,2.0,0.3333333333333333,0.4,0.3636363636363636,1.0,6.0,0.0,0.0,0.0,1.0,0.0,0.0,0.0,0.0,1.0,1.0,0.0,0.0,0.0,1.0,5.0,0.0,0.0,0.0,1.0,1.0,0.0,0.0,0.0,1.0,2.0,"[0, 1, 25, 26, 27]","[26, 27, 29, 30, 33, 43]",[],[29],"[3, 8, 30, 40, 45]",[3],"[3, 30]",complete,
bm1,binary,1000,50,1.0,0,2279008607,beta_high,beta,20,0.95,3.0,2.0,0.25,0.2,0.22222222222222224,1.0,4.0,0.0,0.0,0.0,1.0,0.0,0.0,0.0,0.0,1.0,0.0,0.4,0.4,0.4000000000000001,1.0,5.0,0.0,0.0,0.0,1.0,0.0,0.5,0.4,0.4444444444444445,1.0,4.0,"[0, 1, 25, 26, 27]","[0, 6, 13, 22]",[],[],"[0, 6, 9, 13, 26]",[],"[0, 6, 13, 26]",complete,
bm1,binary,1000,50,1.0,0,2279008607,k_low,k,20,0.95,2.0,1.0,0.16666666666666666,0.2,0.1818181818181818,1.0,6.0,0.0,0.0,0.0,1.0,0.0,0.5,0.2,0.28571428571428575,1.0,2.0,0.14285714285714285,0.2,0.16666666666666666,1.0,7.0,0.0,0.0,0.0,1.0,0.0,0.0,0.0,0.0,1.0,1.0,"[0, 1, 25, 26, 27]","[8, 14, 27, 33, 35, 38]",[],"[8, 27]","[16, 22, 27, 32, 34, 38, 46]",[],[22],complete,
bm1,binary,1000,50,1.0,0,2279008607,k_high,k,20,0.95,2.0,3.0,0.16666666666666666,0.2,0.1818181818181818,1.0,6.0,0.0,0.0,0.0,1.0,2.0,0.25,0.2,0.22222222222222224,1.0,4.0,0.16666666666666666,0.2,0.1818181818181818,1.0,6.0,0.0,0.0,0.0,1.0,2.0,0.0,0.0,0.0,1.0,2.0,"[0, 1, 25, 26, 27]","[5, 11, 26, 34, 39, 41]","[5, 41]","[5, 11, 26, 41]","[3, 5, 12, 26, 39, 41]","[5, 41]","[5, 41]",complete,
bm1,binary,1000,50,1.0,1,2062861864,reference,reference,20,0.95,2.0,2.0,0.16666666666666666,0.2,0.1818181818181818,1.0,6.0,0.0,0.0,0.0,1.0,0.0,0.5,0.2,0.28571428571428575,1.0,2.0,0.2,0.4,0.26666666666666666,1.0,10.0,0.0,0.0,0.0,1.0,0.0,0.2,0.2,0.20000000000000004,1.0,5.0,"[0, 1, 25, 26, 27]","[0, 6, 14, 20, 40, 42]",[],"[0, 14]","[0, 3, 8, 9, 12, 20, 21, 27, 37, 49]",[],"[0, 3, 8, 9, 37]",complete,
bm1,binary,1000,50,1.0,1,2062861864,m_low,m,10,0.95,2.0,2.0,0.25,0.2,0.22222222222222224,1.0,4.0,0.0,0.0,0.0,1.0,0.0,0.0,0.0,0.0,1.0,1.0,0.25,0.4,0.3076923076923077,1.0,8.0,0.0,0.0,0.0,1.0,0.0,0.0,0.0,0.0,1.0,2.0,"[0, 1, 25, 26, 27]","[18, 24, 26, 32]",[],[18],"[0, 18, 19, 26, 29, 32, 41, 48]",[],"[19, 32]",complete,
bm1,binary,1000,50,1.0,1,2062861864,m_high,m,50,0.95,2.0,2.0,0.2,0.2,0.20000000000000004,1.0,5.0,0.0,0.0,0.0,1.0,0.0,0.0,0.0,0.0,1.0,1.0,0.1111111111111111,0.2,0.14285714285714285,1.0,9.0,0.0,0.0,0.0,1.0,0.0,0.0,0.0,0.0,1.0,2.0,"[0, 1, 25, 26, 27]","[17, 26, 28, 38, 47]",[],[38],"[11, 16, 17, 24, 26, 29, 38, 45, 47]",[],"[11, 47]",complete,
bm1,binary,1000,50,1.0,1,2062861864,beta_low,beta,20,0.95,1.0,2.0,0.16666666666666666,0.2,0.1818181818181818,1.0,6.0,0.0,0.0,0.0,1.0,0.0,0.0,0.0,0.0,1.0,0.0,0.2,0.2,0.20000000000000004,1.0,5.0,0.0,0.0,0.0,1.0,0.0,0.0,0.0,0.0,1.0,0.0,"[0, 1, 25, 26, 27]","[1, 2, 18, 30, 38, 47]",[],[],"[1, 9, 12, 23, 30]",[],[],complete,
bm1,binary,1000,50,1.0,1,2062861864,beta_high,beta,20,0.95,3.0,2.0,0.25,0.2,0.22222222222222224,1.0,4.0,0.0,0.0,0.0,1.0,0.0,1.0,0.2,0.33333333333333337,1.0,1.0,0.5,0.4,0.4444444444444445,1.0,4.0,0.0,0.0,0.0,1.0,0.0,0.0,0.0,0.0,1.0,0.0,"[0, 1, 25, 26, 27]","[18, 21, 25, 46]",[],[25],"[0, 17, 20, 25]",[],[],complete,
bm1,binary,1000,50,1.0,1,2062861864,k_low,k,20,0.95,2.0,1.0,0.5,0.4,0.4444444444444445,1.0,4.0,0.0,0.0,0.0,1.0,0.0,0.3333333333333333,0.2,0.25,1.0,3.0,0.2,0.2,0.20000000000000004,1.0,5.0,0.0,0.0,0.0,1.0,0.0,1.0,0.2,0.33333333333333337,1.0,1.0,"[0, 1, 25, 26, 27]","[0, 8, 16, 25]",[],"[0, 8, 16]","[2, 8, 16, 25, 34]",[],[25],complete,
bm1,binary,1000,50,1.0,1,2062861864,k_high,k,20,0.95,2.0,3.0,0.2857142857142857,0.4,0.3333333333333333,1.0,7.0,0.0,0.0,0.0,1.0,0.0,0.0,0.0,0.0,1.0,3.0,0.0,0.0,0.0,1.0,5.0,0.0,0.0,0.0,1.0,0.0,0.0,0.0,0.0,1.0,2.0,"[0, 1, 25, 26, 27]","[0, 1, 14, 17, 24, 28, 44]",[],"[14, 28, 44]","[3, 9, 23, 28, 44]",[],"[3, 44]",complete,
bm1,binary,1000,50,1.0,2,569995273,reference,reference,20,0.95,2.0,2.0,0.4,0.4,0.4000000000000001,1.0,5.0,0.0,0.0,0.0,1.0,0.0,0.0,0.0,0.0,1.0,2.0,0.25,0.2,0.22222222222222224,1.0,4.0,0.0,0.0,0.0,1.0,0.0,0.0,0.0,0.0,1.0,0.0,"[0, 1, 25, 26, 27]","[1, 13, 25, 30, 44]",[],"[13, 30]","[13, 23, 26, 48]",[],[],complete,
bm1,binary,1000,50,1.0,2,569995273,m_low,m,10,0.95,2.0,2.0,0.0,0.0,0.0,1.0,5.0,0.0,0.0,0.0,1.0,0.0,0.0,0.0,0.0,1.0,2.0,0.0,0.0,0.0,1.0,6.0,0.0,0.0,0.0,1.0,0.0,0.0,0.0,0.0,1.0,2.0,"[0, 1, 25, 26, 27]","[10, 17, 20, 32, 47]",[],"[10, 20]","[5, 10, 20, 34, 40, 47]",[],"[10, 20]",complete,
bm1,binary,1000,50,1.0,2,569995273,m_high,m,50,0.95,2.0,2.0,0.25,0.2,0.22222222222222224,1.0,4.0,0.0,0.0,0.0,1.0,0.0,0.0,0.0,0.0,1.0,0.0,0.0,0.0,0.0,1.0,3.0,0.0,0.0,0.0,1.0,0.0,0.0,0.0,0.0,1.0,2.0,"[0, 1, 25, 26, 27]","[4, 7, 26, 44]",[],[],"[7, 34, 48]",[],"[7, 48]",complete,
bm1,binary,1000,50,1.0,2,569995273,beta_low,beta,20,0.95,1.0,2.0,0.0,0.0,0.0,1.0,5.0,0.0,0.0,0.0,1.0,0.0,0.0,0.0,0.0,1.0,1.0,0.5,0.4,0.4444444444444445,1.0,4.0,0.0,0.0,0.0,1.0,0.0,0.0,0.0,0.0,1.0,0.0,"[0, 1, 25, 26, 27]","[7, 19, 21, 42, 44]",[],[7],"[1, 3, 19, 27]",[],[],complete,
bm1,binary,1000,50,1.0,2,569995273,beta_high,beta,20,0.95,3.0,2.0,0.2,0.2,0.20000000000000004,1.0,5.0,0.0,0.0,0.0,1.0,0.0,0.3333333333333333,0.2,0.25,1.0,3.0,0.14285714285714285,0.2,0.16666666666666666,1.0,7.0,0.0,0.0,0.0,1.0,0.0,0.5,0.2,0.28571428571428575,1.0,2.0,"[0, 1, 25, 26, 27]","[11, 19, 24, 25, 42]",[],"[11, 25, 42]","[3, 24, 25, 30, 37, 42, 44]",[],"[25, 42]",complete,
bm1,binary,1000,50,1.0,2,569995273,k_low,k,20,0.95,2.0,1.0,0.0,0.0,0.0,1.0,9.0,0.0,0.0,0.0,1.0,0.0,0.0,0.0,0.0,1.0,3.0,0.16666666666666666,0.2,0.1818181818181818,1.0,6.0,0.0,0.0,0.0,1.0,0.0,0.3333333333333333,0.2,0.25,1.0,3.0,"[0, 1, 25, 26, 27]","[2, 6, 16, 18, 19, 23, 32, 33, 48]",[],"[2, 6, 19]","[2, 4, 6, 23, 25, 48]",[],"[2, 25, 48]",complete,
bm1,binary,1000,50,1.0,2,569995273,k_high,k,20,0.95,2.0,3.0,0.0,0.0,0.0,1.0,7.0,0.0,0.0,0.0,1.0,0.0,0.0,0.0,0.0,1.0,1.0,0.25,0.4,0.3076923076923077,1.0,8.0,0.0,0.0,0.0,1.0,0.0,0.0,0.0,0.0,1.0,1.0,"[0, 1, 25, 26, 27]","[5, 6, 8, 11, 24, 32, 33]",[],[6],"[0, 9, 10, 20, 24, 27, 32, 33]",[],[10],complete,
bm1,binary,1000,50,1.0,3,329472203,reference,reference,20,0.95,2.0,2.0,0.0,0.0,0.0,1.0,10.0,0.0,0.0,0.0,1.0,0.0,0.0,0.0,0.0,1.0,3.0,0.2,0.2,0.20000000000000004,1.0,5.0,0.0,0.0,0.0,1.0,0.0,0.0,0.0,0.0,1.0,1.0,"[0, 1, 25, 26, 27]","[12, 14, 20, 22, 30, 35, 40, 41, 44, 46]",[],"[12, 30, 41]","[10, 19, 23, 25, 41]",[],[41],complete,
bm1,binary,1000,50,1.0,3,329472203,m_low,m,10,0.95,2.0,2.0,0.16666666666666666,0.2,0.1818181818181818,1.0,6.0,0.0,0.0,0.0,1.0,0.0,1.0,0.2,0.33333333333333337,1.0,1.0,0.5,0.6,0.5454545454545454,1.0,6.0,0.0,0.0,0.0,1.0,0.0,0.3333333333333333,0.2,0.25,1.0,3.0,"[0, 1, 25, 26, 27]","[14, 15, 18, 20, 25, 42]",[],[25],"[1, 18, 25, 26, 43, 46]",[],"[18, 25, 43]",complete,
bm1,binary,1000,50,1.0,3,329472203,m_high,m,50,0.95,2.0,2.0,0.0,0.0,0.0,1.0,2.0,0.0,0.0,0.0,1.0,0.0,0.0,0.0,0.0,1.0,0.0,0.16666666666666666,0.2,0.1818181818181818,1.0,6.0,0.0,0.0,0.0,1.0,0.0,0.0,0.0,0.0,1.0,1.0,"[0, 1, 25, 26, 27]","[16, 28]",[],[],"[2, 26, 30, 34, 42, 45]",[],[45],complete,
bm1,binary,1000,50,1.0,3,329472203,beta_low,beta,20,0.95,1.0,2.0,0.16666666666666666,0.2,0.1818181818181818,1.0,6.0,0.0,0.0,0.0,1.0,0.0,0.0,0.0,0.0,1.0,1.0,0.125,0.2,0.15384615384615385,1.0,8.0,0.0,0.0,0.0,1.0,1.0,0.0,0.0,0.0,1.0,4.0,"[0, 1, 25, 26, 27]","[18, 24, 27, 33, 40, 45]",[],[18],"[0, 6, 17, 18, 24, 34, 35, 45]",[17],"[17, 18, 35, 45]",complete,
bm1,binary,1000,50,1.0,3,329472203,beta_high,beta,20,0.95,3.0,2.0,0.0,0.0,0.0,1.0,9.0,0.0,0.0,0.0,1.0,0.0,0.0,0.0,0.0,1.0,3.0,0.0,0.0,0.0,1.0,4.0,0.0,0.0,0.0,1.0,0.0,0.0,0.0,0.0,1.0,2.0,"[0, 1, 25, 26, 27]","[5, 13, 15, 23, 30, 36, 39, 42, 49]",[],"[5, 15, 30]","[5, 23, 30, 36]",[],"[5, 30]",complete,
bm1,binary,1000,50,1.0,3,329472203,k_low,k,20,0.95,2.0,1.0,0.2,0.2,0.20000000000000004,1.0,5.0,0.0,0.0,0.0,1.0,0.0,0.5,0.2,0.28571428571428575,1.0,2.0,0.125,0.2,0.15384615384615385,1.0,8.0,0.0,0.0,0.0,1.0,0.0,0.25,0.2,0.22222222222222224,1.0,4.0,"[0, 1, 25, 26, 27]","[11, 15, 22, 25, 43]",[],"[11, 25]","[10, 11, 16, 17, 25, 28, 31, 48]",[],"[11, 25, 31, 48]",complete,
bm1,binary,1000,50,1.0,3,329472203,k_high,k,20,0.95,2.0,3.0,0.1111111111111111,0.2,0.14285714285714285,1.0,9.0,0.0,0.0,0.0,1.0,0.0,0.0,0.0,0.0,1.0,2.0,0.14285714285714285,0.2,0.16666666666666666,1.0,7.0,0.0,0.0,0.0,1.0,0.0,0.5,0.2,0.28571428571428575,1.0,2.0,"[0, 1, 25, 26, 27]","[1, 7, 10, 12, 16, 21, 33, 43, 46]",[],"[16, 43]","[1, 16, 18, 21, 39, 43, 47]",[],"[1, 43]",complete,
bm1,binary,1000,50,1.0,4,238533767,reference,reference,20,0.95,2.0,2.0,0.14285714285714285,0.2,0.16666666666666666,1.0,7.0,0.0,0.0,0.0,1.0,0.0,0.25,0.2,0.22222222222222224,1.0,4.0,0.3333333333333333,0.4,0.3636363636363636,1.0,6.0,0.0,0.0,0.0,1.0,0.0,0.25,0.2,0.22222222222222224,1.0,4.0,"[0, 1, 25, 26, 27]","[4, 17, 18, 25, 28, 32, 46]",[],"[18, 25, 28, 32]","[7, 12, 25, 26, 28, 46]",[],"[7, 12, 25, 46]",complete,
bm1,binary,1000,50,1.0,4,238533767,m_low,m,10,0.95,2.0,2.0,0.0,0.0,0.0,1.0,7.0,0.0,0.0,0.0,1.0,0.0,0.0,0.0,0.0,1.0,1.0,0.0,0.0,0.0,1.0,6.0,0.0,0.0,0.0,1.0,0.0,0.0,0.0,0.0,1.0,1.0,"[0, 1, 25, 26, 27]","[2, 5, 9, 13, 17, 24, 37]",[],[9],"[9, 10, 17, 29, 37, 46]",[],[9],complete,
bm1,binary,1000,50,1.0,4,238533767,m_high,m,50,0.95,2.0,2.0,0.0,0.0,0.0,1.0,7.0,0.0,0.0,0.0,1.0,0.0,0.0,0.0,0.0,1.0,2.0,0.4,0.4,0.4000000000000001,1.0,5.0,0.0,0.0,0.0,1.0,0.0,0.5,0.2,0.28571428571428575,1.0,2.0,"[0, 1, 25, 26, 27]","[4, 11, 13, 14, 32, 36, 40]",[],"[13, 14]","[0, 23, 26, 30, 46]",[],"[26, 46]",complete,
bm1,binary,1000,50,1.0,4,238533767,beta_low,beta,20,0.95,1.0,2.0,0.0,0.0,0.0,1.0,6.0,0.0,0.0,0.0,1.0,0.0,0.0,0.0,0.0,1.0,2.0,0.25,0.2,0.22222222222222224,1.0,4.0,0.0,0.0,0.0,1.0,0.0,0.25,0.2,0.22222222222222224,1.0,4.0,"[0, 1, 25, 26, 27]","[5, 6, 17, 19, 20, 35]",[],"[20, 35]","[1, 23, 35, 37]",[],"[1, 23, 35, 37]",complete,
bm1,binary,1000,50,1.0,4,238533767,beta_high,beta,20,0.95,3.0,2.0,0.0,0.0,0.0,1.0,5.0,0.0,0.0,0.0,1.0,0.0,0.0,0.0,0.0,1.0,3.0,0.14285714285714285,0.2,0.16666666666666666,1.0,7.0,0.0,0.0,0.0,1.0,0.0,0.0,0.0,0.0,1.0,0.0,"[0, 1, 25, 26, 27]","[4, 19, 20, 34, 48]",[],"[4, 19, 48]","[1, 3, 6, 20, 35, 39, 46]",[],[],complete,
bm1,binary,1000,50,1.0,4,238533767,k_low,k,20,0.95,2.0,1.0,0.0,0.0,0.0,1.0,5.0,0.0,0.0,0.0,1.0,0.0,0.0,0.0,0.0,1.0,3.0,0.5,0.4,0.4444444444444445,1.0,4.0,0.0,0.0,0.0,1.0,0.0,0.0,0.0,0.0,1.0,1.0,"[0, 1, 25, 26, 27]","[10, 20, 21, 30, 39]",[],"[10, 20, 21]","[0, 1, 44, 46]",[],[46],complete,
bm1,binary,1000,50,1.0,4,238533767,k_high,k,20,0.95,2.0,3.0,0.0,0.0,0.0,1.0,8.0,0.0,0.0,0.0,1.0,1.0,0.0,0.0,0.0,1.0,2.0,0.42857142857142855,0.6,0.5,1.0,7.0,0.0,0.0,0.0,1.0,0.0,0.25,0.2,0.22222222222222224,1.0,4.0,"[0, 1, 25, 26, 27]","[5, 6, 7, 13, 14, 31, 40, 41]",[5],"[5, 13]","[0, 1, 5, 7, 26, 31, 34]",[],"[5, 7, 26, 34]",complete,
bm1,binary,1000,50,1.0,5,4084929724,reference,reference,20,0.95,2.0,2.0,0.0,0.0,0.0,1.0,6.0,0.0,0.0,0.0,1.0,0.0,0.0,0.0,0.0,1.0,3.0,0.16666666666666666,0.2,0.1818181818181818,1.0,6.0,0.0,0.0,0.0,1.0,1.0,0.0,0.0,0.0,1.0,1.0,"[0, 1, 25, 26, 27]","[2, 15, 22, 29, 32, 45]",[],"[2, 22, 29]","[1, 9, 12, 19, 29, 43]",[29],[29],complete,
bm1,binary,1000,50,1.0,5,4084929724,m_low,m,10,0.95,2.0,2.0,0.2,0.2,0.20000000000000004,1.0,5.0,0.0,0.0,0.0,1.0,0.0,0.0,0.0,0.0,1.0,0.0,0.2,0.2,0.20000000000000004,1.0,5.0,0.0,0.0,0.0,1.0,0.0,1.0,0.2,0.33333333333333337,1.0,1.0,"[0, 1, 25, 26, 27]","[2, 7, 22, 25, 41]",[],[],"[2, 9, 25, 41, 48]",[],[25],complete,
bm1,binary,1000,50,1.0,5,4084929724,m_high,m,50,0.95,2.0,2.0,0.0,0.0,0.0,1.0,5.0,0.0,0.0,0.0,1.0,0.0,0.0,0.0,0.0,1.0,3.0,0.2222222222222222,0.4,0.2857142857142857,1.0,9.0,0.0,0.0,0.0,1.0,0.0,1.0,0.2,0.33333333333333337,1.0,1.0,"[0, 1, 25, 26, 27]","[13, 24, 31, 33, 48]",[],"[13, 31, 33]","[0, 11, 13, 19, 24, 25, 29, 40, 48]",[],[25],complete,
bm1,binary,1000,50,1.0,5,4084929724,beta_low,beta,20,0.95,1.0,2.0,0.0,0.0,0.0,1.0,7.0,0.0,0.0,0.0,1.0,0.0,0.0,0.0,0.0,1.0,1.0,0.0,0.0,0.0,1.0,5.0,0.0,0.0,0.0,1.0,0.0,0.0,0.0,0.0,1.0,1.0,"[0, 1, 25, 26, 27]","[2, 3, 15, 22, 29, 44, 46]",[],[3],"[3, 23, 24, 29, 46]",[],[23],complete,
bm1,binary,1000,50,1.0,5,4084929724,beta_high,beta,20,0.95,3.0,2.0,0.14285714285714285,0.2,0.16666666666666666,1.0,7.0,0.0,0.0,0.0,1.0,0.0,0.0,0.0,0.0,1.0,0.0,0.14285714285714285,0.2,0.16666666666666666,1.0,7.0,0.0,0.0,0.0,1.0,0.0,0.0,0.0,0.0,1.0,2.0,"[0, 1, 25, 26, 27]","[9, 11, 16, 23, 25, 33, 43]",[],[],"[1, 3, 4, 9, 11, 16, 23]",[],"[9, 23]",complete,
bm1,binary,1000,50,1.0,5,4084929724,k_low,k,20,0.95,2.0,1.0,0.0,0.0,0.0,1.0,6.0,0.0,0.0,0.0,1.0,0.0,0.0,0.0,0.0,1.0,3.0,0.16666666666666666,0.2,0.1818181818181818,1.0,6.0,0.0,0.0,0.0,1.0,0.0,0.0,0.0,0.0,1.0,2.0,"[0, 1, 25, 26, 27]","[2, 9, 14, 22, 28, 38]",[],"[2, 9, 22]","[9, 14, 19, 26, 46, 48]",[],"[9, 14]",complete,
bm1,binary,1000,50,1.0,5,4084929724,k_high,k,20,0.95,2.0,3.0,0.0,0.0,0.0,1.0,5.0,0.0,0.0,0.0,1.0,0.0,0.0,0.0,0.0,1.0,0.0,0.0,0.0,0.0,1.0,3.0,0.0,0.0,0.0,1.0,0.0,0.0,0.0,0.0,1.0,0.0,"[0, 1, 25, 26, 27]","[7, 12, 13, 17, 49]",[],[],"[20, 29, 48]",[],[],complete,
bm1,binary,1000,50,1.0,6,188286950,reference,reference,20,0.95,2.0,2.0,0.16666666666666666,0.2,0.1818181818181818,1.0,6.0,0.0,0.0,0.0,1.0,0.0,0.0,0.0,0.0,1.0,1.0,0.5,0.4,0.4444444444444445,1.0,4.0,0.0,0.0,0.0,1.0,0.0,0.5,0.2,0.28571428571428575,1.0,2.0,"[0, 1, 25, 26, 27]","[5, 6, 19, 27, 31, 41]",[],[5],"[1, 7, 25, 28]",[],"[1, 7]",complete,
bm1,binary,1000,50,1.0,6,188286950,m_low,m,10,0.95,2.0,2.0,0.0,0.0,0.0,1.0,6.0,0.0,0.0,0.0,1.0,0.0,0.0,0.0,0.0,1.0,2.0,0.16666666666666666,0.2,0.1818181818181818,1.0,6.0,0.0,0.0,0.0,1.0,0.0,0.3333333333333333,0.2,0.25,1.0,3.0,"[0, 1, 25, 26, 27]","[6, 15, 31, 37, 43, 44]",[],"[43, 44]","[7, 23, 26, 35, 37, 43]",[],"[7, 26, 37]",complete,
bm1,binary,1000,50,1.0,6,188286950,m_high,m,50,0.95,2.0,2.0,0.0,0.0,0.0,1.0,5.0,0.0,0.0,0.0,1.0,0.0,0.0,0.0,0.0,1.0,0.0,0.0,0.0,0.0,1.0,6.0,0.0,0.0,0.0,1.0,0.0,0.0,0.0,0.0,1.0,2.0,"[0, 1, 25, 26, 27]","[17, 19, 38, 41, 49]",[],[],"[3, 5, 18, 29, 38, 49]",[],"[3, 49]",complete,
bm1,binary,1000,50,1.0,6,188286950,beta_low,beta,20,0.95,1.0,2.0,0.3333333333333333,0.2,0.25,1.0,3.0,0.0,0.0,0.0,1.0,0.0,1.0,0.2,0.33333333333333337,1.0,1.0,0.3333333333333333,0.4,0.3636363636363636,1.0,6.0,0.0,0.0,0.0,1.0,1.0,0.3333333333333333,0.2,0.25,1.0,3.0,"[0, 1, 25, 26, 27]","[0, 31, 32]",[],[0],"[0, 11, 21, 26, 32, 35]",[21],"[0, 21, 32]",complete,
bm1,binary,1000,50,1.0,6,188286950,beta_high,beta,20,0.95,3.0,2.0,0.16666666666666666,0.2,0.1818181818181818,1.0,6.0,0.0,0.0,0.0,1.0,0.0,0.0,0.0,0.0,1.0,1.0,0.3333333333333333,0.2,0.25,1.0,3.0,0.0,0.0,0.0,1.0,0.0,1.0,0.2,0.33333333333333337,1.0,1.0,"[0, 1, 25, 26, 27]","[3, 6, 14, 16, 17, 27]",[],[17],"[17, 23, 26]",[],[26],complete,
bm1,binary,1000,50,1.0,6,188286950,k_low,k,20,0.95,2.0,1.0,0.14285714285714285,0.2,0.16666666666666666,1.0,7.0,0.0,0.0,0.0,1.0,0.0,0.0,0.0,0.0,1.0,1.0,0.16666666666666666,0.2,0.1818181818181818,1.0,6.0,0.0,0.0,0.0,1.0,0.0,0.0,0.0,0.0,1.0,1.0,"[0, 1, 25, 26, 27]","[2, 4, 8, 17, 23, 24, 27]",[],[24],"[0, 4, 17, 19, 24, 44]",[],[24],complete,
bm1,binary,1000,50,1.0,6,188286950,k_high,k,20,0.95,2.0,3.0,0.0,0.0,0.0,1.0,5.0,0.0,0.0,0.0,1.0,0.0,0.0,0.0,0.0,1.0,2.0,0.14285714285714285,0.2,0.16666666666666666,1.0,7.0,0.0,0.0,0.0,1.0,0.0,0.25,0.2,0.22222222222222224,1.0,4.0,"[0, 1, 25, 26, 27]","[2, 4, 13, 40, 44]",[],"[2, 40]","[2, 7, 10, 13, 19, 26, 40]",[],"[2, 13, 26, 40]",complete,
bm1,binary,1000,50,1.0,7,989872395,reference,reference,20,0.95,2.0,2.0,0.0,0.0,0.0,1.0,7.0,0.0,0.0,0.0,1.0,0.0,0.0,0.0,0.0,1.0,2.0,0.125,0.2,0.15384615384615385,1.0,8.0,0.0,0.0,0.0,1.0,0.0,0.5,0.2,0.28571428571428575,1.0,2.0,"[0, 1, 25, 26, 27]","[8, 11, 19, 35, 41, 43, 47]",[],"[11, 35]","[6, 7, 8, 10, 11, 19, 25, 47]",[],"[8, 25]",complete,
bm1,binary,1000,50,1.0,7,989872395,m_low,m,10,0.95,2.0,2.0,0.0,0.0,0.0,1.0,4.0,0.0,0.0,0.0,1.0,0.0,0.0,0.0,0.0,1.0,0.0,0.0,0.0,0.0,1.0,6.0,0.0,0.0,0.0,1.0,0.0,0.0,0.0,0.0,1.0,1.0,"[0, 1, 25, 26, 27]","[5, 16, 17, 21]",[],[],"[5, 13, 17, 39, 44, 48]",[],[5],complete,
bm1,binary,1000,50,1.0,7,989872395,m_high,m,50,0.95,2.0,2.0,0.2857142857142857,0.4,0.3333333333333333,1.0,7.0,0.0,0.0,0.0,1.0,0.0,0.0,0.0,0.0,1.0,2.0,0.2222222222222222,0.4,0.2857142857142857,1.0,9.0,1.0,0.2,0.33333333333333337,1.0,1.0,0.4,0.4,0.4000000000000001,1.0,5.0,"[0, 1, 25, 26, 27]","[3, 7, 25, 26, 39, 41, 43]",[],"[39, 41]","[1, 7, 10, 24, 25, 38, 39, 43, 44]",[1],"[1, 24, 25, 38, 39]",complete,
bm1,binary,1000,50,1.0,7,989872395,beta_low,beta,20,0.95,1.0,2.0,0.0,0.0,0.0,1.0,6.0,0.0,0.0,0.0,1.0,0.0,0.0,0.0,0.0,1.0,0.0,0.42857142857142855,0.6,0.5,1.0,7.0,0.0,0.0,0.0,1.0,0.0,0.0,0.0,0.0,1.0,2.0,"[0, 1, 25, 26, 27]","[12, 19, 38, 46, 48, 49]",[],[],"[0, 1, 12, 25, 35, 38, 43]",[],"[38, 43]",complete,
bm1,binary,1000,50,1.0,7,989872395,beta_high,beta,20,0.95,3.0,2.0,0.14285714285714285,0.2,0.16666666666666666,1.0,7.0,0.0,0.0,0.0,1.0,1.0,0.25,0.2,0.22222222222222224,1.0,4.0,0.14285714285714285,0.2,0.16666666666666666,1.0,7.0,1.0,0.2,0.33333333333333337,1.0,1.0,0.25,0.2,0.22222222222222224,1.0,4.0,"[0, 1, 25, 26, 27]","[11, 16, 19, 22, 25, 33, 45]",[16],"[16, 19, 22, 25]","[10, 12, 18, 19, 25, 33, 45]",[25],"[10, 19, 25, 45]",complete,
bm1,binary,1000,50,1.0,7,989872395,k_low,k,20,0.95,2.0,1.0,0.2,0.2,0.20000000000000004,1.0,5.0,0.0,0.0,0.0,1.0,0.0,0.0,0.0,0.0,1.0,2.0,0.1111111111111111,0.2,0.14285714285714285,1.0,9.0,0.0,0.0,0.0,1.0,0.0,0.0,0.0,0.0,1.0,2.0,"[0, 1, 25, 26, 27]","[9, 18, 26, 35, 44]",[],"[9, 35]","[8, 9, 17, 18, 20, 22, 25, 35, 39]",[],"[35, 39]",complete,
bm1,binary,1000,50,1.0,7,989872395,k_high,k,20,0.95,2.0,3.0,0.0,0.0,0.0,1.0,3.0,0.0,0.0,0.0,1.0,0.0,0.0,0.0,0.0,1.0,2.0,0.3333333333333333,0.4,0.3636363636363636,1.0,6.0,0.0,0.0,0.0,1.0,0.0,0.3333333333333333,0.2,0.25,1.0,3.0,"[0, 1, 25, 26, 27]","[15, 23, 32]",[],"[23, 32]","[1, 6, 24, 25, 43, 48]",[],"[1, 24, 43]",complete,
bm1,binary,1000,50,1.0,8,3427223939,reference,reference,20,0.95,2.0,2.0,0.2,0.2,0.20000000000000004,1.0,5.0,0.0,0.0,0.0,1.0,0.0,0.5,0.2,0.28571428571428575,1.0,2.0,0.2222222222222222,0.4,0.2857142857142857,1.0,9.0,0.0,0.0,0.0,1.0,0.0,0.0,0.0,0.0,1.0,1.0,"[0, 1, 25, 26, 27]","[1, 14, 30, 34, 40]",[],"[1, 34]","[1, 10, 13, 15, 22, 27, 33, 40, 47]",[],[10],complete,
bm1,binary,1000,50,1.0,8,3427223939,m_low,m,10,0.95,2.0,2.0,0.25,0.2,0.22222222222222224,1.0,4.0,0.0,0.0,0.0,1.0,0.0,1.0,0.2,0.33333333333333337,1.0,1.0,0.75,0.6,0.6666666666666665,1.0,4.0,0.0,0.0,0.0,1.0,0.0,0.0,0.0,0.0,1.0,0.0,"[0, 1, 25, 26, 27]","[18, 27, 38, 43]",[],[27],"[0, 26, 27, 47]",[],[],complete,
bm1,binary,1000,50,1.0,8,3427223939,m_high,m,50,0.95,2.0,2.0,0.2222222222222222,0.4,0.2857142857142857,1.0,9.0,0.0,0.0,0.0,1.0,0.0,0.0,0.0,0.0,1.0,2.0,0.25,0.2,0.22222222222222224,1.0,4.0,0.0,0.0,0.0,1.0,0.0,0.0,0.0,0.0,1.0,2.0,"[0, 1, 25, 26, 27]","[5, 13, 16, 25, 26, 29, 32, 36, 44]",[],"[5, 44]","[18, 25, 32, 36]",[],"[18, 36]",complete,
bm1,binary,1000,50,1.0,8,3427223939,beta_low,beta,20,0.95,1.0,2.0,0.0,0.0,0.0,1.0,7.0,0.0,0.0,0.0,1.0,0.0,0.0,0.0,0.0,1.0,3.0,0.1111111111111111,0.2,0.14285714285714285,1.0,9.0,0.0,0.0,0.0,1.0,0.0,0.0,0.0,0.0,1.0,2.0,"[0, 1, 25, 26, 27]","[3, 5, 6, 18, 19, 29, 36]",[],"[3, 6, 18]","[1, 3, 5, 15, 21, 29, 30, 36, 41]",[],"[3, 29]",complete,
bm1,binary,1000,50,1.0,8,3427223939,beta_high,beta,20,0.95,3.0,2.0,0.42857142857142855,0.6,0.5,1.0,7.0,0.0,0.0,0.0,1.0,0.0,0.5,0.2,0.28571428571428575,1.0,2.0,0.2857142857142857,0.4,0.3333333333333333,1.0,7.0,0.0,0.0,0.0,1.0,0.0,0.0,0.0,0.0,1.0,3.0,"[0, 1, 25, 26, 27]","[17, 25, 26, 27, 30, 32, 39]",[],"[27, 39]","[3, 17, 19, 26, 27, 30, 45]",[],"[3, 19, 30]",complete,
bm1,binary,1000,50,1.0,8,3427223939,k_low,k,20,0.95,2.0,1.0,0.0,0.0,0.0,1.0,4.0,0.0,0.0,0.0,1.0,0.0,0.0,0.0,0.0,1.0,1.0,0.0,0.0,0.0,1.0,3.0,0.0,0.0,0.0,1.0,0.0,0.0,0.0,0.0,1.0,0.0,"[0, 1, 25, 26, 27]","[2, 15, 33, 35]",[],[33],"[2, 41, 49]",[],[],complete,
bm1,binary,1000,50,1.0,8,3427223939,k_high,k,20,0.95,2.0,3.0,0.16666666666666666,0.2,0.1818181818181818,1.0,6.0,0.0,0.0,0.0,1.0,0.0,0.0,0.0,0.0,1.0,1.0,0.16666666666666666,0.2,0.1818181818181818,1.0,6.0,0.0,0.0,0.0,1.0,0.0,0.0,0.0,0.0,1.0,1.0,"[0, 1, 25, 26, 27]","[12, 13, 18, 22, 24, 25]",[],[13],"[0, 13, 18, 22, 33, 35]",[],[35],complete,
bm1,binary,1000,50,1.0,9,3933031472,reference,reference,20,0.95,2.0,2.0,0.125,0.2,0.15384615384615385,1.0,8.0,0.0,0.0,0.0,1.0,0.0,0.0,0.0,0.0,1.0,0.0,0.5,0.4,0.4444444444444445,1.0,4.0,0.0,0.0,0.0,1.0,0.0,0.0,0.0,0.0,1.0,0.0,"[0, 1, 25, 26, 27]","[12, 17, 18, 19, 26, 39, 43, 44]",[],[],"[16, 19, 25, 26]",[],[],complete,
bm1,binary,1000,50,1.0,9,3933031472,m_low,m,10,0.95,2.0,2.0,0.16666666666666666,0.2,0.1818181818181818,1.0,6.0,0.0,0.0,0.0,1.0,0.0,0.0,0.0,0.0,1.0,2.0,0.3333333333333333,0.4,0.3636363636363636,1.0,6.0,1.0,0.2,0.33333333333333337,1.0,1.0,0.6666666666666666,0.4,0.5,1.0,3.0,"[0, 1, 25, 26, 27]","[12, 15, 24, 26, 30, 32]",[],"[12, 15]","[12, 15, 22, 25, 26, 31]",[25],"[12, 25, 26]",complete,
bm1,binary,1000,50,1.0,9,3933031472,m_high,m,50,0.95,2.0,2.0,0.3333333333333333,0.4,0.3636363636363636,1.0,6.0,0.0,0.0,0.0,1.0,0.0,1.0,0.4,0.5714285714285715,1.0,2.0,0.42857142857142855,0.6,0.5,1.0,7.0,0.0,0.0,0.0,1.0,0.0,0.0,0.0,0.0,1.0,0.0,"[0, 1, 25, 26, 27]","[1, 9, 10, 25, 29, 37]",[],"[1, 25]","[1, 12, 13, 25, 26, 42, 45]",[],[],complete,
bm1,binary,1000,50,1.0,9,3933031472,beta_low,beta,20,0.95,1.0,2.0,0.0,0.0,0.0,1.0,5.0,0.0,0.0,0.0,1.0,0.0,0.0,0.0,0.0,1.0,2.0,0.14285714285714285,0.2,0.16666666666666666,1.0,7.0,0.0,0.0,0.0,1.0,0.0,0.0,0.0,0.0,1.0,3.0,"[0, 1, 25, 26, 27]","[3, 12, 13, 30, 33]",[],"[13, 33]","[0, 6, 9, 13, 33, 39, 43]",[],"[13, 33, 43]",complete,
bm1,binary,1000,50,1.0,9,3933031472,beta_high,beta,20,0.95,3.0,2.0,0.16666666666666666,0.2,0.1818181818181818,1.0,6.0,0.0,0.0,0.0,1.0,0.0,0.0,0.0,0.0,1.0,0.0,0.0,0.0,0.0,1.0,3.0,0.0,0.0,0.0,1.0,0.0,0.0,0.0,0.0,1.0,0.0,"[0, 1, 25, 26, 27]","[12, 23, 26, 37, 38, 49]",[],[],"[4, 12, 38]",[],[],complete,
bm1,binary,1000,50,1.0,9,3933031472,k_low,k,20,0.95,2.0,1.0,0.0,0.0,0.0,1.0,5.0,0.0,0.0,0.0,1.0,0.0,0.0,0.0,0.0,1.0,1.0,0.2,0.2,0.20000000000000004,1.0,5.0,0.0,0.0,0.0,1.0,0.0,0.0,0.0,0.0,1.0,1.0,"[0, 1, 25, 26, 27]","[17, 18, 20, 40, 43]",[],[20],"[1, 10, 14, 18, 20]",[],[20],complete,
bm1,binary,1000,50,1.0,9,3933031472,k_high,k,20,0.95,2.0,3.0,0.0,0.0,0.0,1.0,11.0,0.0,0.0,0.0,1.0,0.0,0.0,0.0,0.0,1.0,3.0,0.375,0.6,0.4615384615384615,1.0,8.0,0.0,0.0,0.0,1.0,0.0,0.3333333333333333,0.2,0.25,1.0,3.0,"[0, 1, 25, 26, 27]","[7, 10, 12, 18, 23, 31, 32, 34, 37, 42, 49]",[],"[10, 12, 34]","[1, 13, 19, 25, 26, 34, 37, 48]",[],"[13, 26, 34]",complete,
bm1,binary,1000,50,1.0,10,3652243153,reference,reference,20,0.95,2.0,2.0,0.2,0.2,0.20000000000000004,1.0,5.0,0.0,0.0,0.0,1.0,1.0,0.3333333333333333,0.2,0.25,1.0,3.0,0.6,0.6,0.6,1.0,5.0,0.0,0.0,0.0,1.0,0.0,0.6666666666666666,0.4,0.5,1.0,3.0,"[0, 1, 25, 26, 27]","[2, 12, 20, 22, 26]",[22],"[12, 22, 26]","[0, 2, 12, 26, 27]",[],"[0, 12, 26]",complete,
bm1,binary,1000,50,1.0,10,3652243153,m_low,m,10,0.95,2.0,2.0,0.0,0.0,0.0,1.0,8.0,0.0,0.0,0.0,1.0,0.0,0.0,0.0,0.0,1.0,1.0,0.0,0.0,0.0,1.0,6.0,0.0,0.0,0.0,1.0,0.0,0.0,0.0,0.0,1.0,2.0,"[0, 1, 25, 26, 27]","[3, 8, 13, 16, 18, 22, 43, 46]",[],[22],"[2, 3, 8, 13, 22, 43]",[],"[2, 8]",complete,
bm1,binary,1000,50,1.0,10,3652243153,m_high,m,50,0.95,2.0,2.0,0.0,0.0,0.0,1.0,6.0,0.0,0.0,0.0,1.0,0.0,0.0,0.0,0.0,1.0,0.0,0.5,0.6,0.5454545454545454,1.0,6.0,0.0,0.0,0.0,1.0,0.0,1.0,0.4,0.5714285714285715,1.0,2.0,"[0, 1, 25, 26, 27]","[3, 29, 32, 34, 44, 45]",[],[],"[0, 1, 3, 26, 29, 44]",[],"[1, 26]",complete,
bm1,binary,1000,50,1.0,10,3652243153,beta_low,beta,20,0.95,1.0,2.0,0.0,0.0,0.0,1.0,4.0,0.0,0.0,0.0,1.0,0.0,0.0,0.0,0.0,1.0,0.0,0.5,0.6,0.5454545454545454,1.0,6.0,0.0,0.0,0.0,1.0,0.0,0.5,0.2,0.28571428571428575,1.0,2.0,"[0, 1, 25, 26, 27]","[15, 22, 36, 46]",[],[],"[0, 1, 11, 26, 38, 43]",[],"[0, 43]",complete,
bm1,binary,1000,50,1.0,10,3652243153,beta_high,beta,20,0.95,3.0,2.0,0.2857142857142857,0.4,0.3333333333333333,1.0,7.0,0.0,0.0,0.0,1.0,0.0,0.0,0.0,0.0,1.0,1.0,0.42857142857142855,0.6,0.5,1.0,7.0,1.0,0.2,0.33333333333333337,1.0,1.0,0.6666666666666666,0.4,0.5,1.0,3.0,"[0, 1, 25, 26, 27]","[4, 7, 8, 9, 19, 25, 26]",[],[19],"[0, 3, 8, 25, 26, 42, 48]",[26],"[25, 26, 48]",complete,
bm1,binary,1000,50,1.0,10,3652243153,k_low,k,20,0.95,2.0,1.0,0.0,0.0,0.0,1.0,3.0,0.0,0.0,0.0,1.0,0.0,0.0,0.0,0.0,1.0,1.0,0.4,0.8,0.5333333333333333,1.0,10.0,1.0,0.2,0.33333333333333337,1.0,1.0,0.6666666666666666,0.4,0.5,1.0,3.0,"[0, 1, 25, 26, 27]","[12, 19, 35]",[],[19],"[0, 1, 4, 12, 19, 22, 23, 26, 27, 43]",[26],"[1, 12, 26]",complete,
bm1,binary,1000,50,1.0,10,3652243153,k_high,k,20,0.95,2.0,3.0,0.2,0.2,0.20000000000000004,1.0,5.0,0.0,0.0,0.0,1.0,0.0,0.0,0.0,0.0,1.0,0.0,0.25,0.2,0.22222222222222224,1.0,4.0,1.0,0.2,0.33333333333333337,1.0,1.0,0.5,0.2,0.28571428571428575,1.0,2.0,"[0, 1, 25, 26, 27]","[6, 21, 26, 31, 40]",[],[],"[9, 26, 41, 48]",[26],"[26, 48]",complete,
bm1,binary,1000,50,1.0,11,2493693881,reference,reference,20,0.95,2.0,2.0,0.0,0.0,0.0,1.0,8.0,0.0,0.0,0.0,1.0,0.0,0.0,0.0,0.0,1.0,2.0,0.2,0.2,0.20000000000000004,1.0,5.0,0.0,0.0,0.0,1.0,1.0,0.0,0.0,0.0,1.0,2.0,"[0, 1, 25, 26, 27]","[3, 9, 10, 20, 23, 35, 37, 46]",[],"[10, 37]","[3, 10, 23, 25, 37]",[3],"[3, 23]",complete,
bm1,binary,1000,50,1.0,11,2493693881,m_low,m,10,0.95,2.0,2.0,0.16666666666666666,0.2,0.1818181818181818,1.0,6.0,0.0,0.0,0.0,1.0,1.0,0.0,0.0,0.0,1.0,2.0,0.25,0.4,0.3076923076923077,1.0,8.0,0.0,0.0,0.0,1.0,0.0,0.6666666666666666,0.4,0.5,1.0,3.0,"[0, 1, 25, 26, 27]","[8, 9, 21, 22, 26, 49]",[21],"[21, 22]","[0, 9, 10, 21, 22, 26, 33, 49]",[],"[0, 22, 26]",complete,
bm1,binary,1000,50,1.0,11,2493693881,m_high,m,50,0.95,2.0,2.0,0.0,0.0,0.0,1.0,3.0,0.0,0.0,0.0,1.0,1.0,0.0,0.0,0.0,1.0,1.0,0.0,0.0,0.0,1.0,6.0,0.0,0.0,0.0,1.0,0.0,0.0,0.0,0.0,1.0,0.0,"[0, 1, 25, 26, 27]","[14, 24, 39]",[14],[14],"[12, 14, 17, 24, 29, 39]",[],[],complete,
bm1,binary,1000,50,1.0,11,2493693881,beta_low,beta,20,0.95,1.0,2.0,0.3333333333333333,0.4,0.3636363636363636,1.0,6.0,0.0,0.0,0.0,1.0,0.0,0.0,0.0,0.0,1.0,0.0,0.125,0.2,0.15384615384615385,1.0,8.0,0.0,0.0,0.0,1.0,0.0,0.0,0.0,0.0,1.0,3.0,"[0, 1, 25, 26, 27]","[0, 9, 13, 21, 25, 47]",[],[],"[0, 7, 9, 13, 17, 19, 21, 39]",[],"[9, 13, 21]",complete,
bm1,binary,1000,50,1.0,11,2493693881,beta_high,beta,20,0.95,3.0,2.0,0.2,0.2,0.20000000000000004,1.0,5.0,0.0,0.0,0.0,1.0,0.0,0.5,0.2,0.28571428571428575,1.0,2.0,0.0,0.0,0.0,1.0,3.0,0.0,0.0,0.0,1.0,1.0,0.0,0.0,0.0,1.0,2.0,"[0, 1, 25, 26, 27]","[10, 16, 26, 32, 37]",[],"[26, 32]","[24, 36, 37]",[37],"[24, 37]",complete,
bm1,binary,1000,50,1.0,11,2493693881,k_low,k,20,0.95,2.0,1.0,0.0,0.0,0.0,1.0,8.0,0.0,0.0,0.0,1.0,0.0,0.0,0.0,0.0,1.0,2.0,0.0,0.0,0.0,1.0,7.0,0.0,0.0,0.0,1.0,0.0,0.0,0.0,0.0,1.0,2.0,"[0, 1, 25, 26, 27]","[3, 12, 18, 28, 29, 33, 37, 44]",[],"[18, 44]","[8, 14, 18, 28, 29, 32, 33]",[],"[18, 29]",complete,
bm1,binary,1000,50,1.0,11,2493693881,k_high,k,20,0.95,2.0,3.0,0.0,0.0,0.0,1.0,6.0,0.0,0.0,0.0,1.0,0.0,0.0,0.0,0.0,1.0,3.0,0.16666666666666666,0.2,0.1818181818181818,1.0,6.0,0.0,0.0,0.0,1.0,0.0,0.0,0.0,0.0,1.0,3.0,"[0, 1, 25, 26, 27]","[6, 7, 12, 16, 39, 46]",[],"[7, 12, 46]","[1, 3, 7, 10, 39, 40]",[],"[7, 10, 40]",complete,
bm1,binary,1000,50,1.0,12,4123257349,reference,reference,20,0.95,2.0,2.0,0.0,0.0,0.0,1.0,3.0,0.0,0.0,0.0,1.0,0.0,0.0,0.0,0.0,1.0,0.0,0.42857142857142855,0.6,0.5,1.0,7.0,0.0,0.0,0.0,1.0,0.0,0.5,0.2,0.28571428571428575,1.0,2.0,"[0, 1, 25, 26, 27]","[8, 21, 49]",[],[],"[0, 1, 3, 11, 14, 25, 48]",[],"[3, 25]",complete,
bm1,binary,1000,50,1.0,12,4123257349,m_low,m,10,0.95,2.0,2.0,0.0,0.0,0.0,1.0,5.0,0.0,0.0,0.0,1.0,0.0,0.0,0.0,0.0,1.0,0.0,0.3333333333333333,0.2,0.25,1.0,3.0,0.0,0.0,0.0,1.0,0.0,0.0,0.0,0.0,1.0,1.0,"[0, 1, 25, 26, 27]","[17, 24, 41, 42, 44]",[],[],"[25, 41, 44]",[],[41],complete,
bm1,binary,1000,50,1.0,12,4123257349,m_high,m,50,0.95,2.0,2.0,0.0,0.0,0.0,1.0,6.0,0.0,0.0,0.0,1.0,0.0,0.0,0.0,0.0,1.0,4.0,0.42857142857142855,0.6,0.5,1.0,7.0,0.0,0.0,0.0,1.0,0.0,0.5,0.2,0.28571428571428575,1.0,2.0,"[0, 1, 25, 26, 27]","[8, 9, 12, 13, 20, 30]",[],"[8, 9, 12, 13]","[0, 1, 10, 12, 25, 35, 41]",[],"[1, 10]",complete,
bm1,binary,1000,50,1.0,12,4123257349,beta_low,beta,20,0.95,1.0,2.0,0.1111111111111111,0.2,0.14285714285714285,1.0,9.0,0.0,0.0,0.0,1.0,0.0,0.0,0.0,0.0,1.0,4.0,0.6,0.6,0.6,1.0,5.0,0.0,0.0,0.0,1.0,0.0,1.0,0.6,0.7499999999999999,1.0,3.0,"[0, 1, 25, 26, 27]","[2, 5, 12, 13, 21, 22, 25, 35, 48]",[],"[2, 5, 12, 48]","[0, 5, 25, 27, 35]",[],"[0, 25, 27]",complete,
bm1,binary,1000,50,1.0,12,4123257349,beta_high,beta,20,0.95,3.0,2.0,0.14285714285714285,0.2,0.16666666666666666,1.0,7.0,0.0,0.0,0.0,1.0,1.0,0.0,0.0,0.0,1.0,2.0,0.14285714285714285,0.2,0.16666666666666666,1.0,7.0,0.0,0.0,0.0,1.0,0.0,0.2,0.2,0.20000000000000004,1.0,5.0,"[0, 1, 25, 26, 27]","[2, 12, 16, 20, 22, 24, 27]",[20],"[12, 20]","[7, 11, 12, 20, 25, 41, 43]",[],"[7, 11, 12, 20, 25]",complete,
bm1,binary,1000,50,1.0,12,4123257349,k_low,k,20,0.95,2.0,1.0,0.0,0.0,0.0,1.0,3.0,0.0,0.0,0.0,1.0,0.0,0.0,0.0,0.0,1.0,1.0,0.25,0.2,0.22222222222222224,1.0,4.0,0.0,0.0,0.0,1.0,0.0,1.0,0.2,0.33333333333333337,1.0,1.0,"[0, 1, 25, 26, 27]","[20, 24, 32]",[],[24],"[19, 23, 24, 25]",[],[25],complete,
bm1,binary,1000,50,1.0,12,4123257349,k_high,k,20,0.95,2.0,3.0,0.14285714285714285,0.2,0.16666666666666666,1.0,7.0,0.0,0.0,0.0,1.0,0.0,0.0,0.0,0.0,1.0,1.0,0.2222222222222222,0.4,0.2857142857142857,1.0,9.0,0.0,0.0,0.0,1.0,0.0,0.2,0.2,0.20000000000000004,1.0,5.0,"[0, 1, 25, 26, 27]","[12, 16, 20, 22, 25, 35, 47]",[],[35],"[1, 14, 25, 32, 34, 35, 37, 41, 47]",[],"[25, 32, 37, 41, 47]",complete,
bm1,binary,1000,50,1.0,13,763842001,reference,reference,20,0.95,2.0,2.0,0.0,0.0,0.0,1.0,6.0,0.0,0.0,0.0,1.0,0.0,0.0,0.0,0.0,1.0,2.0,0.5,0.4,0.4444444444444445,1.0,4.0,0.0,0.0,0.0,1.0,0.0,0.0,0.0,0.0,1.0,1.0,"[0, 1, 25, 26, 27]","[6, 10, 15, 17, 47, 49]",[],"[15, 49]","[3, 26, 27, 28]",[],[3],complete,
bm1,binary,1000,50,1.0,13,763842001,m_low,m,10,0.95,2.0,2.0,0.125,0.2,0.15384615384615385,1.0,8.0,0.0,0.0,0.0,1.0,0.0,0.0,0.0,0.0,1.0,2.0,0.14285714285714285,0.2,0.16666666666666666,1.0,7.0,0.0,0.0,0.0,1.0,0.0,0.5,0.2,0.28571428571428575,1.0,2.0,"[0, 1, 25, 26, 27]","[11, 13, 21, 26, 39, 41, 47, 48]",[],"[13, 47]","[11, 13, 26, 30, 41, 45, 47]",[],"[13, 26]",complete,
bm1,binary,1000,50,1.0,13,763842001,m_high,m,50,0.95,2.0,2.0,0.0,0.0,0.0,1.0,7.0,0.0,0.0,0.0,1.0,1.0,0.0,0.0,0.0,1.0,1.0,0.2857142857142857,0.4,0.3333333333333333,1.0,7.0,0.0,0.0,0.0,1.0,0.0,0.5,0.4,0.4444444444444445,1.0,4.0,"[0, 1, 25, 26, 27]","[9, 10, 21, 22, 33, 36, 40]",[36],[22],"[0, 3, 17, 22, 25, 36, 46]",[],"[0, 22, 25, 46]",complete,
bm1,binary,1000,50,1.0,13,763842001,beta_low,beta,20,0.95,1.0,2.0,0.14285714285714285,0.2,0.16666666666666666,1.0,7.0,0.0,0.0,0.0,1.0,0.0,0.5,0.2,0.28571428571428575,1.0,2.0,0.2,0.2,0.20000000000000004,1.0,5.0,0.0,0.0,0.0,1.0,1.0,0.3333333333333333,0.2,0.25,1.0,3.0,"[0, 1, 25, 26, 27]","[5, 9, 13, 15, 22, 27, 32]",[],"[13, 27]","[3, 13, 16, 24, 27]",[3],"[3, 13, 27]",complete,
bm1,binary,1000,50,1.0,13,763842001,beta_high,beta,20,0.95,3.0,2.0,0.0,0.0,0.0,1.0,6.0,0.0,0.0,0.0,1.0,0.0,0.0,0.0,0.0,1.0,3.0,0.0,0.0,0.0,1.0,9.0,0.0,0.0,0.0,1.0,0.0,0.0,0.0,0.0,1.0,3.0,"[0, 1, 25, 26, 27]","[5, 15, 21, 23, 35, 37]",[],"[5, 21, 35]","[3, 5, 21, 24, 28, 34, 35, 37, 46]",[],"[21, 24, 46]",complete,
bm1,binary,1000,50,1.0,13,763842001,k_low,k,20,0.95,2.0,1.0,0.0,0.0,0.0,1.0,4.0,0.0,0.0,0.0,1.0,0.0,0.0,0.0,0.0,1.0,4.0,0.2,0.2,0.20000000000000004,1.0,5.0,1.0,0.2,0.33333333333333337,1.0,1.0,0.5,0.2,0.28571428571428575,1.0,2.0,"[0, 1, 25, 26, 27]","[18, 22, 28, 37]",[],"[18, 22, 28, 37]","[0, 4, 28, 37, 47]",[0],"[0, 37]",complete,
bm1,binary,1000,50,1.0,13,763842001,k_high,k,20,0.95,2.0,3.0,0.0,0.0,0.0,1.0,3.0,0.0,0.0,0.0,1.0,0.0,0.0,0.0,0.0,1.0,1.0,0.375,0.6,0.4615384615384615,1.0,8.0,0.0,0.0,0.0,1.0,0.0,0.0,0.0,0.0,1.0,1.0,"[0, 1, 25, 26, 27]","[16, 18, 38]",[],[18],"[0, 1, 4, 16, 17, 18, 19, 26]",[],[16],complete,
bm1,binary,1000,50,1.0,14,2689099900,reference,reference,20,0.95,2.0,2.0,0.3333333333333333,0.4,0.3636363636363636,1.0,6.0,0.0,0.0,0.0,1.0,0.0,0.0,0.0,0.0,1.0,1.0,0.5,0.4,0.4444444444444445,1.0,4.0,0.0,0.0,0.0,1.0,0.0,0.0,0.0,0.0,1.0,0.0,"[0, 1, 25, 26, 27]","[11, 12, 25, 27, 30, 42]",[],[42],"[0, 11, 21, 25]",[],[],complete,
bm1,binary,1000,50,1.0,14,2689099900,m_low,m,10,0.95,2.0,2.0,0.0,0.0,0.0,1.0,4.0,0.0,0.0,0.0,1.0,0.0,0.0,0.0,0.0,1.0,0.0,0.16666666666666666,0.2,0.1818181818181818,1.0,6.0,0.0,0.0,0.0,1.0,0.0,0.5,0.2,0.28571428571428575,1.0,2.0,"[0, 1, 25, 26, 27]","[3, 14, 19, 30]",[],[],"[0, 17, 19, 34, 38, 39]",[],"[0, 39]",complete,
bm1,binary,1000,50,1.0,14,2689099900,m_high,m,50,0.95,2.0,2.0,0.25,0.2,0.22222222222222224,1.0,4.0,0.0,0.0,0.0,1.0,2.0,0.0,0.0,0.0,1.0,2.0,0.5714285714285714,0.8,0.6666666666666666,1.0,7.0,0.0,0.0,0.0,1.0,0.0,0.5,0.2,0.28571428571428575,1.0,2.0,"[0, 1, 25, 26, 27]","[2, 11, 23, 26]","[2, 23]","[2, 23]","[0, 1, 2, 7, 10, 26, 27]",[],"[1, 10]",complete,
bm1,binary,1000,50,1.0,14,2689099900,beta_low,beta,20,0.95,1.0,2.0,0.14285714285714285,0.2,0.16666666666666666,1.0,7.0,0.0,0.0,0.0,1.0,0.0,0.3333333333333333,0.2,0.25,1.0,3.0,0.4,0.4,0.4000000000000001,1.0,5.0,1.0,0.2,0.33333333333333337,1.0,1.0,0.6666666666666666,0.4,0.5,1.0,3.0,"[0, 1, 25, 26, 27]","[3, 8, 11, 18, 19, 25, 42]",[],"[8, 18, 25]","[0, 1, 8, 18, 29]",[1],"[0, 1, 29]",complete,
bm1,binary,1000,50,1.0,14,2689099900,beta_high,beta,20,0.95,3.0,2.0,0.0,0.0,0.0,1.0,7.0,0.0,0.0,0.0,1.0,0.0,0.0,0.0,0.0,1.0,4.0,0.4,0.4,0.4000000000000001,1.0,5.0,1.0,0.2,0.33333333333333337,1.0,1.0,1.0,0.2,0.33333333333333337,1.0,1.0,"[0, 1, 25, 26, 27]","[2, 3, 5, 8, 12, 19, 41]",[],"[3, 8, 12, 41]","[0, 1, 12, 14, 45]",[0],[0],complete,
bm1,binary,1000,50,1.0,14,2689099900,k_low,k,20,0.95,2.0,1.0,0.16666666666666666,0.2,0.1818181818181818,1.0,6.0,0.0,0.0,0.0,1.0,0.0,0.0,0.0,0.0,1.0,0.0,0.5714285714285714,0.8,0.6666666666666666,1.0,7.0,0.0,0.0,0.0,1.0,0.0,0.6666666666666666,0.4,0.5,1.0,3.0,"[0, 1, 25, 26, 27]","[16, 17, 19, 25, 28, 36]",[],[],"[0, 1, 25, 26, 36, 45, 48]",[],"[0, 1, 36]",complete,
bm1,binary,1000,50,1.0,14,2689099900,k_high,k,20,0.95,2.0,3.0,0.25,0.2,0.22222222222222224,1.0,4.0,0.0,0.0,0.0,1.0,0.0,0.5,0.2,0.28571428571428575,1.0,2.0,0.42857142857142855,0.6,0.5,1.0,7.0,1.0,0.2,0.33333333333333337,1.0,1.0,0.5,0.2,0.28571428571428575,1.0,2.0,"[0, 1, 25, 26, 27]","[16, 24, 27, 42]",[],"[27, 42]","[1, 13, 16, 24, 26, 27, 42]",[1],"[1, 42]",complete,
bm1,binary,1000,50,1.0,15,3033690671,reference,reference,20,0.95,2.0,2.0,0.0,0.0,0.0,1.0,4.0,0.0,0.0,0.0,1.0,0.0,0.0,0.0,0.0,1.0,2.0,0.0,0.0,0.0,1.0,8.0,0.0,0.0,0.0,1.0,0.0,0.0,0.0,0.0,1.0,2.0,"[0, 1, 25, 26, 27]","[3, 38, 39, 42]",[],"[39, 42]","[9, 15, 16, 33, 34, 38, 42, 44]",[],"[9, 42]",complete,
bm1,binary,1000,50,1.0,15,3033690671,m_low,m,10,0.95,2.0,2.0,0.0,0.0,0.0,1.0,7.0,0.0,0.0,0.0,1.0,1.0,0.0,0.0,0.0,1.0,1.0,0.14285714285714285,0.2,0.16666666666666666,1.0,7.0,0.0,0.0,0.0,1.0,0.0,0.0,0.0,0.0,1.0,3.0,"[0, 1, 25, 26, 27]","[2, 6, 9, 23, 34, 47, 48]",[9],[9],"[8, 9, 19, 27, 33, 40, 48]",[],"[9, 40, 48]",complete,
bm1,binary,1000,50,1.0,15,3033690671,m_high,m,50,0.95,2.0,2.0,0.2,0.2,0.20000000000000004,1.0,5.0,0.0,0.0,0.0,1.0,0.0,0.3333333333333333,0.2,0.25,1.0,3.0,0.6,0.6,0.6,1.0,5.0,1.0,0.2,0.33333333333333337,1.0,1.0,0.5,0.2,0.28571428571428575,1.0,2.0,"[0, 1, 25, 26, 27]","[24, 26, 32, 40, 48]",[],"[26, 40, 48]","[1, 26, 27, 34, 40]",[26],"[26, 40]",complete,
bm1,binary,1000,50,1.0,15,3033690671,beta_low,beta,20,0.95,1.0,2.0,0.14285714285714285,0.2,0.16666666666666666,1.0,7.0,0.0,0.0,0.0,1.0,0.0,0.0,0.0,0.0,1.0,2.0,0.0,0.0,0.0,1.0,8.0,0.0,0.0,0.0,1.0,1.0,0.0,0.0,0.0,1.0,4.0,"[0, 1, 25, 26, 27]","[0, 6, 10, 15, 20, 24, 28]",[],"[15, 20]","[6, 10, 14, 16, 18, 24, 28, 40]",[14],"[14, 16, 24, 28]",complete,
bm1,binary,1000,50,1.0,15,3033690671,beta_high,beta,20,0.95,3.0,2.0,0.6666666666666666,0.4,0.5,1.0,3.0,0.0,0.0,0.0,1.0,0.0,1.0,0.2,0.33333333333333337,1.0,1.0,0.5,0.8,0.6153846153846154,1.0,8.0,0.0,0.0,0.0,1.0,0.0,0.75,0.6,0.6666666666666665,1.0,4.0,"[0, 1, 25, 26, 27]","[1, 2, 26]",[],[1],"[0, 1, 13, 26, 27, 31, 40, 48]",[],"[1, 26, 27, 40]",complete,
bm1,binary,1000,50,1.0,15,3033690671,k_low,k,20,0.95,2.0,1.0,0.0,0.0,0.0,1.0,8.0,0.0,0.0,0.0,1.0,1.0,0.0,0.0,0.0,1.0,2.0,0.2,0.2,0.20000000000000004,1.0,5.0,0.0,0.0,0.0,1.0,0.0,0.0,0.0,0.0,1.0,2.0,"[0, 1, 25, 26, 27]","[11, 17, 20, 28, 31, 34, 40, 45]",[20],"[20, 40]","[1, 17, 32, 40, 49]",[],"[17, 40]",complete,
bm1,binary,1000,50,1.0,15,3033690671,k_high,k,20,0.95,2.0,3.0,0.0,0.0,0.0,1.0,4.0,0.0,0.0,0.0,1.0,0.0,0.0,0.0,0.0,1.0,2.0,0.2,0.2,0.20000000000000004,1.0,5.0,0.0,0.0,0.0,1.0,0.0,0.5,0.2,0.28571428571428575,1.0,2.0,"[0, 1, 25, 26, 27]","[5, 20, 34, 44]",[],"[20, 44]","[4, 15, 26, 34, 44]",[],"[26, 44]",complete,
bm1,binary,1000,50,1.0,16,3313503972,reference,reference,20,0.95,2.0,2.0,0.25,0.4,0.3076923076923077,1.0,8.0,0.0,0.0,0.0,1.0,0.0,1.0,0.2,0.33333333333333337,1.0,1.0,0.3,0.6,0.4,1.0,10.0,1.0,0.2,0.33333333333333337,1.0,1.0,0.6,0.6,0.6,1.0,5.0,"[0, 1, 25, 26, 27]","[4, 6, 15, 20, 25, 26, 47, 48]",[],[26],"[0, 4, 6, 15, 25, 26, 30, 32, 47, 48]",[25],"[0, 25, 26, 47, 48]",complete,
bm1,binary,1000,50,1.0,16,3313503972,m_low,m,10,0.95,2.0,2.0,0.2857142857142857,0.4,0.3333333333333333,1.0,7.0,0.0,0.0,0.0,1.0,0.0,0.25,0.2,0.22222222222222224,1.0,4.0,0.2222222222222222,0.4,0.2857142857142857,1.0,9.0,0.0,0.0,0.0,1.0,0.0,0.5,0.4,0.4444444444444445,1.0,4.0,"[0, 1, 25, 26, 27]","[5, 25, 26, 36, 41, 46, 47]",[],"[26, 41, 46, 47]","[5, 25, 26, 36, 38, 41, 46, 47, 48]",[],"[25, 26, 38, 41]",complete,
bm1,binary,1000,50,1.0,16,3313503972,m_high,m,50,0.95,2.0,2.0,0.0,0.0,0.0,1.0,4.0,0.0,0.0,0.0,1.0,0.0,0.0,0.0,0.0,1.0,1.0,0.14285714285714285,0.2,0.16666666666666666,1.0,7.0,0.0,0.0,0.0,1.0,0.0,0.0,0.0,0.0,1.0,0.0,"[0, 1, 25, 26, 27]","[3, 13, 23, 43]",[],[23],"[4, 15, 19, 23, 25, 32, 37]",[],[],complete,
bm1,binary,1000,50,1.0,16,3313503972,beta_low,beta,20,0.95,1.0,2.0,0.16666666666666666,0.2,0.1818181818181818,1.0,6.0,0.0,0.0,0.0,1.0,0.0,0.0,0.0,0.0,1.0,1.0,0.2,0.2,0.20000000000000004,1.0,5.0,0.0,0.0,0.0,1.0,0.0,0.3333333333333333,0.2,0.25,1.0,3.0,"[0, 1, 25, 26, 27]","[5, 25, 30, 42, 44, 47]",[],[5],"[17, 25, 32, 37, 49]",[],"[17, 25, 32]",complete,
bm1,binary,1000,50,1.0,16,3313503972,beta_high,beta,20,0.95,3.0,2.0,0.0,0.0,0.0,1.0,5.0,0.0,0.0,0.0,1.0,0.0,0.0,0.0,0.0,1.0,0.0,0.0,0.0,0.0,1.0,3.0,0.0,0.0,0.0,1.0,1.0,0.0,0.0,0.0,1.0,1.0,"[0, 1, 25, 26, 27]","[15, 18, 33, 35, 49]",[],[],"[14, 19, 35]",[35],[19],complete,
bm1,binary,1000,50,1.0,16,3313503972,k_low,k,20,0.95,2.0,1.0,0.0,0.0,0.0,1.0,6.0,0.0,0.0,0.0,1.0,0.0,0.0,0.0,0.0,1.0,2.0,0.5,0.4,0.4444444444444445,1.0,4.0,0.0,0.0,0.0,1.0,0.0,0.0,0.0,0.0,1.0,1.0,"[0, 1, 25, 26, 27]","[11, 16, 32, 38, 41, 46]",[],"[11, 38]","[17, 25, 26, 32]",[],[32],complete,
bm1,binary,1000,50,1.0,16,3313503972,k_high,k,20,0.95,2.0,3.0,0.2,0.2,0.20000000000000004,1.0,5.0,0.0,0.0,0.0,1.0,0.0,0.0,0.0,0.0,1.0,3.0,0.25,0.2,0.22222222222222224,1.0,4.0,0.0,0.0,0.0,1.0,0.0,0.5,0.2,0.28571428571428575,1.0,2.0,"[0, 1, 25, 26, 27]","[13, 17, 18, 25, 43]",[],"[13, 17, 43]","[12, 17, 25, 32]",[],"[12, 25]",complete,
bm1,binary,1000,50,1.0,17,882078976,reference,reference,20,0.95,2.0,2.0,0.25,0.2,0.22222222222222224,1.0,4.0,0.0,0.0,0.0,1.0,0.0,0.3333333333333333,0.2,0.25,1.0,3.0,0.25,0.4,0.3076923076923077,1.0,8.0,0.0,0.0,0.0,1.0,0.0,0.5,0.2,0.28571428571428575,1.0,2.0,"[0, 1, 25, 26, 27]","[20, 25, 43, 48]",[],"[20, 25, 43]","[0, 5, 8, 20, 21, 24, 25, 43]",[],"[0, 24]",complete,
bm1,binary,1000,50,1.0,17,882078976,m_low,m,10,0.95,2.0,2.0,0.0,0.0,0.0,1.0,5.0,0.0,0.0,0.0,1.0,0.0,0.0,0.0,0.0,1.0,3.0,0.0,0.0,0.0,1.0,4.0,0.0,0.0,0.0,1.0,0.0,0.0,0.0,0.0,1.0,3.0,"[0, 1, 25, 26, 27]","[2, 20, 41, 43, 49]",[],"[20, 41, 43]","[10, 24, 41, 43]",[],"[10, 41, 43]",complete,
bm1,binary,1000,50,1.0,17,882078976,m_high,m,50,0.95,2.0,2.0,0.14285714285714285,0.2,0.16666666666666666,1.0,7.0,1.0,0.2,0.33333333333333337,1.0,1.0,0.3333333333333333,0.2,0.25,1.0,3.0,0.16666666666666666,0.2,0.1818181818181818,1.0,6.0,0.0,0.0,0.0,1.0,0.0,0.25,0.2,0.22222222222222224,1.0,4.0,"[0, 1, 25, 26, 27]","[7, 12, 17, 25, 30, 40, 48]",[25],"[7, 25, 40]","[12, 17, 19, 21, 25, 48]",[],"[12, 17, 25, 48]",complete,
bm1,binary,1000,50,1.0,17,882078976,beta_low,beta,20,0.95,1.0,2.0,0.0,0.0,0.0,1.0,9.0,0.0,0.0,0.0,1.0,0.0,0.0,0.0,0.0,1.0,1.0,0.1111111111111111,0.2,0.14285714285714285,1.0,9.0,0.0,0.0,0.0,1.0,0.0,0.0,0.0,0.0,1.0,3.0,"[0, 1, 25, 26, 27]","[4, 7, 8, 10, 11, 22, 43, 45, 46]",[],[8],"[7, 8, 11, 16, 22, 24, 25, 37, 42]",[],"[8, 24, 42]",complete,
bm1,binary,1000,50,1.0,17,882078976,beta_high,beta,20,0.95,3.0,2.0,0.0,0.0,0.0,1.0,9.0,0.0,0.0,0.0,1.0,1.0,0.0,0.0,0.0,1.0,3.0,0.14285714285714285,0.2,0.16666666666666666,1.0,7.0,0.0,0.0,0.0,1.0,0.0,0.3333333333333333,0.2,0.25,1.0,3.0,"[0, 1, 25, 26, 27]","[10, 11, 21, 23, 34, 36, 39, 40, 43]",[10],"[23, 34, 43]","[11, 12, 25, 35, 39, 48, 49]",[],"[12, 25, 39]",complete,
bm1,binary,1000,50,1.0,17,882078976,k_low,k,20,0.95,2.0,1.0,0.125,0.2,0.15384615384615385,1.0,8.0,0.0,0.0,0.0,1.0,0.0,0.0,0.0,0.0,1.0,2.0,0.3,0.6,0.4,1.0,10.0,0.0,0.0,0.0,1.0,0.0,0.75,0.6,0.6666666666666665,1.0,4.0,"[0, 1, 25, 26, 27]","[7, 11, 14, 21, 27, 28, 42, 48]",[],"[14, 28]","[0, 10, 19, 24, 25, 27, 28, 35, 45, 49]",[],"[0, 24, 25, 27]",complete,
bm1,binary,1000,50,1.0,17,882078976,k_high,k,20,0.95,2.0,3.0,0.0,0.0,0.0,1.0,5.0,0.0,0.0,0.0,1.0,0.0,0.0,0.0,0.0,1.0,1.0,0.16666666666666666,0.2,0.1818181818181818,1.0,6.0,0.0,0.0,0.0,1.0,0.0,0.0,0.0,0.0,1.0,1.0,"[0, 1, 25, 26, 27]","[3, 12, 18, 20, 33]",[],[12],"[8, 12, 25, 33, 38, 42]",[],[12],complete,
bm1,binary,1000,50,1.0,18,1208470064,reference,reference,20,0.95,2.0,2.0,0.1111111111111111,0.2,0.14285714285714285,1.0,9.0,0.0,0.0,0.0,1.0,0.0,0.0,0.0,0.0,1.0,2.0,0.3333333333333333,0.2,0.25,1.0,3.0,0.0,0.0,0.0,1.0,0.0,0.5,0.2,0.28571428571428575,1.0,2.0,"[0, 1, 25, 26, 27]","[11, 16, 17, 22, 25, 34, 39, 45, 47]",[],"[11, 47]","[22, 25, 49]",[],"[22, 25]",complete,
bm1,binary,1000,50,1.0,18,1208470064,m_low,m,10,0.95,2.0,2.0,0.2222222222222222,0.4,0.2857142857142857,1.0,9.0,0.0,0.0,0.0,1.0,0.0,0.5,0.2,0.28571428571428575,1.0,2.0,0.16666666666666666,0.2,0.1818181818181818,1.0,6.0,0.0,0.0,0.0,1.0,0.0,0.5,0.2,0.28571428571428575,1.0,2.0,"[0, 1, 25, 26, 27]","[15, 16, 19, 25, 27, 28, 39, 40, 41]",[],"[19, 25]","[3, 15, 16, 19, 25, 41]",[],"[19, 25]",complete,
bm1,binary,1000,50,1.0,18,1208470064,m_high,m,50,0.95,2.0,2.0,0.2222222222222222,0.4,0.2857142857142857,1.0,9.0,1.0,0.2,0.33333333333333337,1.0,1.0,1.0,0.4,0.5714285714285715,1.0,2.0,0.16666666666666666,0.2,0.1818181818181818,1.0,6.0,0.0,0.0,0.0,1.0,0.0,1.0,0.2,0.33333333333333337,1.0,1.0,"[0, 1, 25, 26, 27]","[10, 12, 24, 25, 27, 29, 38, 40, 42]",[25],"[25, 27]","[5, 25, 29, 32, 40, 42]",[],[25],complete,
bm1,binary,1000,50,1.0,18,1208470064,beta_low,beta,20,0.95,1.0,2.0,0.16666666666666666,0.2,0.1818181818181818,1.0,6.0,0.0,0.0,0.0,1.0,0.0,0.25,0.2,0.22222222222222224,1.0,4.0,0.25,0.2,0.22222222222222224,1.0,4.0,0.0,0.0,0.0,1.0,0.0,0.3333333333333333,0.2,0.25,1.0,3.0,"[0, 1, 25, 26, 27]","[1, 4, 14, 20, 40, 45]",[],"[1, 4, 40, 45]","[1, 12, 14, 40]",[],"[1, 14, 40]",complete,
bm1,binary,1000,50,1.0,18,1208470064,beta_high,beta,20,0.95,3.0,2.0,0.0,0.0,0.0,1.0,5.0,0.0,0.0,0.0,1.0,0.0,0.0,0.0,0.0,1.0,0.0,0.0,0.0,0.0,1.0,7.0,0.0,0.0,0.0,1.0,0.0,0.0,0.0,0.0,1.0,2.0,"[0, 1, 25, 26, 27]","[17, 24, 37, 40, 47]",[],[],"[13, 24, 32, 37, 44, 45, 49]",[],"[13, 44]",complete,
bm1,binary,1000,50,1.0,18,1208470064,k_low,k,20,0.95,2.0,1.0,0.0,0.0,0.0,1.0,8.0,0.0,0.0,0.0,1.0,0.0,0.0,0.0,0.0,1.0,1.0,0.0,0.0,0.0,1.0,4.0,0.0,0.0,0.0,1.0,2.0,0.0,0.0,0.0,1.0,3.0,"[0, 1, 25, 26, 27]","[6, 7, 19, 23, 39, 45, 46, 47]",[],[39],"[7, 32, 39, 46]","[39, 46]","[32, 39, 46]",complete,
bm1,binary,1000,50,1.0,18,1208470064,k_high,k,20,0.95,2.0,3.0,0.1111111111111111,0.2,0.14285714285714285,1.0,9.0,0.0,0.0,0.0,1.0,0.0,0.0,0.0,0.0,1.0,4.0,0.16666666666666666,0.2,0.1818181818181818,1.0,6.0,0.0,0.0,0.0,1.0,1.0,0.0,0.0,0.0,1.0,2.0,"[0, 1, 25, 26, 27]","[12, 22, 25, 30, 31, 34, 36, 38, 39]",[],"[12, 22, 36, 38]","[2, 12, 22, 25, 36, 39]",[39],"[22, 39]",complete,
bm1,binary,1000,50,1.0,19,3007007501,reference,reference,20,0.95,2.0,2.0,0.0,0.0,0.0,1.0,5.0,0.0,0.0,0.0,1.0,1.0,0.0,0.0,0.0,1.0,3.0,0.0,0.0,0.0,1.0,7.0,0.0,0.0,0.0,1.0,0.0,0.0,0.0,0.0,1.0,1.0,"[0, 1, 25, 26, 27]","[22, 23, 30, 37, 44]",[44],"[30, 37, 44]","[2, 12, 29, 31, 37, 42, 44]",[],[44],complete,
bm1,binary,1000,50,1.0,19,3007007501,m_low,m,10,0.95,2.0,2.0,0.0,0.0,0.0,1.0,8.0,0.0,0.0,0.0,1.0,0.0,0.0,0.0,0.0,1.0,1.0,0.4,0.4,0.4000000000000001,1.0,5.0,0.0,0.0,0.0,1.0,0.0,0.5,0.2,0.28571428571428575,1.0,2.0,"[0, 1, 25, 26, 27]","[6, 7, 11, 20, 21, 34, 36, 44]",[],[34],"[1, 26, 28, 33, 44]",[],"[26, 33]",complete,
bm1,binary,1000,50,1.0,19,3007007501,m_high,m,50,0.95,2.0,2.0,0.0,0.0,0.0,1.0,5.0,0.0,0.0,0.0,1.0,0.0,0.0,0.0,0.0,1.0,2.0,0.3333333333333333,0.6,0.42857142857142855,1.0,9.0,0.0,0.0,0.0,1.0,0.0,0.25,0.2,0.22222222222222224,1.0,4.0,"[0, 1, 25, 26, 27]","[12, 16, 17, 20, 29]",[],"[16, 17]","[0, 2, 11, 12, 14, 18, 26, 27, 28]",[],"[0, 12, 14, 18]",complete,
bm1,binary,1000,50,1.0,19,3007007501,beta_low,beta,20,0.95,1.0,2.0,0.0,0.0,0.0,1.0,7.0,0.0,0.0,0.0,1.0,0.0,0.0,0.0,0.0,1.0,3.0,0.2857142857142857,0.4,0.3333333333333333,1.0,7.0,0.0,0.0,0.0,1.0,0.0,0.0,0.0,0.0,1.0,1.0,"[0, 1, 25, 26, 27]","[3, 6, 9, 13, 16, 46, 47]",[],"[6, 16, 46]","[9, 13, 17, 26, 27, 46, 47]",[],[46],complete,
bm1,binary,1000,50,1.0,19,3007007501,beta_high,beta,20,0.95,3.0,2.0,0.0,0.0,0.0,1.0,6.0,0.0,0.0,0.0,1.0,0.0,0.0,0.0,0.0,1.0,2.0,0.0,0.0,0.0,1.0,5.0,0.0,0.0,0.0,1.0,0.0,0.0,0.0,0.0,1.0,3.0,"[0, 1, 25, 26, 27]","[15, 21, 24, 33, 34, 46]",[],"[21, 24]","[16, 24, 28, 33, 37]",[],"[16, 24, 33]",complete,
bm1,binary,1000,50,1.0,19,3007007501,k_low,k,20,0.95,2.0,1.0,0.0,0.0,0.0,1.0,6.0,0.0,0.0,0.0,1.0,0.0,0.0,0.0,0.0,1.0,1.0,0.42857142857142855,0.6,0.5,1.0,7.0,0.0,0.0,0.0,1.0,0.0,0.0,0.0,0.0,1.0,2.0,"[0, 1, 25, 26, 27]","[14, 24, 29, 33, 41, 44]",[],[44],"[0, 1, 20, 26, 29, 33, 44]",[],"[33, 44]",complete,
bm1,binary,1000,50,1.0,19,3007007501,k_high,k,20,0.95,2.0,3.0,0.0,0.0,0.0,1.0,7.0,0.0,0.0,0.0,1.0,0.0,0.0,0.0,0.0,1.0,1.0,0.16666666666666666,0.2,0.1818181818181818,1.0,6.0,0.0,0.0,0.0,1.0,0.0,0.5,0.2,0.28571428571428575,1.0,2.0,"[0, 1, 25, 26, 27]","[9, 20, 28, 29, 33, 36, 40]",[],[40],"[1, 4, 17, 19, 28, 41]",[],"[1, 28]",complete,
bm1,binary,1000,50,1.0,20,3620774095,reference,reference,20,0.95,2.0,2.0,0.0,0.0,0.0,1.0,5.0,0.0,0.0,0.0,1.0,0.0,0.0,0.0,0.0,1.0,1.0,0.3333333333333333,0.4,0.3636363636363636,1.0,6.0,0.0,0.0,0.0,1.0,0.0,0.0,0.0,0.0,1.0,2.0,"[0, 1, 25, 26, 27]","[2, 16, 18, 30, 49]",[],[2],"[0, 2, 18, 24, 25, 34]",[],"[18, 34]",complete,
bm1,binary,1000,50,1.0,20,3620774095,m_low,m,10,0.95,2.0,2.0,0.16666666666666666,0.2,0.1818181818181818,1.0,6.0,0.0,0.0,0.0,1.0,1.0,0.0,0.0,0.0,1.0,1.0,0.3333333333333333,0.4,0.3636363636363636,1.0,6.0,0.0,0.0,0.0,1.0,0.0,1.0,0.2,0.33333333333333337,1.0,1.0,"[0, 1, 25, 26, 27]","[0, 5, 7, 9, 14, 20]",[5],[5],"[0, 6, 7, 9, 20, 25]",[],[0],complete,
bm1,binary,1000,50,1.0,20,3620774095,m_high,m,50,0.95,2.0,2.0,0.42857142857142855,0.6,0.5,1.0,7.0,0.0,0.0,0.0,1.0,0.0,0.5,0.2,0.28571428571428575,1.0,2.0,0.3333333333333333,0.4,0.3636363636363636,1.0,6.0,1.0,0.2,0.33333333333333337,1.0,1.0,1.0,0.4,0.5714285714285715,1.0,2.0,"[0, 1, 25, 26, 27]","[4, 25, 26, 27, 32, 34, 36]",[],"[25, 34]","[1, 6, 9, 25, 32, 34]",[1],"[1, 25]",complete,
bm1,binary,1000,50,1.0,20,3620774095,beta_low,beta,20,0.95,1.0,2.0,0.14285714285714285,0.2,0.16666666666666666,1.0,7.0,0.0,0.0,0.0,1.0,1.0,0.0,0.0,0.0,1.0,1.0,0.25,0.4,0.3076923076923077,1.0,8.0,0.0,0.0,0.0,1.0,0.0,0.3333333333333333,0.2,0.25,1.0,3.0,"[0, 1, 25, 26, 27]","[23, 26, 30, 36, 41, 46, 47]",[46],[46],"[0, 18, 23, 26, 36, 39, 45, 46]",[],"[0, 36, 46]",complete,
bm1,binary,1000,50,1.0,20,3620774095,beta_high,beta,20,0.95,3.0,2.0,0.0,0.0,0.0,1.0,6.0,0.0,0.0,0.0,1.0,0.0,0.0,0.0,0.0,1.0,1.0,0.0,0.0,0.0,1.0,5.0,0.0,0.0,0.0,1.0,0.0,0.0,0.0,0.0,1.0,0.0,"[0, 1, 25, 26, 27]","[5, 18, 19, 21, 23, 38]",[],[5],"[3, 13, 15, 33, 43]",[],[],complete,
bm1,binary,1000,50,1.0,20,3620774095,k_low,k,20,0.95,2.0,1.0,0.0,0.0,0.0,1.0,8.0,0.0,0.0,0.0,1.0,0.0,0.0,0.0,0.0,1.0,0.0,0.125,0.2,0.15384615384615385,1.0,8.0,0.0,0.0,0.0,1.0,0.0,0.0,0.0,0.0,1.0,1.0,"[0, 1, 25, 26, 27]","[14, 20, 23, 28, 37, 40, 47, 49]",[],[],"[0, 6, 9, 14, 17, 18, 40, 46]",[],[9],complete,
bm1,binary,1000,50,1.0,20,3620774095,k_high,k,20,0.95,2.0,3.0,0.16666666666666666,0.2,0.1818181818181818,1.0,6.0,0.0,0.0,0.0,1.0,1.0,0.0,0.0,0.0,1.0,1.0,0.4,0.4,0.4000000000000001,1.0,5.0,0.0,0.0,0.0,1.0,0.0,0.5,0.4,0.4444444444444445,1.0,4.0,"[0, 1, 25, 26, 27]","[10, 11, 12, 26, 30, 42]",[12],[12],"[0, 12, 26, 34, 39]",[],"[0, 12, 26, 39]",complete,
bm1,binary,1000,50,1.0,21,1859629350,reference,reference,20,0.95,2.0,2.0,0.0,0.0,0.0,1.0,5.0,0.0,0.0,0.0,1.0,0.0,0.0,0.0,0.0,1.0,1.0,0.125,0.2,0.15384615384615385,1.0,8.0,0.0,0.0,0.0,1.0,0.0,0.3333333333333333,0.2,0.25,1.0,3.0,"[0, 1, 25, 26, 27]","[6, 13, 21, 43, 48]",[],[13],"[6, 13, 25, 34, 38, 43, 48, 49]",[],"[25, 43, 48]",complete,
bm1,binary,1000,50,1.0,21,1859629350,m_low,m,10,0.95,2.0,2.0,0.0,0.0,0.0,1.0,6.0,0.0,0.0,0.0,1.0,0.0,0.0,0.0,0.0,1.0,1.0,0.0,0.0,0.0,1.0,7.0,0.0,0.0,0.0,1.0,0.0,0.0,0.0,0.0,1.0,1.0,"[0, 1, 25, 26, 27]","[3, 10, 38, 39, 42, 45]",[],[45],"[3, 7, 9, 10, 28, 39, 44]",[],[3],complete,
bm1,binary,1000,50,1.0,21,1859629350,m_high,m,50,0.95,2.0,2.0,0.0,0.0,0.0,1.0,7.0,0.0,0.0,0.0,1.0,0.0,0.0,0.0,0.0,1.0,2.0,0.125,0.2,0.15384615384615385,1.0,8.0,0.0,0.0,0.0,1.0,0.0,0.3333333333333333,0.2,0.25,1.0,3.0,"[0, 1, 25, 26, 27]","[8, 11, 17, 18, 32, 35, 43]",[],"[18, 35]","[4, 16, 18, 22, 25, 35, 44, 48]",[],"[4, 22, 25]",complete,
bm1,binary,1000,50,1.0,21,1859629350,beta_low,beta,20,0.95,1.0,2.0,0.14285714285714285,0.2,0.16666666666666666,1.0,7.0,0.0,0.0,0.0,1.0,0.0,1.0,0.2,0.33333333333333337,1.0,1.0,0.2,0.2,0.20000000000000004,1.0,5.0,0.0,0.0,0.0,1.0,0.0,1.0,0.2,0.33333333333333337,1.0,1.0,"[0, 1, 25, 26, 27]","[15, 18, 19, 25, 29, 31, 32]",[],[25],"[6, 9, 22, 25, 47]",[],[25],complete,
bm1,binary,1000,50,1.0,21,1859629350,beta_high,beta,20,0.95,3.0,2.0,0.2,0.2,0.20000000000000004,1.0,5.0,0.0,0.0,0.0,1.0,0.0,0.0,0.0,0.0,1.0,2.0,0.3333333333333333,0.4,0.3636363636363636,1.0,6.0,1.0,0.2,0.33333333333333337,1.0,1.0,0.5,0.4,0.4444444444444445,1.0,4.0,"[0, 1, 25, 26, 27]","[6, 22, 25, 32, 37]",[],"[32, 37]","[1, 4, 7, 25, 32, 37]",[25],"[1, 25, 32, 37]",complete,
bm1,binary,1000,50,1.0,21,1859629350,k_low,k,20,0.95,2.0,1.0,0.16666666666666666,0.2,0.1818181818181818,1.0,6.0,0.0,0.0,0.0,1.0,1.0,0.25,0.2,0.22222222222222224,1.0,4.0,0.2,0.2,0.20000000000000004,1.0,5.0,0.0,0.0,0.0,1.0,0.0,0.0,0.0,0.0,1.0,2.0,"[0, 1, 25, 26, 27]","[11, 15, 26, 36, 37, 41]",[11],"[11, 15, 26, 37]","[4, 9, 11, 25, 28]",[],"[11, 28]",complete,
bm1,binary,1000,50,1.0,21,1859629350,k_high,k,20,0.95,2.0,3.0,0.0,0.0,0.0,1.0,3.0,0.0,0.0,0.0,1.0,2.0,0.0,0.0,0.0,1.0,1.0,0.5,0.6,0.5454545454545454,1.0,6.0,0.0,0.0,0.0,1.0,1.0,0.3333333333333333,0.2,0.25,1.0,3.0,"[0, 1, 25, 26, 27]","[13, 23, 48]","[13, 23]",[13],"[1, 9, 13, 15, 25, 27]",[9],"[9, 15, 25]",complete,
bm1,binary,1000,50,1.0,22,119016441,reference,reference,20,0.95,2.0,2.0,0.1111111111111111,0.2,0.14285714285714285,1.0,9.0,0.0,0.0,0.0,1.0,0.0,0.0,0.0,0.0,1.0,0.0,0.0,0.0,0.0,1.0,8.0,0.0,0.0,0.0,1.0,0.0,0.0,0.0,0.0,1.0,3.0,"[0, 1, 25, 26, 27]","[0, 3, 4, 7, 8, 21, 39, 40, 44]",[],[],"[4, 15, 17, 20, 21, 40, 44, 46]",[],"[4, 15, 21]",complete,
bm1,binary,1000,50,1.0,22,119016441,m_low,m,10,0.95,2.0,2.0,0.2,0.2,0.20000000000000004,1.0,5.0,0.0,0.0,0.0,1.0,1.0,0.0,0.0,0.0,1.0,2.0,0.4,0.4,0.4000000000000001,1.0,5.0,0.0,0.0,0.0,1.0,1.0,0.3333333333333333,0.2,0.25,1.0,3.0,"[0, 1, 25, 26, 27]","[1, 5, 20, 22, 39]",[20],"[20, 22]","[1, 9, 20, 25, 31]",[9],"[1, 9, 20]",complete,
bm1,binary,1000,50,1.0,22,119016441,m_high,m,50,0.95,2.0,2.0,0.0,0.0,0.0,1.0,9.0,0.0,0.0,0.0,1.0,0.0,0.0,0.0,0.0,1.0,1.0,0.0,0.0,0.0,1.0,4.0,0.0,0.0,0.0,1.0,0.0,0.0,0.0,0.0,1.0,1.0,"[0, 1, 25, 26, 27]","[6, 11, 12, 14, 18, 24, 32, 33, 43]",[],[6],"[11, 12, 23, 46]",[],[11],complete,
bm1,binary,1000,50,1.0,22,119016441,beta_low,beta,20,0.95,1.0,2.0,0.0,0.0,0.0,1.0,4.0,0.0,0.0,0.0,1.0,1.0,0.0,0.0,0.0,1.0,2.0,0.0,0.0,0.0,1.0,5.0,0.0,0.0,0.0,1.0,0.0,0.0,0.0,0.0,1.0,2.0,"[0, 1, 25, 26, 27]","[7, 9, 19, 40]",[7],"[7, 9]","[7, 9, 19, 34, 48]",[],"[9, 19]",complete,
bm1,binary,1000,50,1.0,22,119016441,beta_high,beta,20,0.95,3.0,2.0,0.2,0.2,0.20000000000000004,1.0,5.0,0.0,0.0,0.0,1.0,0.0,0.0,0.0,0.0,1.0,1.0,0.0,0.0,0.0,1.0,3.0,0.0,0.0,0.0,1.0,0.0,0.0,0.0,0.0,1.0,1.0,"[0, 1, 25, 26, 27]","[1, 4, 15, 19, 42]",[],[15],"[15, 38, 46]",[],[15],complete,
bm1,binary,1000,50,1.0,22,119016441,k_low,k,20,0.95,2.0,1.0,0.0,0.0,0.0,1.0,6.0,0.0,0.0,0.0,1.0,1.0,0.0,0.0,0.0,1.0,1.0,0.75,0.6,0.6666666666666665,1.0,4.0,1.0,0.2,0.33333333333333337,1.0,1.0,0.5,0.2,0.28571428571428575,1.0,2.0,"[0, 1, 25, 26, 27]","[9, 18, 21, 28, 34, 37]",[28],[28],"[1, 26, 27, 28]",[26],"[26, 28]",complete,
bm1,binary,1000,50,1.0,22,119016441,k_high,k,20,0.95,2.0,3.0,0.0,0.0,0.0,1.0,3.0,0.0,0.0,0.0,1.0,0.0,0.0,0.0,0.0,1.0,1.0,0.0,0.0,0.0,1.0,5.0,0.0,0.0,0.0,1.0,0.0,0.0,0.0,0.0,1.0,0.0,"[0, 1, 25, 26, 27]","[15, 39, 44]",[],[39],"[7, 12, 23, 44, 46]",[],[],complete,
bm1,binary,1000,50,1.0,23,420540698,reference,reference,20,0.95,2.0,2.0,0.1111111111111111,0.2,0.14285714285714285,1.0,9.0,0.0,0.0,0.0,1.0,0.0,0.0,0.0,0.0,1.0,1.0,0.25,0.2,0.22222222222222224,1.0,4.0,0.0,0.0,0.0,1.0,0.0,1.0,0.2,0.33333333333333337,1.0,1.0,"[0, 1, 25, 26, 27]","[2, 6, 17, 25, 30, 32, 33, 37, 44]",[],[30],"[22, 25, 30, 43]",[],[25],complete,
bm1,binary,1000,50,1.0,23,420540698,m_low,m,10,0.95,2.0,2.0,0.0,0.0,0.0,1.0,6.0,0.0,0.0,0.0,1.0,0.0,0.0,0.0,0.0,1.0,2.0,0.25,0.2,0.22222222222222224,1.0,4.0,1.0,0.2,0.33333333333333337,1.0,1.0,1.0,0.2,0.33333333333333337,1.0,1.0,"[0, 1, 25, 26, 27]","[4, 28, 33, 42, 44, 48]",[],"[28, 44]","[1, 7, 42, 44]",[1],[1],complete,
bm1,binary,1000,50,1.0,23,420540698,m_high,m,50,0.95,2.0,2.0,0.0,0.0,0.0,1.0,5.0,0.0,0.0,0.0,1.0,0.0,0.0,0.0,0.0,1.0,2.0,0.375,0.6,0.4615384615384615,1.0,8.0,1.0,0.2,0.33333333333333337,1.0,1.0,0.5,0.2,0.28571428571428575,1.0,2.0,"[0, 1, 25, 26, 27]","[7, 36, 40, 41, 46]",[],"[40, 46]","[1, 2, 15, 25, 26, 40, 41, 49]",[1],"[1, 41]",complete,
bm1,binary,1000,50,1.0,23,420540698,beta_low,beta,20,0.95,1.0,2.0,0.2857142857142857,0.4,0.3333333333333333,1.0,7.0,0.0,0.0,0.0,1.0,0.0,0.25,0.2,0.22222222222222224,1.0,4.0,0.6,0.6,0.6,1.0,5.0,0.0,0.0,0.0,1.0,0.0,0.3333333333333333,0.2,0.25,1.0,3.0,"[0, 1, 25, 26, 27]","[11, 16, 21, 25, 26, 41, 49]",[],"[21, 25, 41, 49]","[3, 25, 26, 27, 41]",[],"[3, 25, 41]",complete,
bm1,binary,1000,50,1.0,23,420540698,beta_high,beta,20,0.95,3.0,2.0,0.3333333333333333,0.4,0.3636363636363636,1.0,6.0,0.0,0.0,0.0,1.0,0.0,0.0,0.0,0.0,1.0,1.0,0.5,0.4,0.4444444444444445,1.0,4.0,0.0,0.0,0.0,1.0,0.0,0.0,0.0,0.0,1.0,1.0,"[0, 1, 25, 26, 27]","[6, 7, 17, 23, 26, 27]",[],[7],"[7, 16, 25, 26]",[],[7],complete,
bm1,binary,1000,50,1.0,23,420540698,k_low,k,20,0.95,2.0,1.0,0.0,0.0,0.0,1.0,6.0,0.0,0.0,0.0,1.0,0.0,0.0,0.0,0.0,1.0,2.0,0.25,0.2,0.22222222222222224,1.0,4.0,0.0,0.0,0.0,1.0,0.0,0.3333333333333333,0.2,0.25,1.0,3.0,"[0, 1, 25, 26, 27]","[3, 8, 17, 23, 38, 42]",[],"[17, 23]","[10, 12, 15, 25]",[],"[10, 15, 25]",complete,
bm1,binary,1000,50,1.0,23,420540698,k_high,k,20,0.95,2.0,3.0,0.1111111111111111,0.2,0.14285714285714285,1.0,9.0,0.0,0.0,0.0,1.0,0.0,0.0,0.0,0.0,1.0,3.0,0.3333333333333333,0.4,0.3636363636363636,1.0,6.0,0.0,0.0,0.0,1.0,0.0,0.5,0.2,0.28571428571428575,1.0,2.0,"[0, 1, 25, 26, 27]","[9, 16, 18, 23, 25, 28, 30, 38, 41]",[],"[16, 28, 30]","[1, 10, 16, 25, 34, 41]",[],"[25, 41]",complete,
bm1,binary,1000,50,1.0,24,4055688446,reference,reference,20,0.95,2.0,2.0,0.0,0.0,0.0,1.0,6.0,0.0,0.0,0.0,1.0,0.0,0.0,0.0,0.0,1.0,3.0,0.0,0.0,0.0,1.0,7.0,0.0,0.0,0.0,1.0,0.0,0.0,0.0,0.0,1.0,4.0,"[0, 1, 25, 26, 27]","[17, 23, 30, 38, 47, 48]",[],"[17, 30, 48]","[7, 9, 21, 30, 44, 45, 48]",[],"[9, 21, 30, 48]",complete,
bm1,binary,1000,50,1.0,24,4055688446,m_low,m,10,0.95,2.0,2.0,0.0,0.0,0.0,1.0,7.0,0.0,0.0,0.0,1.0,0.0,0.0,0.0,0.0,1.0,1.0,0.2,0.2,0.20000000000000004,1.0,5.0,0.0,0.0,0.0,1.0,0.0,0.5,0.2,0.28571428571428575,1.0,2.0,"[0, 1, 25, 26, 27]","[22, 23, 31, 33, 40, 45, 46]",[],[46],"[23, 25, 31, 33, 40]",[],"[25, 33]",complete,
bm1,binary,1000,50,1.0,24,4055688446,m_high,m,50,0.95,2.0,2.0,0.1111111111111111,0.2,0.14285714285714285,1.0,9.0,0.0,0.0,0.0,1.0,0.0,0.0,0.0,0.0,1.0,3.0,0.5,0.6,0.5454545454545454,1.0,6.0,1.0,0.2,0.33333333333333337,1.0,1.0,1.0,0.2,0.33333333333333337,1.0,1.0,"[0, 1, 25, 26, 27]","[13, 16, 26, 28, 31, 36, 43, 47, 48]",[],"[13, 31, 48]","[0, 1, 5, 13, 18, 25]",[1],[25],complete,
bm1,binary,1000,50,1.0,24,4055688446,beta_low,beta,20,0.95,1.0,2.0,0.25,0.2,0.22222222222222224,1.0,4.0,0.0,0.0,0.0,1.0,0.0,0.0,0.0,0.0,1.0,1.0,0.6666666666666666,0.4,0.5,1.0,3.0,0.0,0.0,0.0,1.0,0.0,1.0,0.2,0.33333333333333337,1.0,1.0,"[0, 1, 25, 26, 27]","[0, 16, 33, 43]",[],[43],"[0, 25, 43]",[],[0],complete,
bm1,binary,1000,50,1.0,24,4055688446,beta_high,beta,20,0.95,3.0,2.0,0.0,0.0,0.0,1.0,7.0,0.0,0.0,0.0,1.0,1.0,0.0,0.0,0.0,1.0,2.0,0.0,0.0,0.0,1.0,5.0,0.0,0.0,0.0,1.0,0.0,0.0,0.0,0.0,1.0,0.0,"[0, 1, 25, 26, 27]","[11, 14, 23, 29, 33, 40, 47]",[23],"[23, 47]","[23, 33, 36, 37, 47]",[],[],complete,
bm1,binary,1000,50,1.0,24,4055688446,k_low,k,20,0.95,2.0,1.0,0.14285714285714285,0.2,0.16666666666666666,1.0,7.0,0.0,0.0,0.0,1.0,0.0,0.0,0.0,0.0,1.0,0.0,0.3333333333333333,0.4,0.3636363636363636,1.0,6.0,0.0,0.0,0.0,1.0,0.0,0.5,0.4,0.4444444444444445,1.0,4.0,"[0, 1, 25, 26, 27]","[2, 5, 23, 26, 28, 30, 42]",[],[],"[1, 9, 11, 25, 30, 46]",[],"[1, 11, 25, 30]",complete,
bm1,binary,1000,50,1.0,24,4055688446,k_high,k,20,0.95,2.0,3.0,0.0,0.0,0.0,1.0,6.0,0.0,0.0,0.0,1.0,1.0,0.0,0.0,0.0,1.0,1.0,0.4,0.4,0.4000000000000001,1.0,5.0,1.0,0.2,0.33333333333333337,1.0,1.0,0.5,0.4,0.4444444444444445,1.0,4.0,"[0, 1, 25, 26, 27]","[23, 33, 39, 40, 44, 48]",[23],[23],"[0, 13, 23, 25, 40]",[0],"[0, 13, 23, 25]",complete,
bm1,binary,1000,50,1.0,25,3991390135,reference,reference,20,0.95,2.0,2.0,0.0,0.0,0.0,1.0,5.0,0.0,0.0,0.0,1.0,0.0,0.0,0.0,0.0,1.0,1.0,0.2,0.2,0.20000000000000004,1.0,5.0,0.0,0.0,0.0,1.0,1.0,0.25,0.2,0.22222222222222224,1.0,4.0,"[0, 1, 25, 26, 27]","[3, 21, 23, 24, 39]",[],[24],"[3, 23, 24, 26, 40]",[24],"[23, 24, 26, 40]",complete,
bm1,binary,1000,50,1.0,25,3991390135,m_low,m,10,0.95,2.0,2.0,0.14285714285714285,0.2,0.16666666666666666,1.0,7.0,0.0,0.0,0.0,1.0,0.0,0.25,0.2,0.22222222222222224,1.0,4.0,0.42857142857142855,0.6,0.5,1.0,7.0,1.0,0.2,0.33333333333333337,1.0,1.0,0.5,0.4,0.4444444444444445,1.0,4.0,"[0, 1, 25, 26, 27]","[5, 16, 17, 24, 26, 32, 39]",[],"[5, 24, 26, 32]","[0, 1, 5, 16, 22, 26, 32]",[26],"[1, 5, 16, 26]",complete,
bm1,binary,1000,50,1.0,25,3991390135,m_high,m,50,0.95,2.0,2.0,0.14285714285714285,0.2,0.16666666666666666,1.0,7.0,0.0,0.0,0.0,1.0,0.0,0.0,0.0,0.0,1.0,3.0,0.25,0.2,0.22222222222222224,1.0,4.0,0.0,0.0,0.0,1.0,0.0,0.0,0.0,0.0,1.0,0.0,"[0, 1, 25, 26, 27]","[6, 18, 25, 31, 34, 41, 42]",[],"[31, 34, 42]","[10, 18, 25, 31]",[],[],complete,
bm1,binary,1000,50,1.0,25,3991390135,beta_low,beta,20,0.95,1.0,2.0,0.125,0.2,0.15384615384615385,1.0,8.0,0.0,0.0,0.0,1.0,0.0,0.0,0.0,0.0,1.0,1.0,0.0,0.0,0.0,1.0,5.0,0.0,0.0,0.0,1.0,0.0,0.0,0.0,0.0,1.0,1.0,"[0, 1, 25, 26, 27]","[5, 13, 18, 27, 28, 36, 44, 48]",[],[28],"[3, 10, 28, 31, 44]",[],[44],complete,
bm1,binary,1000,50,1.0,25,3991390135,beta_high,beta,20,0.95,3.0,2.0,0.0,0.0,0.0,1.0,6.0,0.0,0.0,0.0,1.0,0.0,0.0,0.0,0.0,1.0,1.0,0.16666666666666666,0.2,0.1818181818181818,1.0,6.0,0.0,0.0,0.0,1.0,0.0,0.25,0.2,0.22222222222222224,1.0,4.0,"[0, 1, 25, 26, 27]","[10, 13, 23, 38, 42, 45]",[],[45],"[0, 10, 18, 23, 42, 45]",[],"[0, 10, 42, 45]",complete,
bm1,binary,1000,50,1.0,25,3991390135,k_low,k,20,0.95,2.0,1.0,0.0,0.0,0.0,1.0,6.0,0.0,0.0,0.0,1.0,0.0,0.0,0.0,0.0,1.0,2.0,0.0,0.0,0.0,1.0,4.0,0.0,0.0,0.0,1.0,0.0,0.0,0.0,0.0,1.0,0.0,"[0, 1, 25, 26, 27]","[4, 29, 36, 37, 43, 48]",[],"[37, 48]","[4, 18, 30, 41]",[],[],complete,
bm1,binary,1000,50,1.0,25,3991390135,k_high,k,20,0.95,2.0,3.0,0.0,0.0,0.0,1.0,5.0,0.0,0.0,0.0,1.0,0.0,0.0,0.0,0.0,1.0,1.0,0.2,0.2,0.20000000000000004,1.0,5.0,1.0,0.2,0.33333333333333337,1.0,1.0,0.5,0.2,0.28571428571428575,1.0,2.0,"[0, 1, 25, 26, 27]","[3, 4, 10, 22, 28]",[],[4],"[3, 4, 12, 22, 26]",[26],"[4, 26]",complete,
bm1,binary,1000,50,1.0,26,1392990887,reference,reference,20,0.95,2.0,2.0,0.16666666666666666,0.2,0.1818181818181818,1.0,6.0,0.0,0.0,0.0,1.0,0.0,0.25,0.2,0.22222222222222224,1.0,4.0,0.25,0.2,0.22222222222222224,1.0,4.0,1.0,0.2,0.33333333333333337,1.0,1.0,0.5,0.2,0.28571428571428575,1.0,2.0,"[0, 1, 25, 26, 27]","[13, 17, 25, 32, 45, 47]",[],"[13, 17, 25, 32]","[17, 25, 32, 45]",[25],"[25, 45]",complete,
bm1,binary,1000,50,1.0,26,1392990887,m_low,m,10,0.95,2.0,2.0,0.0,0.0,0.0,1.0,4.0,0.0,0.0,0.0,1.0,0.0,0.0,0.0,0.0,1.0,3.0,0.0,0.0,0.0,1.0,4.0,0.0,0.0,0.0,1.0,0.0,0.0,0.0,0.0,1.0,2.0,"[0, 1, 25, 26, 27]","[12, 18, 22, 28]",[],"[12, 18, 28]","[5, 18, 22, 39]",[],"[18, 22]",complete,
bm1,binary,1000,50,1.0,26,1392990887,m_high,m,50,0.95,2.0,2.0,0.2,0.2,0.20000000000000004,1.0,5.0,0.0,0.0,0.0,1.0,0.0,0.5,0.2,0.28571428571428575,1.0,2.0,0.25,0.2,0.22222222222222224,1.0,4.0,1.0,0.2,0.33333333333333337,1.0,1.0,0.5,0.2,0.28571428571428575,1.0,2.0,"[0, 1, 25, 26, 27]","[17, 23, 25, 45, 46]",[],"[23, 25]","[5, 25, 30, 45]",[25],"[5, 25]",complete,
bm1,binary,1000,50,1.0,26,1392990887,beta_low,beta,20,0.95,1.0,2.0,0.125,0.2,0.15384615384615385,1.0,8.0,0.0,0.0,0.0,1.0,0.0,0.0,0.0,0.0,1.0,0.0,0.0,0.0,0.0,1.0,3.0,0.0,0.0,0.0,1.0,2.0,0.0,0.0,0.0,1.0,3.0,"[0, 1, 25, 26, 27]","[7, 9, 12, 13, 17, 25, 35, 40]",[],[],"[7, 9, 40]","[7, 40]","[7, 9, 40]",complete,
bm1,binary,1000,50,1.0,26,1392990887,beta_high,beta,20,0.95,3.0,2.0,0.14285714285714285,0.2,0.16666666666666666,1.0,7.0,0.0,0.0,0.0,1.0,0.0,1.0,0.2,0.33333333333333337,1.0,1.0,0.5,0.4,0.4444444444444445,1.0,4.0,0.0,0.0,0.0,1.0,0.0,1.0,0.2,0.33333333333333337,1.0,1.0,"[0, 1, 25, 26, 27]","[3, 12, 18, 25, 35, 42, 49]",[],[25],"[0, 21, 25, 47]",[],[25],complete,
bm1,binary,1000,50,1.0,26,1392990887,k_low,k,20,0.95,2.0,1.0,0.0,0.0,0.0,1.0,7.0,0.0,0.0,0.0,1.0,0.0,0.0,0.0,0.0,1.0,4.0,0.2,0.2,0.20000000000000004,1.0,5.0,1.0,0.2,0.33333333333333337,1.0,1.0,0.5,0.2,0.28571428571428575,1.0,2.0,"[0, 1, 25, 26, 27]","[6, 18, 23, 24, 31, 33, 46]",[],"[6, 18, 24, 31]","[14, 25, 42, 43, 46]",[25],"[25, 46]",complete,
bm1,binary,1000,50,1.0,26,1392990887,k_high,k,20,0.95,2.0,3.0,0.1,0.2,0.13333333333333333,1.0,10.0,0.0,0.0,0.0,1.0,0.0,0.25,0.2,0.22222222222222224,1.0,4.0,0.125,0.2,0.15384615384615385,1.0,8.0,1.0,0.2,0.33333333333333337,1.0,1.0,0.5,0.2,0.28571428571428575,1.0,2.0,"[0, 1, 25, 26, 27]","[6, 7, 18, 25, 30, 31, 33, 41, 46, 49]",[],"[6, 18, 25, 49]","[17, 18, 25, 28, 30, 33, 46, 49]",[25],"[25, 49]",complete,
bm1,binary,1000,50,1.0,27,4166051850,reference,reference,20,0.95,2.0,2.0,0.1111111111111111,0.2,0.14285714285714285,1.0,9.0,0.0,0.0,0.0,1.0,0.0,0.2,0.2,0.20000000000000004,1.0,5.0,0.2857142857142857,0.4,0.3333333333333333,1.0,7.0,0.0,0.0,0.0,1.0,0.0,0.5,0.4,0.4444444444444445,1.0,4.0,"[0, 1, 25, 26, 27]","[12, 19, 20, 25, 29, 33, 35, 37, 47]",[],"[12, 19, 25, 37, 47]","[12, 19, 20, 25, 26, 37, 47]",[],"[19, 25, 26, 47]",complete,
bm1,binary,1000,50,1.0,27,4166051850,m_low,m,10,0.95,2.0,2.0,0.125,0.2,0.15384615384615385,1.0,8.0,0.0,0.0,0.0,1.0,0.0,0.3333333333333333,0.2,0.25,1.0,3.0,0.09090909090909091,0.2,0.12500000000000003,1.0,11.0,0.0,0.0,0.0,1.0,0.0,0.2,0.2,0.20000000000000004,1.0,5.0,"[0, 1, 25, 26, 27]","[5, 9, 14, 25, 28, 38, 40, 41]",[],"[14, 25, 41]","[5, 9, 14, 25, 30, 34, 38, 40, 41, 47, 48]",[],"[5, 14, 25, 38, 41]",complete,
bm1,binary,1000,50,1.0,27,4166051850,m_high,m,50,0.95,2.0,2.0,0.0,0.0,0.0,1.0,6.0,0.0,0.0,0.0,1.0,0.0,0.0,0.0,0.0,1.0,3.0,0.2857142857142857,0.4,0.3333333333333333,1.0,7.0,0.0,0.0,0.0,1.0,0.0,0.0,0.0,0.0,1.0,1.0,"[0, 1, 25, 26, 27]","[6, 7, 20, 29, 41, 47]",[],"[7, 41, 47]","[1, 26, 29, 39, 41, 47, 48]",[],[41],complete,
bm1,binary,1000,50,1.0,27,4166051850,beta_low,beta,20,0.95,1.0,2.0,0.3333333333333333,0.4,0.3636363636363636,1.0,6.0,0.0,0.0,0.0,1.0,0.0,0.0,0.0,0.0,1.0,1.0,0.0,0.0,0.0,1.0,5.0,0.0,0.0,0.0,1.0,0.0,0.0,0.0,0.0,1.0,3.0,"[0, 1, 25, 26, 27]","[7, 26, 27, 38, 42, 45]",[],[38],"[9, 10, 30, 38, 42]",[],"[10, 30, 42]",complete,
bm1,binary,1000,50,1.0,27,4166051850,beta_high,beta,20,0.95,3.0,2.0,0.0,0.0,0.0,1.0,4.0,0.0,0.0,0.0,1.0,1.0,0.0,0.0,0.0,1.0,1.0,0.25,0.2,0.22222222222222224,1.0,4.0,0.0,0.0,0.0,1.0,1.0,0.0,0.0,0.0,1.0,2.0,"[0, 1, 25, 26, 27]","[18, 22, 46, 49]",[18],[18],"[11, 18, 25, 46]",[46],"[18, 46]",complete,
bm1,binary,1000,50,1.0,27,4166051850,k_low,k,20,0.95,2.0,1.0,0.0,0.0,0.0,1.0,3.0,0.0,0.0,0.0,1.0,0.0,0.0,0.0,0.0,1.0,1.0,0.14285714285714285,0.2,0.16666666666666666,1.0,7.0,0.0,0.0,0.0,1.0,0.0,0.0,0.0,0.0,1.0,1.0,"[0, 1, 25, 26, 27]","[9, 12, 18]",[],[18],"[0, 2, 3, 9, 13, 18, 38]",[],[9],complete,
bm1,binary,1000,50,1.0,27,4166051850,k_high,k,20,0.95,2.0,3.0,0.09090909090909091,0.2,0.12500000000000003,1.0,11.0,0.0,0.0,0.0,1.0,0.0,0.0,0.0,0.0,1.0,3.0,0.14285714285714285,0.2,0.16666666666666666,1.0,7.0,0.0,0.0,0.0,1.0,0.0,0.5,0.2,0.28571428571428575,1.0,2.0,"[0, 1, 25, 26, 27]","[4, 14, 15, 18, 21, 27, 31, 34, 36, 40, 47]",[],"[34, 36, 47]","[4, 18, 25, 33, 34, 40, 47]",[],"[25, 34]",complete,
bm1,binary,1000,50,1.0,28,3078200712,reference,reference,20,0.95,2.0,2.0,0.0,0.0,0.0,1.0,9.0,0.0,0.0,0.0,1.0,0.0,0.0,0.0,0.0,1.0,1.0,0.0,0.0,0.0,1.0,7.0,0.0,0.0,0.0,1.0,0.0,0.0,0.0,0.0,1.0,4.0,"[0, 1, 25, 26, 27]","[5, 8, 16, 17, 20, 21, 23, 24, 36]",[],[17],"[8, 9, 13, 14, 36, 43, 47]",[],"[8, 9, 13, 36]",complete,
bm1,binary,1000,50,1.0,28,3078200712,m_low,m,10,0.95,2.0,2.0,0.0,0.0,0.0,1.0,5.0,0.0,0.0,0.0,1.0,0.0,0.0,0.0,0.0,1.0,1.0,0.2,0.2,0.20000000000000004,1.0,5.0,0.0,0.0,0.0,1.0,0.0,0.0,0.0,0.0,1.0,1.0,"[0, 1, 25, 26, 27]","[7, 15, 17, 22, 29]",[],[7],"[3, 15, 23, 26, 40]",[],[15],complete,
bm1,binary,1000,50,1.0,28,3078200712,m_high,m,50,0.95,2.0,2.0,0.14285714285714285,0.2,0.16666666666666666,1.0,7.0,0.0,0.0,0.0,1.0,0.0,0.0,0.0,0.0,1.0,0.0,0.2,0.2,0.20000000000000004,1.0,5.0,1.0,0.2,0.33333333333333337,1.0,1.0,0.3333333333333333,0.2,0.25,1.0,3.0,"[0, 1, 25, 26, 27]","[22, 23, 24, 26, 34, 46, 47]",[],[],"[9, 22, 26, 34, 45]",[26],"[26, 34, 45]",complete,
bm1,binary,1000,50,1.0,28,3078200712,beta_low,beta,20,0.95,1.0,2.0,0.0,0.0,0.0,1.0,4.0,0.0,0.0,0.0,1.0,0.0,0.0,0.0,0.0,1.0,2.0,0.2,0.2,0.20000000000000004,1.0,5.0,0.0,0.0,0.0,1.0,0.0,1.0,0.2,0.33333333333333337,1.0,1.0,"[0, 1, 25, 26, 27]","[22, 28, 34, 38]",[],"[28, 34]","[0, 3, 8, 34, 35]",[],[0],complete,
bm1,binary,1000,50,1.0,28,3078200712,beta_high,beta,20,0.95,3.0,2.0,0.0,0.0,0.0,1.0,8.0,0.0,0.0,0.0,1.0,0.0,0.0,0.0,0.0,1.0,4.0,0.0,0.0,0.0,1.0,5.0,0.0,0.0,0.0,1.0,1.0,0.0,0.0,0.0,1.0,2.0,"[0, 1, 25, 26, 27]","[9, 10, 23, 31, 39, 42, 43, 45]",[],"[10, 23, 31, 42]","[9, 10, 23, 31, 43]",[10],"[10, 23]",complete,
bm1,binary,1000,50,1.0,28,3078200712,k_low,k,20,0.95,2.0,1.0,0.0,0.0,0.0,1.0,5.0,0.0,0.0,0.0,1.0,0.0,0.0,0.0,0.0,1.0,2.0,0.4,0.4,0.4000000000000001,1.0,5.0,0.0,0.0,0.0,1.0,0.0,0.0,0.0,0.0,1.0,1.0,"[0, 1, 25, 26, 27]","[15, 16, 17, 45, 49]",[],"[17, 49]","[1, 17, 25, 37, 46]",[],[17],complete,
bm1,binary,1000,50,1.0,28,3078200712,k_high,k,20,0.95,2.0,3.0,0.2857142857142857,0.4,0.3333333333333333,1.0,7.0,0.0,0.0,0.0,1.0,0.0,0.5,0.4,0.4444444444444445,1.0,4.0,0.5,0.8,0.6153846153846154,1.0,8.0,0.0,0.0,0.0,1.0,0.0,0.25,0.2,0.22222222222222224,1.0,4.0,"[0, 1, 25, 26, 27]","[10, 13, 26, 27, 42, 44, 48]",[],"[13, 26, 27, 42]","[0, 10, 12, 25, 26, 27, 41, 44]",[],"[10, 12, 26, 44]",complete,
bm1,binary,1000,50,1.0,29,2771110913,reference,reference,20,0.95,2.0,2.0,0.3333333333333333,0.4,0.3636363636363636,1.0,6.0,0.0,0.0,0.0,1.0,0.0,0.0,0.0,0.0,1.0,0.0,0.3333333333333333,0.4,0.3636363636363636,1.0,6.0,1.0,0.2,0.33333333333333337,1.0,1.0,1.0,0.4,0.5714285714285715,1.0,2.0,"[0, 1, 25, 26, 27]","[1, 13, 14, 20, 26, 47]",[],[],"[1, 2, 14, 26, 43, 49]",[26],"[1, 26]",complete,
bm1,binary,1000,50,1.0,29,2771110913,m_low,m,10,0.95,2.0,2.0,0.16666666666666666,0.2,0.1818181818181818,1.0,6.0,0.0,0.0,0.0,1.0,0.0,0.0,0.0,0.0,1.0,1.0,0.3333333333333333,0.4,0.3636363636363636,1.0,6.0,0.0,0.0,0.0,1.0,0.0,0.0,0.0,0.0,1.0,2.0,"[0, 1, 25, 26, 27]","[5, 17, 22, 27, 33, 36]",[],[33],"[1, 8, 23, 26, 29, 33]",[],"[29, 33]",complete,
bm1,binary,1000,50,1.0,29,2771110913,m_high,m,50,0.95,2.0,2.0,0.2,0.4,0.26666666666666666,1.0,10.0,0.0,0.0,0.0,1.0,0.0,0.5,0.2,0.28571428571428575,1.0,2.0,0.25,0.4,0.3076923076923077,1.0,8.0,0.0,0.0,0.0,1.0,0.0,0.5,0.2,0.28571428571428575,1.0,2.0,"[0, 1, 25, 26, 27]","[2, 5, 6, 13, 18, 20, 21, 25, 26, 45]",[],"[18, 26]","[5, 8, 13, 22, 25, 26, 32, 43]",[],"[13, 26]",complete,
bm1,binary,1000,50,1.0,29,2771110913,beta_low,beta,20,0.95,1.0,2.0,0.2857142857142857,0.4,0.3333333333333333,1.0,7.0,0.0,0.0,0.0,1.0,0.0,0.0,0.0,0.0,1.0,0.0,0.3333333333333333,0.6,0.42857142857142855,1.0,9.0,0.0,0.0,0.0,1.0,0.0,0.6,0.6,0.6,1.0,5.0,"[0, 1, 25, 26, 27]","[1, 9, 10, 12, 25, 36, 40]",[],[],"[1, 9, 10, 25, 26, 36, 43, 47, 49]",[],"[1, 25, 26, 36, 47]",complete,
bm1,binary,1000,50,1.0,29,2771110913,beta_high,beta,20,0.95,3.0,2.0,0.0,0.0,0.0,1.0,6.0,0.0,0.0,0.0,1.0,0.0,0.0,0.0,0.0,1.0,3.0,0.2,0.2,0.20000000000000004,1.0,5.0,0.0,0.0,0.0,1.0,0.0,0.5,0.2,0.28571428571428575,1.0,2.0,"[0, 1, 25, 26, 27]","[2, 7, 21, 32, 37, 48]",[],"[2, 7, 21]","[7, 14, 21, 26, 32]",[],"[7, 26]",complete,
bm1,binary,1000,50,1.0,29,2771110913,k_low,k,20,0.95,2.0,1.0,0.2,0.2,0.20000000000000004,1.0,5.0,0.0,0.0,0.0,1.0,0.0,0.0,0.0,0.0,1.0,1.0,0.5,0.4,0.4444444444444445,1.0,4.0,0.0,0.0,0.0,1.0,0.0,0.5,0.2,0.28571428571428575,1.0,2.0,"[0, 1, 25, 26, 27]","[2, 7, 26, 38, 49]",[],[2],"[1, 16, 26, 31]",[],"[16, 26]",complete,
bm1,binary,1000,50,1.0,29,2771110913,k_high,k,20,0.95,2.0,3.0,0.16666666666666666,0.2,0.1818181818181818,1.0,6.0,0.0,0.0,0.0,1.0,0.0,0.0,0.0,0.0,1.0,3.0,0.3333333333333333,0.2,0.25,1.0,3.0,0.0,0.0,0.0,1.0,0.0,0.5,0.2,0.28571428571428575,1.0,2.0,"[0, 1, 25, 26, 27]","[2, 18, 21, 23, 27, 31]",[],"[2, 23, 31]","[26, 31, 35]",[],"[26, 31]",complete,
bm1,binary,1000,50,1.0,30,1244912437,reference,reference,20,0.95,2.0,2.0,0.25,0.4,0.3076923076923077,1.0,8.0,0.0,0.0,0.0,1.0,0.0,0.0,0.0,0.0,1.0,1.0,0.42857142857142855,0.6,0.5,1.0,7.0,0.0,0.0,0.0,1.0,0.0,0.5,0.2,0.28571428571428575,1.0,2.0,"[0, 1, 25, 26, 27]","[8, 18, 25, 27, 30, 34, 38, 41]",[],[34],"[0, 1, 12, 13, 25, 34, 49]",[],"[25, 49]",complete,
bm1,binary,1000,50,1.0,30,1244912437,m_low,m,10,0.95,2.0,2.0,0.0,0.0,0.0,1.0,6.0,0.0,0.0,0.0,1.0,0.0,0.0,0.0,0.0,1.0,2.0,0.375,0.6,0.4615384615384615,1.0,8.0,0.0,0.0,0.0,1.0,0.0,1.0,0.2,0.33333333333333337,1.0,1.0,"[0, 1, 25, 26, 27]","[11, 28, 29, 37, 41, 47]",[],"[28, 41]","[10, 11, 16, 24, 25, 26, 27, 45]",[],[25],complete,
bm1,binary,1000,50,1.0,30,1244912437,m_high,m,50,0.95,2.0,2.0,0.2,0.2,0.20000000000000004,1.0,5.0,0.0,0.0,0.0,1.0,0.0,0.0,0.0,0.0,1.0,0.0,0.5714285714285714,0.8,0.6666666666666666,1.0,7.0,1.0,0.2,0.33333333333333337,1.0,1.0,0.75,0.6,0.6666666666666665,1.0,4.0,"[0, 1, 25, 26, 27]","[2, 4, 25, 31, 48]",[],[],"[0, 1, 2, 4, 16, 25, 26]",[0],"[0, 4, 25, 26]",complete,
bm1,binary,1000,50,1.0,30,1244912437,beta_low,beta,20,0.95,1.0,2.0,0.0,0.0,0.0,1.0,5.0,0.0,0.0,0.0,1.0,0.0,0.0,0.0,0.0,1.0,0.0,0.4,0.4,0.4000000000000001,1.0,5.0,1.0,0.2,0.33333333333333337,1.0,1.0,1.0,0.2,0.33333333333333337,1.0,1.0,"[0, 1, 25, 26, 27]","[11, 16, 30, 34, 41]",[],[],"[1, 16, 24, 25, 34]",[1],[1],complete,
bm1,binary,1000,50,1.0,30,1244912437,beta_high,beta,20,0.95,3.0,2.0,0.125,0.2,0.15384615384615385,1.0,8.0,0.0,0.0,0.0,1.0,0.0,0.0,0.0,0.0,1.0,1.0,0.25,0.4,0.3076923076923077,1.0,8.0,0.0,0.0,0.0,1.0,0.0,0.6666666666666666,0.4,0.5,1.0,3.0,"[0, 1, 25, 26, 27]","[2, 10, 14, 17, 18, 23, 26, 35]",[],[23],"[10, 12, 16, 17, 25, 26, 29, 49]",[],"[10, 25, 26]",complete,
bm1,binary,1000,50,1.0,30,1244912437,k_low,k,20,0.95,2.0,1.0,0.0,0.0,0.0,1.0,5.0,0.0,0.0,0.0,1.0,3.0,0.0,0.0,0.0,1.0,4.0,0.3,0.6,0.4,1.0,10.0,0.0,0.0,0.0,1.0,0.0,0.4,0.4,0.4000000000000001,1.0,5.0,"[0, 1, 25, 26, 27]","[2, 12, 23, 36, 49]","[2, 12, 23]","[2, 12, 23, 36]","[0, 11, 12, 21, 22, 25, 27, 34, 36, 49]",[],"[0, 12, 21, 25, 34]",complete,
bm1,binary,1000,50,1.0,30,1244912437,k_high,k,20,0.95,2.0,3.0,0.16666666666666666,0.2,0.1818181818181818,1.0,6.0,0.0,0.0,0.0,1.0,0.0,0.5,0.2,0.28571428571428575,1.0,2.0,0.25,0.4,0.3076923076923077,1.0,8.0,0.0,0.0,0.0,1.0,0.0,1.0,0.2,0.33333333333333337,1.0,1.0,"[0, 1, 25, 26, 27]","[2, 3, 9, 10, 25, 43]",[],"[2, 25]","[1, 2, 3, 10, 12, 25, 34, 41]",[],[25],complete,
bm1,binary,1000,50,1.0,31,2022543292,reference,reference,20,0.95,2.0,2.0,0.16666666666666666,0.2,0.1818181818181818,1.0,6.0,0.0,0.0,0.0,1.0,0.0,0.5,0.2,0.28571428571428575,1.0,2.0,0.2857142857142857,0.4,0.3333333333333333,1.0,7.0,0.0,0.0,0.0,1.0,0.0,0.2,0.2,0.20000000000000004,1.0,5.0,"[0, 1, 25, 26, 27]","[2, 10, 25, 28, 43, 45]",[],"[25, 45]","[0, 2, 4, 7, 25, 28, 42]",[],"[2, 7, 25, 28, 42]",complete,
bm1,binary,1000,50,1.0,31,2022543292,m_low,m,10,0.95,2.0,2.0,0.0,0.0,0.0,1.0,1.0,0.0,0.0,0.0,1.0,0.0,0.0,0.0,0.0,1.0,0.0,0.42857142857142855,0.6,0.5,1.0,7.0,0.0,0.0,0.0,1.0,0.0,0.5,0.2,0.28571428571428575,1.0,2.0,"[0, 1, 25, 26, 27]",[47],[],[],"[0, 1, 7, 8, 17, 25, 47]",[],"[25, 47]",complete,
bm1,binary,1000,50,1.0,31,2022543292,m_high,m,50,0.95,2.0,2.0,0.0,0.0,0.0,1.0,8.0,0.0,0.0,0.0,1.0,0.0,0.0,0.0,0.0,1.0,1.0,0.8,0.8,0.8000000000000002,1.0,5.0,1.0,0.2,0.33333333333333337,1.0,1.0,1.0,0.8,0.888888888888889,1.0,4.0,"[0, 1, 25, 26, 27]","[7, 13, 20, 24, 29, 34, 36, 43]",[],[7],"[1, 7, 25, 26, 27]",[25],"[1, 25, 26, 27]",complete,
bm1,binary,1000,50,1.0,31,2022543292,beta_low,beta,20,0.95,1.0,2.0,0.2,0.2,0.20000000000000004,1.0,5.0,0.0,0.0,0.0,1.0,0.0,1.0,0.2,0.33333333333333337,1.0,1.0,0.3333333333333333,0.4,0.3636363636363636,1.0,6.0,1.0,0.2,0.33333333333333337,1.0,1.0,1.0,0.4,0.5714285714285715,1.0,2.0,"[0, 1, 25, 26, 27]","[2, 4, 5, 25, 45]",[],[25],"[0, 2, 11, 25, 32, 45]",[0],"[0, 25]",complete,
bm1,binary,1000,50,1.0,31,2022543292,beta_high,beta,20,0.95,3.0,2.0,0.16666666666666666,0.2,0.1818181818181818,1.0,6.0,0.0,0.0,0.0,1.0,0.0,0.0,0.0,0.0,1.0,0.0,0.2857142857142857,0.4,0.3333333333333333,1.0,7.0,0.0,0.0,0.0,1.0,0.0,0.6666666666666666,0.4,0.5,1.0,3.0,"[0, 1, 25, 26, 27]","[7, 26, 29, 34, 39, 44]",[],[],"[15, 25, 26, 30, 34, 39, 41]",[],"[25, 26, 41]",complete,
bm1,binary,1000,50,1.0,31,2022543292,k_low,k,20,0.95,2.0,1.0,0.125,0.2,0.15384615384615385,1.0,8.0,0.0,0.0,0.0,1.0,1.0,0.0,0.0,0.0,1.0,3.0,0.4,0.4,0.4000000000000001,1.0,5.0,0.0,0.0,0.0,1.0,0.0,0.5,0.4,0.4444444444444445,1.0,4.0,"[0, 1, 25, 26, 27]","[2, 9, 18, 19, 27, 28, 30, 44]",[18],"[18, 19, 44]","[0, 14, 19, 27, 28]",[],"[0, 19, 27, 28]",complete,
bm1,binary,1000,50,1.0,31,2022543292,k_high,k,20,0.95,2.0,3.0,0.0,0.0,0.0,1.0,5.0,0.0,0.0,0.0,1.0,0.0,0.0,0.0,0.0,1.0,3.0,0.2222222222222222,0.4,0.2857142857142857,1.0,9.0,1.0,0.2,0.33333333333333337,1.0,1.0,1.0,0.4,0.5714285714285715,1.0,2.0,"[0, 1, 25, 26, 27]","[4, 10, 14, 16, 28]",[],"[4, 16, 28]","[0, 1, 3, 4, 13, 16, 19, 28, 34]",[0],"[0, 1]",complete,
bm1,binary,1000,50,1.0,32,1388971751,reference,reference,20,0.95,2.0,2.0,0.0,0.0,0.0,1.0,6.0,0.0,0.0,0.0,1.0,0.0,0.0,0.0,0.0,1.0,1.0,0.16666666666666666,0.2,0.1818181818181818,1.0,6.0,0.0,0.0,0.0,1.0,0.0,0.0,0.0,0.0,1.0,3.0,"[0, 1, 25, 26, 27]","[10, 19, 22, 23, 24, 40]",[],[24],"[17, 18, 21, 24, 26, 40]",[],"[18, 24, 40]",complete,
bm1,binary,1000,50,1.0,32,1388971751,m_low,m,10,0.95,2.0,2.0,0.0,0.0,0.0,1.0,6.0,0.0,0.0,0.0,1.0,0.0,0.0,0.0,0.0,1.0,1.0,0.0,0.0,0.0,1.0,7.0,0.0,0.0,0.0,1.0,0.0,0.0,0.0,0.0,1.0,3.0,"[0, 1, 25, 26, 27]","[6, 9, 23, 24, 30, 33]",[],[9],"[6, 14, 24, 30, 35, 41, 45]",[],"[14, 24, 30]",complete,
bm1,binary,1000,50,1.0,32,1388971751,m_high,m,50,0.95,2.0,2.0,0.0,0.0,0.0,1.0,4.0,0.0,0.0,0.0,1.0,0.0,0.0,0.0,0.0,1.0,1.0,0.0,0.0,0.0,1.0,6.0,0.0,0.0,0.0,1.0,0.0,0.0,0.0,0.0,1.0,1.0,"[0, 1, 25, 26, 27]","[8, 13, 15, 37]",[],[13],"[8, 13, 14, 24, 33, 48]",[],[14],complete,
bm1,binary,1000,50,1.0,32,1388971751,beta_low,beta,20,0.95,1.0,2.0,0.2,0.2,0.20000000000000004,1.0,5.0,0.0,0.0,0.0,1.0,0.0,0.0,0.0,0.0,1.0,0.0,0.6,0.6,0.6,1.0,5.0,0.0,0.0,0.0,1.0,0.0,1.0,0.2,0.33333333333333337,1.0,1.0,"[0, 1, 25, 26, 27]","[11, 17, 22, 26, 46]",[],[],"[1, 5, 17, 25, 26]",[],[1],complete,
bm1,binary,1000,50,1.0,32,1388971751,beta_high,beta,20,0.95,3.0,2.0,0.16666666666666666,0.2,0.1818181818181818,1.0,6.0,0.0,0.0,0.0,1.0,1.0,0.0,0.0,0.0,1.0,4.0,0.3333333333333333,0.4,0.3636363636363636,1.0,6.0,0.0,0.0,0.0,1.0,0.0,0.5,0.4,0.4444444444444445,1.0,4.0,"[0, 1, 25, 26, 27]","[7, 19, 22, 23, 25, 33]",[22],"[19, 22, 23, 33]","[0, 14, 17, 19, 25, 33]",[],"[0, 19, 25, 33]",complete,
bm1,binary,1000,50,1.0,32,1388971751,k_low,k,20,0.95,2.0,1.0,0.0,0.0,0.0,1.0,5.0,0.0,0.0,0.0,1.0,0.0,0.0,0.0,0.0,1.0,2.0,0.3333333333333333,0.4,0.3636363636363636,1.0,6.0,0.0,0.0,0.0,1.0,0.0,0.3333333333333333,0.2,0.25,1.0,3.0,"[0, 1, 25, 26, 27]","[7, 12, 13, 20, 33]",[],"[7, 20]","[0, 3, 12, 18, 26, 29]",[],"[3, 26, 29]",complete,
bm1,binary,1000,50,1.0,32,1388971751,k_high,k,20,0.95,2.0,3.0,0.0,0.0,0.0,1.0,4.0,0.0,0.0,0.0,1.0,0.0,0.0,0.0,0.0,1.0,2.0,0.16666666666666666,0.2,0.1818181818181818,1.0,6.0,1.0,0.2,0.33333333333333337,1.0,1.0,0.25,0.2,0.22222222222222224,1.0,4.0,"[0, 1, 25, 26, 27]","[13, 37, 39, 44]",[],"[13, 39]","[1, 5, 37, 39, 40, 48]",[1],"[1, 5, 37, 39]",complete,
bm1,binary,1000,50,1.0,33,1761694769,reference,reference,20,0.95,2.0,2.0,0.0,0.0,0.0,1.0,4.0,0.0,0.0,0.0,1.0,0.0,0.0,0.0,0.0,1.0,2.0,0.16666666666666666,0.2,0.1818181818181818,1.0,6.0,0.0,0.0,0.0,1.0,0.0,0.3333333333333333,0.2,0.25,1.0,3.0,"[0, 1, 25, 26, 27]","[4, 13, 36, 42]",[],"[36, 42]","[0, 4, 24, 28, 33, 49]",[],"[0, 33, 49]",complete,
bm1,binary,1000,50,1.0,33,1761694769,m_low,m,10,0.95,2.0,2.0,0.14285714285714285,0.2,0.16666666666666666,1.0,7.0,0.0,0.0,0.0,1.0,0.0,0.0,0.0,0.0,1.0,2.0,0.2222222222222222,0.4,0.2857142857142857,1.0,9.0,0.0,0.0,0.0,1.0,0.0,0.5,0.4,0.4444444444444445,1.0,4.0,"[0, 1, 25, 26, 27]","[2, 4, 10, 12, 14, 26, 41]",[],"[10, 12]","[2, 4, 12, 17, 20, 26, 27, 41, 49]",[],"[12, 26, 27, 41]",complete,
bm1,binary,1000,50,1.0,33,1761694769,m_high,m,50,0.95,2.0,2.0,0.0,0.0,0.0,1.0,4.0,0.0,0.0,0.0,1.0,0.0,0.0,0.0,0.0,1.0,1.0,0.3333333333333333,0.4,0.3636363636363636,1.0,6.0,0.0,0.0,0.0,1.0,1.0,0.0,0.0,0.0,1.0,1.0,"[0, 1, 25, 26, 27]","[10, 23, 29, 46]",[],[29],"[0, 1, 7, 18, 20, 34]",[20],[20],complete,
bm1,binary,1000,50,1.0,33,1761694769,beta_low,beta,20,0.95,1.0,2.0,0.0,0.0,0.0,1.0,6.0,0.0,0.0,0.0,1.0,0.0,0.0,0.0,0.0,1.0,2.0,0.16666666666666666,0.2,0.1818181818181818,1.0,6.0,0.0,0.0,0.0,1.0,0.0,0.0,0.0,0.0,1.0,0.0,"[0, 1, 25, 26, 27]","[6, 11, 38, 39, 42, 44]",[],"[6, 11]","[0, 16, 18, 20, 21, 31]",[],[],complete,
bm1,binary,1000,50,1.0,33,1761694769,beta_high,beta,20,0.95,3.0,2.0,0.0,0.0,0.0,1.0,9.0,0.0,0.0,0.0,1.0,0.0,0.0,0.0,0.0,1.0,1.0,0.5,0.6,0.5454545454545454,1.0,6.0,0.0,0.0,0.0,1.0,0.0,0.5,0.6,0.5454545454545454,1.0,6.0,"[0, 1, 25, 26, 27]","[6, 12, 22, 28, 32, 34, 38, 46, 48]",[],[22],"[1, 6, 25, 26, 28, 48]",[],"[1, 6, 25, 26, 28, 48]",complete,
bm1,binary,1000,50,1.0,33,1761694769,k_low,k,20,0.95,2.0,1.0,0.4,0.8,0.5333333333333333,1.0,10.0,0.0,0.0,0.0,1.0,0.0,0.0,0.0,0.0,1.0,1.0,0.5,0.8,0.6153846153846154,1.0,8.0,0.0,0.0,0.0,1.0,0.0,0.4,0.4,0.4000000000000001,1.0,5.0,"[0, 1, 25, 26, 27]","[0, 1, 9, 12, 19, 25, 27, 38, 45, 48]",[],[38],"[0, 1, 9, 24, 25, 27, 45, 47]",[],"[0, 9, 24, 25, 45]",complete,
bm1,binary,1000,50,1.0,33,1761694769,k_high,k,20,0.95,2.0,3.0,0.125,0.2,0.15384615384615385,1.0,8.0,0.0,0.0,0.0,1.0,0.0,0.5,0.2,0.28571428571428575,1.0,2.0,0.3333333333333333,0.2,0.25,1.0,3.0,0.0,0.0,0.0,1.0,0.0,1.0,0.2,0.33333333333333337,1.0,1.0,"[0, 1, 25, 26, 27]","[2, 10, 11, 12, 14, 26, 40, 43]",[],"[12, 26]","[12, 26, 43]",[],[26],complete,
bm1,binary,1000,50,1.0,34,770844848,reference,reference,20,0.95,2.0,2.0,0.16666666666666666,0.2,0.1818181818181818,1.0,6.0,0.0,0.0,0.0,1.0,0.0,0.0,0.0,0.0,1.0,1.0,0.16666666666666666,0.2,0.1818181818181818,1.0,6.0,0.0,0.0,0.0,1.0,0.0,0.5,0.2,0.28571428571428575,1.0,2.0,"[0, 1, 25, 26, 27]","[2, 7, 26, 40, 41, 46]",[],[41],"[20, 26, 28, 40, 41, 49]",[],"[26, 41]",complete,
bm1,binary,1000,50,1.0,34,770844848,m_low,m,10,0.95,2.0,2.0,0.4,0.4,0.4000000000000001,1.0,5.0,0.0,0.0,0.0,1.0,1.0,0.3333333333333333,0.2,0.25,1.0,3.0,0.3333333333333333,0.4,0.3636363636363636,1.0,6.0,0.0,0.0,0.0,1.0,0.0,0.25,0.2,0.22222222222222224,1.0,4.0,"[0, 1, 25, 26, 27]","[1, 2, 9, 16, 26]",[16],"[1, 9, 16]","[0, 2, 12, 16, 19, 26]",[],"[2, 12, 19, 26]",complete,
bm1,binary,1000,50,1.0,34,770844848,m_high,m,50,0.95,2.0,2.0,0.0,0.0,0.0,1.0,5.0,0.0,0.0,0.0,1.0,0.0,0.0,0.0,0.0,1.0,2.0,0.2857142857142857,0.4,0.3333333333333333,1.0,7.0,0.0,0.0,0.0,1.0,0.0,0.5,0.2,0.28571428571428575,1.0,2.0,"[0, 1, 25, 26, 27]","[2, 7, 9, 17, 41]",[],"[2, 41]","[0, 2, 7, 20, 21, 26, 41]",[],"[26, 41]",complete,
bm1,binary,1000,50,1.0,34,770844848,beta_low,beta,20,0.95,1.0,2.0,0.0,0.0,0.0,1.0,5.0,0.0,0.0,0.0,1.0,2.0,0.0,0.0,0.0,1.0,3.0,0.0,0.0,0.0,1.0,4.0,0.0,0.0,0.0,1.0,1.0,0.0,0.0,0.0,1.0,3.0,"[0, 1, 25, 26, 27]","[28, 32, 44, 45, 49]","[28, 45]","[28, 44, 45]","[28, 42, 44, 45]",[44],"[28, 44, 45]",complete,
bm1,binary,1000,50,1.0,34,770844848,beta_high,beta,20,0.95,3.0,2.0,0.125,0.2,0.15384615384615385,1.0,8.0,0.0,0.0,0.0,1.0,0.0,0.5,0.2,0.28571428571428575,1.0,2.0,0.2,0.2,0.20000000000000004,1.0,5.0,0.0,0.0,0.0,1.0,0.0,0.0,0.0,0.0,1.0,0.0,"[0, 1, 25, 26, 27]","[7, 27, 29, 31, 36, 40, 47, 48]",[],"[27, 31]","[27, 29, 31, 38, 48]",[],[],complete,
bm1,binary,1000,50,1.0,34,770844848,k_low,k,20,0.95,2.0,1.0,0.2857142857142857,0.4,0.3333333333333333,1.0,7.0,1.0,0.2,0.33333333333333337,1.0,1.0,0.3333333333333333,0.2,0.25,1.0,3.0,0.3333333333333333,0.2,0.25,1.0,3.0,0.0,0.0,0.0,1.0,0.0,0.0,0.0,0.0,1.0,0.0,"[0, 1, 25, 26, 27]","[0, 5, 15, 17, 22, 25, 34]",[25],"[22, 25, 34]","[17, 22, 25]",[],[],complete,
bm1,binary,1000,50,1.0,34,770844848,k_high,k,20,0.95,2.0,3.0,0.16666666666666666,0.2,0.1818181818181818,1.0,6.0,0.0,0.0,0.0,1.0,0.0,0.0,0.0,0.0,1.0,0.0,0.16666666666666666,0.2,0.1818181818181818,1.0,6.0,0.0,0.0,0.0,1.0,0.0,0.0,0.0,0.0,1.0,0.0,"[0, 1, 25, 26, 27]","[5, 9, 10, 15, 27, 32]",[],[],"[5, 11, 27, 32, 33, 42]",[],[],complete,
bm1,binary,1000,50,1.0,35,2570394876,reference,reference,20,0.95,2.0,2.0,0.0,0.0,0.0,1.0,8.0,0.0,0.0,0.0,1.0,0.0,0.0,0.0,0.0,1.0,0.0,0.6,0.6,0.6,1.0,5.0,0.0,0.0,0.0,1.0,0.0,1.0,0.4,0.5714285714285715,1.0,2.0,"[0, 1, 25, 26, 27]","[7, 15, 18, 34, 36, 43, 46, 49]",[],[],"[0, 1, 20, 25, 33]",[],"[1, 25]",complete,
bm1,binary,1000,50,1.0,35,2570394876,m_low,m,10,0.95,2.0,2.0,0.14285714285714285,0.2,0.16666666666666666,1.0,7.0,0.0,0.0,0.0,1.0,0.0,1.0,0.2,0.33333333333333337,1.0,1.0,0.3333333333333333,0.4,0.3636363636363636,1.0,6.0,0.0,0.0,0.0,1.0,0.0,1.0,0.2,0.33333333333333337,1.0,1.0,"[0, 1, 25, 26, 27]","[13, 17, 19, 22, 25, 43, 44]",[],[25],"[1, 2, 14, 17, 25, 40]",[],[25],complete,
bm1,binary,1000,50,1.0,35,2570394876,m_high,m,50,0.95,2.0,2.0,0.0,0.0,0.0,1.0,5.0,0.0,0.0,0.0,1.0,0.0,0.0,0.0,0.0,1.0,2.0,0.4444444444444444,0.8,0.5714285714285714,1.0,9.0,0.0,0.0,0.0,1.0,0.0,0.3333333333333333,0.2,0.25,1.0,3.0,"[0, 1, 25, 26, 27]","[3, 13, 29, 31, 46]",[],"[3, 46]","[0, 1, 3, 12, 13, 14, 25, 26, 36]",[],"[1, 3, 12]",complete,
bm1,binary,1000,50,1.0,35,2570394876,beta_low,beta,20,0.95,1.0,2.0,0.14285714285714285,0.2,0.16666666666666666,1.0,7.0,0.0,0.0,0.0,1.0,0.0,0.0,0.0,0.0,1.0,0.0,0.42857142857142855,0.6,0.5,1.0,7.0,0.0,0.0,0.0,1.0,0.0,1.0,0.4,0.5714285714285715,1.0,2.0,"[0, 1, 25, 26, 27]","[25, 38, 39, 42, 43, 46, 48]",[],[],"[0, 1, 22, 24, 25, 40, 44]",[],"[0, 25]",complete,
bm1,binary,1000,50,1.0,35,2570394876,beta_high,beta,20,0.95,3.0,2.0,0.0,0.0,0.0,1.0,6.0,0.0,0.0,0.0,1.0,0.0,0.0,0.0,0.0,1.0,1.0,0.375,0.6,0.4615384615384615,1.0,8.0,0.0,0.0,0.0,1.0,0.0,0.4,0.4,0.4000000000000001,1.0,5.0,"[0, 1, 25, 26, 27]","[11, 16, 29, 35, 43, 49]",[],[35],"[0, 1, 6, 26, 33, 35, 40, 43]",[],"[1, 26, 33, 35, 43]",complete,
bm1,binary,1000,50,1.0,35,2570394876,k_low,k,20,0.95,2.0,1.0,0.2,0.2,0.20000000000000004,1.0,5.0,0.0,0.0,0.0,1.0,0.0,1.0,0.2,0.33333333333333337,1.0,1.0,0.6,0.6,0.6,1.0,5.0,0.0,0.0,0.0,1.0,0.0,1.0,0.4,0.5714285714285715,1.0,2.0,"[0, 1, 25, 26, 27]","[11, 21, 25, 35, 37]",[],[25],"[0, 1, 11, 25, 30]",[],"[0, 25]",complete,
bm1,binary,1000,50,1.0,35,2570394876,k_high,k,20,0.95,2.0,3.0,0.0,0.0,0.0,1.0,4.0,0.0,0.0,0.0,1.0,0.0,0.0,0.0,0.0,1.0,2.0,0.42857142857142855,0.6,0.5,1.0,7.0,1.0,0.2,0.33333333333333337,1.0,1.0,0.6666666666666666,0.4,0.5,1.0,3.0,"[0, 1, 25, 26, 27]","[20, 21, 42, 46]",[],"[21, 46]","[0, 1, 16, 25, 33, 39, 42]",[1],"[1, 25, 42]",complete,
bm1,binary,1000,50,1.0,36,2661082423,reference,reference,20,0.95,2.0,2.0,0.0,0.0,0.0,1.0,8.0,0.0,0.0,0.0,1.0,1.0,0.0,0.0,0.0,1.0,2.0,0.2857142857142857,0.4,0.3333333333333333,1.0,7.0,0.0,0.0,0.0,1.0,0.0,0.5,0.2,0.28571428571428575,1.0,2.0,"[0, 1, 25, 26, 27]","[2, 4, 14, 24, 38, 42, 43, 49]",[4],"[4, 42]","[1, 4, 6, 26, 42, 43, 45]",[],"[4, 26]",complete,
bm1,binary,1000,50,1.0,36,2661082423,m_low,m,10,0.95,2.0,2.0,0.25,0.2,0.22222222222222224,1.0,4.0,0.0,0.0,0.0,1.0,0.0,0.0,0.0,0.0,1.0,0.0,0.2857142857142857,0.4,0.3333333333333333,1.0,7.0,0.0,0.0,0.0,1.0,0.0,0.6666666666666666,0.4,0.5,1.0,3.0,"[0, 1, 25, 26, 27]","[15, 24, 26, 48]",[],[],"[3, 10, 16, 20, 25, 26, 39]",[],"[10, 25, 26]",complete,
bm1,binary,1000,50,1.0,36,2661082423,m_high,m,50,0.95,2.0,2.0,0.0,0.0,0.0,1.0,7.0,0.0,0.0,0.0,1.0,0.0,0.0,0.0,0.0,1.0,1.0,0.25,0.2,0.22222222222222224,1.0,4.0,0.0,0.0,0.0,1.0,0.0,0.5,0.2,0.28571428571428575,1.0,2.0,"[0, 1, 25, 26, 27]","[4, 6, 13, 16, 17, 31, 32]",[],[16],"[1, 7, 12, 16]",[],"[1, 12]",complete,
bm1,binary,1000,50,1.0,36,2661082423,beta_low,beta,20,0.95,1.0,2.0,0.14285714285714285,0.2,0.16666666666666666,1.0,7.0,0.0,0.0,0.0,1.0,0.0,0.0,0.0,0.0,1.0,3.0,0.14285714285714285,0.2,0.16666666666666666,1.0,7.0,0.0,0.0,0.0,1.0,0.0,0.3333333333333333,0.2,0.25,1.0,3.0,"[0, 1, 25, 26, 27]","[4, 10, 17, 20, 22, 27, 43]",[],"[4, 20, 22]","[3, 10, 20, 22, 25, 44, 46]",[],"[3, 20, 25]",complete,
bm1,binary,1000,50,1.0,36,2661082423,beta_high,beta,20,0.95,3.0,2.0,0.0,0.0,0.0,1.0,7.0,0.0,0.0,0.0,1.0,0.0,0.0,0.0,0.0,1.0,1.0,0.0,0.0,0.0,1.0,5.0,0.0,0.0,0.0,1.0,0.0,0.0,0.0,0.0,1.0,1.0,"[0, 1, 25, 26, 27]","[17, 29, 36, 40, 41, 42, 48]",[],[29],"[12, 20, 22, 44, 49]",[],[22],complete,
bm1,binary,1000,50,1.0,36,2661082423,k_low,k,20,0.95,2.0,1.0,0.375,0.6,0.4615384615384615,1.0,8.0,0.0,0.0,0.0,1.0,0.0,0.3333333333333333,0.2,0.25,1.0,3.0,0.3333333333333333,0.4,0.3636363636363636,1.0,6.0,0.0,0.0,0.0,1.0,1.0,0.3333333333333333,0.2,0.25,1.0,3.0,"[0, 1, 25, 26, 27]","[2, 25, 26, 27, 28, 36, 38, 40]",[],"[25, 28, 38]","[1, 4, 7, 24, 25, 44]",[7],"[7, 24, 25]",complete,
bm1,binary,1000,50,1.0,36,2661082423,k_high,k,20,0.95,2.0,3.0,0.0,0.0,0.0,1.0,8.0,0.0,0.0,0.0,1.0,1.0,0.0,0.0,0.0,1.0,1.0,0.375,0.6,0.4615384615384615,1.0,8.0,0.0,0.0,0.0,1.0,1.0,0.3333333333333333,0.2,0.25,1.0,3.0,"[0, 1, 25, 26, 27]","[5, 6, 21, 22, 23, 33, 45, 49]",[5],[21],"[0, 5, 21, 22, 23, 25, 26, 36]",[21],"[21, 23, 25]",complete,
bm1,binary,1000,50,1.0,37,841783862,reference,reference,20,0.95,2.0,2.0,0.0,0.0,0.0,1.0,7.0,0.0,0.0,0.0,1.0,0.0,0.0,0.0,0.0,1.0,2.0,0.0,0.0,0.0,1.0,7.0,0.0,0.0,0.0,1.0,0.0,0.0,0.0,0.0,1.0,1.0,"[0, 1, 25, 26, 27]","[21, 22, 24, 28, 29, 36, 39]",[],"[21, 24]","[12, 13, 16, 20, 21, 29, 39]",[],[20],complete,
bm1,binary,1000,50,1.0,37,841783862,m_low,m,10,0.95,2.0,2.0,0.125,0.2,0.15384615384615385,1.0,8.0,0.0,0.0,0.0,1.0,0.0,0.0,0.0,0.0,1.0,4.0,0.2,0.2,0.20000000000000004,1.0,5.0,0.0,0.0,0.0,1.0,0.0,0.0,0.0,0.0,1.0,1.0,"[0, 1, 25, 26, 27]","[7, 10, 15, 20, 25, 33, 38, 49]",[],"[7, 10, 15, 20]","[7, 10, 15, 25, 38]",[],[15],complete,
bm1,binary,1000,50,1.0,37,841783862,m_high,m,50,0.95,2.0,2.0,0.0,0.0,0.0,1.0,2.0,0.0,0.0,0.0,1.0,0.0,0.0,0.0,0.0,1.0,0.0,0.2,0.2,0.20000000000000004,1.0,5.0,0.0,0.0,0.0,1.0,1.0,0.0,0.0,0.0,1.0,0.0,"[0, 1, 25, 26, 27]","[12, 46]",[],[],"[1, 15, 20, 35, 38]",[15],[],complete,
bm1,binary,1000,50,1.0,37,841783862,beta_low,beta,20,0.95,1.0,2.0,0.0,0.0,0.0,1.0,8.0,0.0,0.0,0.0,1.0,0.0,0.0,0.0,0.0,1.0,1.0,0.4,0.4,0.4000000000000001,1.0,5.0,0.0,0.0,0.0,1.0,0.0,0.0,0.0,0.0,1.0,1.0,"[0, 1, 25, 26, 27]","[4, 16, 21, 22, 29, 31, 33, 49]",[],[31],"[1, 17, 22, 25, 31]",[],[22],complete,
bm1,binary,1000,50,1.0,37,841783862,beta_high,beta,20,0.95,3.0,2.0,0.25,0.2,0.22222222222222224,1.0,4.0,0.0,0.0,0.0,1.0,0.0,1.0,0.2,0.33333333333333337,1.0,1.0,0.2,0.2,0.20000000000000004,1.0,5.0,0.0,0.0,0.0,1.0,0.0,0.0,0.0,0.0,1.0,2.0,"[0, 1, 25, 26, 27]","[26, 34, 38, 44]",[],[26],"[15, 18, 20, 26, 38]",[],"[15, 38]",complete,
bm1,binary,1000,50,1.0,37,841783862,k_low,k,20,0.95,2.0,1.0,0.5,0.4,0.4444444444444445,1.0,4.0,0.0,0.0,0.0,1.0,0.0,1.0,0.2,0.33333333333333337,1.0,1.0,0.2,0.2,0.20000000000000004,1.0,5.0,0.0,0.0,0.0,1.0,0.0,0.0,0.0,0.0,1.0,2.0,"[0, 1, 25, 26, 27]","[0, 1, 24, 30]",[],[1],"[10, 17, 24, 25, 30]",[],"[10, 24]",complete,
bm1,binary,1000,50,1.0,37,841783862,k_high,k,20,0.95,2.0,3.0,0.2,0.2,0.20000000000000004,1.0,5.0,0.0,0.0,0.0,1.0,0.0,0.0,0.0,0.0,1.0,1.0,0.2,0.2,0.20000000000000004,1.0,5.0,0.0,0.0,0.0,1.0,0.0,0.3333333333333333,0.2,0.25,1.0,3.0,"[0, 1, 25, 26, 27]","[0, 5, 24, 45, 47]",[],[47],"[0, 16, 21, 45, 47]",[],"[0, 21, 47]",complete,
bm1,binary,1000,50,1.0,38,1937386325,reference,reference,20,0.95,2.0,2.0,0.1111111111111111,0.2,0.14285714285714285,1.0,9.0,0.0,0.0,0.0,1.0,0.0,0.3333333333333333,0.2,0.25,1.0,3.0,0.14285714285714285,0.2,0.16666666666666666,1.0,7.0,0.0,0.0,0.0,1.0,0.0,0.3333333333333333,0.2,0.25,1.0,3.0,"[0, 1, 25, 26, 27]","[8, 14, 21, 26, 29, 32, 33, 36, 39]",[],"[8, 26, 33]","[8, 14, 21, 24, 25, 31, 33]",[],"[21, 25, 33]",complete,
bm1,binary,1000,50,1.0,38,1937386325,m_low,m,10,0.95,2.0,2.0,0.2,0.2,0.20000000000000004,1.0,5.0,0.0,0.0,0.0,1.0,0.0,0.0,0.0,0.0,1.0,1.0,0.2,0.2,0.20000000000000004,1.0,5.0,0.0,0.0,0.0,1.0,0.0,1.0,0.2,0.33333333333333337,1.0,1.0,"[0, 1, 25, 26, 27]","[2, 3, 8, 25, 48]",[],[48],"[19, 25, 33, 34, 48]",[],[25],complete,
bm1,binary,1000,50,1.0,38,1937386325,m_high,m,50,0.95,2.0,2.0,0.2,0.2,0.20000000000000004,1.0,5.0,1.0,0.2,0.33333333333333337,1.0,1.0,0.5,0.2,0.28571428571428575,1.0,2.0,0.2,0.2,0.20000000000000004,1.0,5.0,0.0,0.0,0.0,1.0,0.0,0.5,0.2,0.28571428571428575,1.0,2.0,"[0, 1, 25, 26, 27]","[15, 22, 25, 30, 45]",[25],"[15, 25]","[22, 24, 25, 30, 45]",[],"[22, 25]",complete,
bm1,binary,1000,50,1.0,38,1937386325,beta_low,beta,20,0.95,1.0,2.0,0.16666666666666666,0.2,0.1818181818181818,1.0,6.0,0.0,0.0,0.0,1.0,0.0,0.0,0.0,0.0,1.0,3.0,0.4,0.4,0.4000000000000001,1.0,5.0,0.0,0.0,0.0,1.0,0.0,0.5,0.2,0.28571428571428575,1.0,2.0,"[0, 1, 25, 26, 27]","[0, 2, 5, 30, 37, 42]",[],"[5, 30, 37]","[0, 16, 20, 25, 37]",[],"[0, 37]",complete,
bm1,binary,1000,50,1.0,38,1937386325,beta_high,beta,20,0.95,3.0,2.0,0.2,0.2,0.20000000000000004,1.0,5.0,0.0,0.0,0.0,1.0,0.0,0.3333333333333333,0.2,0.25,1.0,3.0,0.25,0.4,0.3076923076923077,1.0,8.0,0.0,0.0,0.0,1.0,0.0,1.0,0.2,0.33333333333333337,1.0,1.0,"[0, 1, 25, 26, 27]","[6, 15, 18, 26, 35]",[],"[6, 15, 26]","[6, 7, 12, 23, 25, 26, 35, 36]",[],[26],complete,
bm1,binary,1000,50,1.0,38,1937386325,k_low,k,20,0.95,2.0,1.0,0.1111111111111111,0.2,0.14285714285714285,1.0,9.0,0.0,0.0,0.0,1.0,0.0,0.0,0.0,0.0,1.0,1.0,0.2857142857142857,0.4,0.3333333333333333,1.0,7.0,0.0,0.0,0.0,1.0,0.0,0.25,0.2,0.22222222222222224,1.0,4.0,"[0, 1, 25, 26, 27]","[11, 13, 23, 25, 34, 38, 40, 44, 45]",[],[11],"[1, 10, 11, 13, 25, 34, 45]",[],"[11, 13, 25, 45]",complete,
bm1,binary,1000,50,1.0,38,1937386325,k_high,k,20,0.95,2.0,3.0,0.16666666666666666,0.2,0.1818181818181818,1.0,6.0,0.0,0.0,0.0,1.0,0.0,0.25,0.2,0.22222222222222224,1.0,4.0,0.14285714285714285,0.2,0.16666666666666666,1.0,7.0,0.0,0.0,0.0,1.0,0.0,0.25,0.2,0.22222222222222224,1.0,4.0,"[0, 1, 25, 26, 27]","[10, 11, 25, 43, 45, 47]",[],"[25, 43, 45, 47]","[14, 20, 25, 29, 34, 40, 45]",[],"[14, 25, 34, 45]",complete,
bm1,binary,1000,50,1.0,39,1159919126,reference,reference,20,0.95,2.0,2.0,0.14285714285714285,0.2,0.16666666666666666,1.0,7.0,0.0,0.0,0.0,1.0,0.0,0.5,0.2,0.28571428571428575,1.0,2.0,0.3333333333333333,0.4,0.3636363636363636,1.0,6.0,0.0,0.0,0.0,1.0,0.0,1.0,0.2,0.33333333333333337,1.0,1.0,"[0, 1, 25, 26, 27]","[4, 7, 15, 25, 28, 36, 38]",[],"[4, 25]","[0, 2, 13, 23, 25, 36]",[],[25],complete,
bm1,binary,1000,50,1.0,39,1159919126,m_low,m,10,0.95,2.0,2.0,0.0,0.0,0.0,1.0,8.0,0.0,0.0,0.0,1.0,0.0,0.0,0.0,0.0,1.0,1.0,0.0,0.0,0.0,1.0,2.0,0.0,0.0,0.0,1.0,0.0,0.0,0.0,0.0,1.0,0.0,"[0, 1, 25, 26, 27]","[4, 7, 14, 17, 19, 34, 36, 39]",[],[19],"[14, 46]",[],[],complete,
bm1,binary,1000,50,1.0,39,1159919126,m_high,m,50,0.95,2.0,2.0,0.0,0.0,0.0,1.0,8.0,0.0,0.0,0.0,1.0,0.0,0.0,0.0,0.0,1.0,0.0,0.16666666666666666,0.2,0.1818181818181818,1.0,6.0,0.0,0.0,0.0,1.0,0.0,0.5,0.2,0.28571428571428575,1.0,2.0,"[0, 1, 25, 26, 27]","[4, 12, 14, 19, 34, 36, 45, 48]",[],[],"[0, 3, 6, 18, 20, 34]",[],"[0, 6]",complete,
bm1,binary,1000,50,1.0,39,1159919126,beta_low,beta,20,0.95,1.0,2.0,0.3333333333333333,0.2,0.25,1.0,3.0,0.0,0.0,0.0,1.0,0.0,0.0,0.0,0.0,1.0,0.0,0.125,0.2,0.15384615384615385,1.0,8.0,0.0,0.0,0.0,1.0,0.0,0.5,0.2,0.28571428571428575,1.0,2.0,"[0, 1, 25, 26, 27]","[27, 42, 47]",[],[],"[3, 5, 12, 13, 16, 27, 29, 42]",[],"[3, 27]",complete,
bm1,binary,1000,50,1.0,39,1159919126,beta_high,beta,20,0.95,3.0,2.0,0.3333333333333333,0.2,0.25,1.0,3.0,0.0,0.0,0.0,1.0,0.0,0.0,0.0,0.0,1.0,1.0,0.6,0.6,0.6,1.0,5.0,0.0,0.0,0.0,1.0,0.0,1.0,0.6,0.7499999999999999,1.0,3.0,"[0, 1, 25, 26, 27]","[3, 26, 48]",[],[48],"[0, 1, 3, 6, 26]",[],"[0, 1, 26]",complete,
bm1,binary,1000,50,1.0,39,1159919126,k_low,k,20,0.95,2.0,1.0,0.14285714285714285,0.2,0.16666666666666666,1.0,7.0,0.0,0.0,0.0,1.0,0.0,0.0,0.0,0.0,1.0,0.0,0.3333333333333333,0.4,0.3636363636363636,1.0,6.0,0.0,0.0,0.0,1.0,0.0,0.0,0.0,0.0,1.0,2.0,"[0, 1, 25, 26, 27]","[4, 5, 21, 26, 29, 31, 33]",[],[],"[4, 6, 13, 26, 27, 29]",[],"[4, 6]",complete,
bm1,binary,1000,50,1.0,39,1159919126,k_high,k,20,0.95,2.0,3.0,0.0,0.0,0.0,1.0,3.0,0.0,0.0,0.0,1.0,0.0,0.0,0.0,0.0,1.0,1.0,0.3333333333333333,0.4,0.3636363636363636,1.0,6.0,0.0,0.0,0.0,1.0,0.0,0.5,0.2,0.28571428571428575,1.0,2.0,"[0, 1, 25, 26, 27]","[5, 14, 36]",[],[5],"[1, 3, 13, 25, 36, 47]",[],"[3, 25]",complete,
bm1,binary,1000,50,1.0,40,854180697,reference,reference,20,0.95,2.0,2.0,0.0,0.0,0.0,1.0,6.0,0.0,0.0,0.0,1.0,0.0,0.0,0.0,0.0,1.0,0.0,0.0,0.0,0.0,1.0,6.0,0.0,0.0,0.0,1.0,0.0,0.0,0.0,0.0,1.0,2.0,"[0, 1, 25, 26, 27]","[2, 6, 8, 9, 12, 40]",[],[],"[4, 6, 7, 30, 35, 40]",[],"[6, 40]",complete,
bm1,binary,1000,50,1.0,40,854180697,m_low,m,10,0.95,2.0,2.0,0.0,0.0,0.0,1.0,4.0,0.0,0.0,0.0,1.0,0.0,0.0,0.0,0.0,1.0,1.0,0.0,0.0,0.0,1.0,8.0,0.0,0.0,0.0,1.0,0.0,0.0,0.0,0.0,1.0,2.0,"[0, 1, 25, 26, 27]","[9, 34, 35, 37]",[],[34],"[12, 15, 18, 30, 34, 35, 36, 37]",[],"[34, 35]",complete,
bm1,binary,1000,50,1.0,40,854180697,m_high,m,50,0.95,2.0,2.0,0.0,0.0,0.0,1.0,5.0,0.0,0.0,0.0,1.0,0.0,0.0,0.0,0.0,1.0,1.0,0.25,0.2,0.22222222222222224,1.0,4.0,0.0,0.0,0.0,1.0,0.0,0.5,0.2,0.28571428571428575,1.0,2.0,"[0, 1, 25, 26, 27]","[8, 16, 18, 35, 45]",[],[18],"[7, 18, 25, 45]",[],"[18, 25]",complete,
bm1,binary,1000,50,1.0,40,854180697,beta_low,beta,20,0.95,1.0,2.0,0.14285714285714285,0.2,0.16666666666666666,1.0,7.0,0.0,0.0,0.0,1.0,1.0,0.0,0.0,0.0,1.0,2.0,0.25,0.4,0.3076923076923077,1.0,8.0,0.0,0.0,0.0,1.0,0.0,0.3333333333333333,0.2,0.25,1.0,3.0,"[0, 1, 25, 26, 27]","[10, 20, 27, 31, 39, 40, 43]",[40],"[31, 40]","[0, 13, 20, 23, 26, 31, 40, 43]",[],"[26, 40, 43]",complete,
bm1,binary,1000,50,1.0,40,854180697,beta_high,beta,20,0.95,3.0,2.0,0.125,0.2,0.15384615384615385,1.0,8.0,0.0,0.0,0.0,1.0,1.0,0.0,0.0,0.0,1.0,2.0,0.14285714285714285,0.2,0.16666666666666666,1.0,7.0,0.0,0.0,0.0,1.0,0.0,1.0,0.2,0.33333333333333337,1.0,1.0,"[0, 1, 25, 26, 27]","[4, 5, 8, 17, 19, 25, 33, 39]",[8],"[8, 19]","[8, 12, 25, 33, 36, 40, 42]",[],[25],complete,
bm1,binary,1000,50,1.0,40,854180697,k_low,k,20,0.95,2.0,1.0,0.0,0.0,0.0,1.0,6.0,0.0,0.0,0.0,1.0,0.0,0.0,0.0,0.0,1.0,1.0,0.0,0.0,0.0,1.0,3.0,0.0,0.0,0.0,1.0,0.0,0.0,0.0,0.0,1.0,1.0,"[0, 1, 25, 26, 27]","[8, 18, 32, 33, 36, 48]",[],[8],"[29, 40, 48]",[],[48],complete,
bm1,binary,1000,50,1.0,40,854180697,k_high,k,20,0.95,2.0,3.0,0.16666666666666666,0.2,0.1818181818181818,1.0,6.0,0.0,0.0,0.0,1.0,0.0,0.0,0.0,0.0,1.0,2.0,0.0,0.0,0.0,1.0,4.0,0.0,0.0,0.0,1.0,0.0,0.0,0.0,0.0,1.0,2.0,"[0, 1, 25, 26, 27]","[5, 11, 14, 26, 43, 45]",[],"[11, 45]","[11, 18, 39, 40]",[],"[11, 39]",complete,
bm1,binary,1000,50,1.0,41,404071903,reference,reference,20,0.95,2.0,2.0,0.16666666666666666,0.2,0.1818181818181818,1.0,6.0,0.0,0.0,0.0,1.0,1.0,0.0,0.0,0.0,1.0,1.0,0.25,0.2,0.22222222222222224,1.0,4.0,0.0,0.0,0.0,1.0,0.0,0.0,0.0,0.0,1.0,2.0,"[0, 1, 25, 26, 27]","[15, 16, 18, 20, 25, 42]",[15],[15],"[15, 16, 25, 41]",[],"[15, 16]",complete,
bm1,binary,1000,50,1.0,41,404071903,m_low,m,10,0.95,2.0,2.0,0.0,0.0,0.0,1.0,4.0,0.0,0.0,0.0,1.0,0.0,0.0,0.0,0.0,1.0,1.0,0.0,0.0,0.0,1.0,5.0,0.0,0.0,0.0,1.0,0.0,0.0,0.0,0.0,1.0,3.0,"[0, 1, 25, 26, 27]","[28, 33, 38, 40]",[],[40],"[22, 32, 33, 37, 38]",[],"[32, 33, 38]",complete,
bm1,binary,1000,50,1.0,41,404071903,m_high,m,50,0.95,2.0,2.0,0.2,0.2,0.20000000000000004,1.0,5.0,0.0,0.0,0.0,1.0,1.0,0.0,0.0,0.0,1.0,2.0,0.125,0.2,0.15384615384615385,1.0,8.0,0.0,0.0,0.0,1.0,0.0,0.3333333333333333,0.2,0.25,1.0,3.0,"[0, 1, 25, 26, 27]","[1, 3, 14, 46, 49]",[46],"[46, 49]","[10, 14, 27, 29, 35, 39, 46, 49]",[],"[27, 35, 49]",complete,
bm1,binary,1000,50,1.0,41,404071903,beta_low,beta,20,0.95,1.0,2.0,0.0,0.0,0.0,1.0,11.0,0.0,0.0,0.0,1.0,1.0,0.0,0.0,0.0,1.0,4.0,0.16666666666666666,0.2,0.1818181818181818,1.0,6.0,0.0,0.0,0.0,1.0,0.0,0.0,0.0,0.0,1.0,3.0,"[0, 1, 25, 26, 27]","[3, 4, 7, 8, 11, 12, 18, 34, 38, 43, 47]",[8],"[7, 8, 34, 47]","[8, 11, 12, 25, 34, 47]",[],"[12, 34, 47]",complete,
bm1,binary,1000,50,1.0,41,404071903,beta_high,beta,20,0.95,3.0,2.0,0.2,0.2,0.20000000000000004,1.0,5.0,0.0,0.0,0.0,1.0,0.0,0.0,0.0,0.0,1.0,1.0,0.0,0.0,0.0,1.0,6.0,0.0,0.0,0.0,1.0,0.0,0.0,0.0,0.0,1.0,4.0,"[0, 1, 25, 26, 27]","[26, 35, 39, 40, 43]",[],[40],"[2, 28, 33, 36, 39, 40]",[],"[28, 36, 39, 40]",complete,
bm1,binary,1000,50,1.0,41,404071903,k_low,k,20,0.95,2.0,1.0,0.0,0.0,0.0,1.0,3.0,0.0,0.0,0.0,1.0,0.0,0.0,0.0,0.0,1.0,0.0,0.14285714285714285,0.2,0.16666666666666666,1.0,7.0,0.0,0.0,0.0,1.0,0.0,0.5,0.2,0.28571428571428575,1.0,2.0,"[0, 1, 25, 26, 27]","[12, 23, 48]",[],[],"[1, 11, 23, 28, 36, 45, 48]",[],"[1, 48]",complete,
bm1,binary,1000,50,1.0,41,404071903,k_high,k,20,0.95,2.0,3.0,0.0,0.0,0.0,1.0,4.0,0.0,0.0,0.0,1.0,0.0,0.0,0.0,0.0,1.0,0.0,0.0,0.0,0.0,1.0,3.0,0.0,0.0,0.0,1.0,0.0,0.0,0.0,0.0,1.0,2.0,"[0, 1, 25, 26, 27]","[7, 12, 33, 49]",[],[],"[12, 13, 40]",[],"[12, 40]",complete,
bm1,binary,1000,50,1.0,42,1604859102,reference,reference,20,0.95,2.0,2.0,0.0,0.0,0.0,1.0,4.0,0.0,0.0,0.0,1.0,0.0,0.0,0.0,0.0,1.0,0.0,0.0,0.0,0.0,1.0,5.0,0.0,0.0,0.0,1.0,0.0,0.0,0.0,0.0,1.0,1.0,"[0, 1, 25, 26, 27]","[6, 17, 20, 32]",[],[],"[2, 15, 17, 28, 40]",[],[2],complete,
bm1,binary,1000,50,1.0,42,1604859102,m_low,m,10,0.95,2.0,2.0,0.2,0.2,0.20000000000000004,1.0,5.0,0.0,0.0,0.0,1.0,0.0,0.0,0.0,0.0,1.0,1.0,0.0,0.0,0.0,1.0,5.0,0.0,0.0,0.0,1.0,0.0,0.0,0.0,0.0,1.0,2.0,"[0, 1, 25, 26, 27]","[3, 14, 21, 25, 44]",[],[21],"[3, 21, 35, 43, 44]",[],"[3, 43]",complete,
bm1,binary,1000,50,1.0,42,1604859102,m_high,m,50,0.95,2.0,2.0,0.0,0.0,0.0,1.0,6.0,0.0,0.0,0.0,1.0,0.0,0.0,0.0,0.0,1.0,1.0,0.125,0.2,0.15384615384615385,1.0,8.0,0.0,0.0,0.0,1.0,0.0,0.0,0.0,0.0,1.0,2.0,"[0, 1, 25, 26, 27]","[15, 23, 32, 35, 47, 49]",[],[23],"[1, 15, 23, 32, 33, 35, 43, 47]",[],"[32, 35]",complete,
bm1,binary,1000,50,1.0,42,1604859102,beta_low,beta,20,0.95,1.0,2.0,0.0,0.0,0.0,1.0,6.0,0.0,0.0,0.0,1.0,0.0,0.0,0.0,0.0,1.0,1.0,0.125,0.2,0.15384615384615385,1.0,8.0,0.0,0.0,0.0,1.0,0.0,0.0,0.0,0.0,1.0,2.0,"[0, 1, 25, 26, 27]","[12, 16, 17, 30, 41, 44]",[],[16],"[12, 16, 17, 27, 31, 34, 40, 49]",[],"[12, 40]",complete,
bm1,binary,1000,50,1.0,42,1604859102,beta_high,beta,20,0.95,3.0,2.0,0.2857142857142857,0.4,0.3333333333333333,1.0,7.0,0.0,0.0,0.0,1.0,0.0,0.25,0.2,0.22222222222222224,1.0,4.0,0.3,0.6,0.4,1.0,10.0,0.0,0.0,0.0,1.0,0.0,0.5,0.2,0.28571428571428575,1.0,2.0,"[0, 1, 25, 26, 27]","[0, 13, 27, 36, 39, 47, 48]",[],"[0, 13, 39, 48]","[0, 2, 16, 26, 27, 32, 39, 41, 47, 48]",[],"[27, 48]",complete,
bm1,binary,1000,50,1.0,42,1604859102,k_low,k,20,0.95,2.0,1.0,0.0,0.0,0.0,1.0,6.0,0.0,0.0,0.0,1.0,0.0,0.0,0.0,0.0,1.0,0.0,0.14285714285714285,0.2,0.16666666666666666,1.0,7.0,0.0,0.0,0.0,1.0,0.0,0.0,0.0,0.0,1.0,2.0,"[0, 1, 25, 26, 27]","[8, 11, 12, 24, 39, 47]",[],[],"[0, 2, 6, 8, 11, 22, 39]",[],"[8, 22]",complete,
bm1,binary,1000,50,1.0,42,1604859102,k_high,k,20,0.95,2.0,3.0,0.0,0.0,0.0,1.0,5.0,0.0,0.0,0.0,1.0,0.0,0.0,0.0,0.0,1.0,2.0,0.0,0.0,0.0,1.0,6.0,0.0,0.0,0.0,1.0,0.0,0.0,0.0,0.0,1.0,3.0,"[0, 1, 25, 26, 27]","[13, 32, 35, 47, 48]",[],"[32, 35]","[3, 24, 32, 35, 42, 46]",[],"[24, 32, 42]",complete,
bm1,binary,1000,50,1.0,43,3531788438,reference,reference,20,0.95,2.0,2.0,0.2222222222222222,0.4,0.2857142857142857,1.0,9.0,0.0,0.0,0.0,1.0,0.0,0.3333333333333333,0.2,0.25,1.0,3.0,0.25,0.4,0.3076923076923077,1.0,8.0,0.0,0.0,0.0,1.0,0.0,0.3333333333333333,0.2,0.25,1.0,3.0,"[0, 1, 25, 26, 27]","[11, 13, 14, 26, 27, 30, 33, 45, 47]",[],"[13, 26, 30]","[2, 13, 14, 25, 26, 30, 42, 47]",[],"[14, 26, 42]",complete,
bm1,binary,1000,50,1.0,43,3531788438,m_low,m,10,0.95,2.0,2.0,0.25,0.2,0.22222222222222224,1.0,4.0,0.0,0.0,0.0,1.0,0.0,0.0,0.0,0.0,1.0,1.0,0.25,0.4,0.3076923076923077,1.0,8.0,0.0,0.0,0.0,1.0,0.0,0.0,0.0,0.0,1.0,2.0,"[0, 1, 25, 26, 27]","[22, 27, 37, 44]",[],[22],"[0, 1, 4, 8, 20, 23, 28, 37]",[],"[4, 37]",complete,
bm1,binary,1000,50,1.0,43,3531788438,m_high,m,50,0.95,2.0,2.0,0.3333333333333333,0.2,0.25,1.0,3.0,0.0,0.0,0.0,1.0,0.0,0.0,0.0,0.0,1.0,1.0,0.42857142857142855,0.6,0.5,1.0,7.0,0.0,0.0,0.0,1.0,0.0,0.6666666666666666,0.4,0.5,1.0,3.0,"[0, 1, 25, 26, 27]","[26, 38, 43]",[],[38],"[0, 1, 2, 8, 10, 26, 42]",[],"[1, 26, 42]",complete,
bm1,binary,1000,50,1.0,43,3531788438,beta_low,beta,20,0.95,1.0,2.0,0.14285714285714285,0.2,0.16666666666666666,1.0,7.0,0.0,0.0,0.0,1.0,0.0,0.0,0.0,0.0,1.0,2.0,0.2857142857142857,0.4,0.3333333333333333,1.0,7.0,0.5,0.2,0.28571428571428575,1.0,2.0,0.3333333333333333,0.2,0.25,1.0,3.0,"[0, 1, 25, 26, 27]","[2, 6, 11, 16, 24, 26, 46]",[],"[6, 11]","[0, 2, 24, 26, 30, 36, 47]","[0, 36]","[0, 2, 36]",complete,
bm1,binary,1000,50,1.0,43,3531788438,beta_high,beta,20,0.95,3.0,2.0,0.0,0.0,0.0,1.0,6.0,0.0,0.0,0.0,1.0,0.0,0.0,0.0,0.0,1.0,1.0,0.0,0.0,0.0,1.0,4.0,0.0,0.0,0.0,1.0,0.0,0.0,0.0,0.0,1.0,4.0,"[0, 1, 25, 26, 27]","[11, 16, 22, 30, 43, 45]",[],[30],"[12, 16, 30, 35]",[],"[12, 16, 30, 35]",complete,
bm1,binary,1000,50,1.0,43,3531788438,k_low,k,20,0.95,2.0,1.0,0.0,0.0,0.0,1.0,5.0,0.0,0.0,0.0,1.0,0.0,0.0,0.0,0.0,1.0,1.0,0.14285714285714285,0.2,0.16666666666666666,1.0,7.0,0.0,0.0,0.0,1.0,0.0,0.5,0.2,0.28571428571428575,1.0,2.0,"[0, 1, 25, 26, 27]","[13, 16, 30, 35, 42]",[],[35],"[16, 17, 26, 29, 30, 36, 42]",[],"[26, 42]",complete,
bm1,binary,1000,50,1.0,43,3531788438,k_high,k,20,0.95,2.0,3.0,0.0,0.0,0.0,1.0,6.0,0.0,0.0,0.0,1.0,0.0,0.0,0.0,0.0,1.0,5.0,0.14285714285714285,0.2,0.16666666666666666,1.0,7.0,0.0,0.0,0.0,1.0,0.0,0.0,0.0,0.0,1.0,3.0,"[0, 1, 25, 26, 27]","[5, 17, 30, 47, 48, 49]",[],"[17, 30, 47, 48, 49]","[5, 10, 26, 30, 47, 48, 49]",[],"[10, 30, 47]",complete,
bm1,binary,1000,50,1.0,44,4282507982,reference,reference,20,0.95,2.0,2.0,0.14285714285714285,0.2,0.16666666666666666,1.0,7.0,0.0,0.0,0.0,1.0,0.0,0.0,0.0,0.0,1.0,0.0,0.25,0.2,0.22222222222222224,1.0,4.0,0.0,0.0,0.0,1.0,0.0,1.0,0.2,0.33333333333333337,1.0,1.0,"[0, 1, 25, 26, 27]","[2, 14, 18, 27, 29, 38, 47]",[],[],"[0, 20, 24, 35]",[],[0],complete,
bm1,binary,1000,50,1.0,44,4282507982,m_low,m,10,0.95,2.0,2.0,0.0,0.0,0.0,1.0,3.0,0.0,0.0,0.0,1.0,0.0,0.0,0.0,0.0,1.0,1.0,0.2,0.2,0.20000000000000004,1.0,5.0,0.0,0.0,0.0,1.0,0.0,0.0,0.0,0.0,1.0,1.0,"[0, 1, 25, 26, 27]","[19, 38, 47]",[],[47],"[19, 24, 25, 38, 47]",[],[24],complete,
bm1,binary,1000,50,1.0,44,4282507982,m_high,m,50,0.95,2.0,2.0,0.1111111111111111,0.2,0.14285714285714285,1.0,9.0,0.0,0.0,0.0,1.0,1.0,0.0,0.0,0.0,1.0,1.0,0.42857142857142855,0.6,0.5,1.0,7.0,0.0,0.0,0.0,1.0,0.0,0.0,0.0,0.0,1.0,0.0,"[0, 1, 25, 26, 27]","[1, 6, 29, 31, 34, 38, 40, 44, 46]",[44],[44],"[0, 1, 5, 25, 44, 47, 48]",[],[],complete,
bm1,binary,1000,50,1.0,44,4282507982,beta_low,beta,20,0.95,1.0,2.0,0.16666666666666666,0.2,0.1818181818181818,1.0,6.0,0.0,0.0,0.0,1.0,0.0,1.0,0.2,0.33333333333333337,1.0,1.0,0.2222222222222222,0.4,0.2857142857142857,1.0,9.0,0.0,0.0,0.0,1.0,0.0,0.3333333333333333,0.2,0.25,1.0,3.0,"[0, 1, 25, 26, 27]","[5, 16, 25, 31, 40, 45]",[],[25],"[0, 1, 5, 14, 19, 24, 31, 40, 48]",[],"[0, 5, 24]",complete,
bm1,binary,1000,50,1.0,44,4282507982,beta_high,beta,20,0.95,3.0,2.0,0.0,0.0,0.0,1.0,6.0,0.0,0.0,0.0,1.0,0.0,0.0,0.0,0.0,1.0,1.0,0.1111111111111111,0.2,0.14285714285714285,1.0,9.0,0.0,0.0,0.0,1.0,0.0,0.0,0.0,0.0,1.0,2.0,"[0, 1, 25, 26, 27]","[2, 28, 30, 32, 33, 46]",[],[28],"[8, 20, 26, 28, 33, 36, 41, 42, 46]",[],"[33, 42]",complete,
bm1,binary,1000,50,1.0,44,4282507982,k_low,k,20,0.95,2.0,1.0,0.3333333333333333,0.4,0.3636363636363636,1.0,6.0,0.0,0.0,0.0,1.0,0.0,0.0,0.0,0.0,1.0,2.0,0.2,0.2,0.20000000000000004,1.0,5.0,0.0,0.0,0.0,1.0,0.0,0.0,0.0,0.0,1.0,3.0,"[0, 1, 25, 26, 27]","[2, 25, 27, 31, 37, 47]",[],"[31, 47]","[27, 31, 40, 47, 49]",[],"[31, 47, 49]",complete,
bm1,binary,1000,50,1.0,44,4282507982,k_high,k,20,0.95,2.0,3.0,0.125,0.2,0.15384615384615385,1.0,8.0,0.0,0.0,0.0,1.0,0.0,0.0,0.0,0.0,1.0,2.0,0.2857142857142857,0.4,0.3333333333333333,1.0,7.0,0.0,0.0,0.0,1.0,0.0,0.25,0.2,0.22222222222222224,1.0,4.0,"[0, 1, 25, 26, 27]","[2, 5, 10, 16, 17, 21, 26, 45]",[],"[2, 21]","[10, 13, 17, 21, 25, 26, 46]",[],"[10, 17, 21, 25]",complete,
bm1,binary,1000,50,1.0,45,746015875,reference,reference,20,0.95,2.0,2.0,0.0,0.0,0.0,1.0,5.0,0.0,0.0,0.0,1.0,0.0,0.0,0.0,0.0,1.0,2.0,0.0,0.0,0.0,1.0,7.0,0.0,0.0,0.0,1.0,0.0,0.0,0.0,0.0,1.0,3.0,"[0, 1, 25, 26, 27]","[5, 7, 19, 31, 43]",[],"[7, 31]","[7, 12, 16, 22, 34, 35, 47]",[],"[12, 22, 47]",complete,
bm1,binary,1000,50,1.0,45,746015875,m_low,m,10,0.95,2.0,2.0,0.0,0.0,0.0,1.0,7.0,0.0,0.0,0.0,1.0,0.0,0.0,0.0,0.0,1.0,1.0,0.14285714285714285,0.2,0.16666666666666666,1.0,7.0,0.0,0.0,0.0,1.0,0.0,0.0,0.0,0.0,1.0,1.0,"[0, 1, 25, 26, 27]","[3, 6, 23, 30, 35, 46, 48]",[],[3],"[3, 6, 20, 27, 33, 35, 38]",[],[6],complete,
bm1,binary,1000,50,1.0,45,746015875,m_high,m,50,0.95,2.0,2.0,0.25,0.2,0.22222222222222224,1.0,4.0,0.0,0.0,0.0,1.0,0.0,1.0,0.2,0.33333333333333337,1.0,1.0,0.5,0.6,0.5454545454545454,1.0,6.0,0.0,0.0,0.0,1.0,0.0,1.0,0.2,0.33333333333333337,1.0,1.0,"[0, 1, 25, 26, 27]","[8, 15, 26, 31]",[],[26],"[9, 17, 18, 25, 26, 27]",[],[26],complete,
bm1,binary,1000,50,1.0,45,746015875,beta_low,beta,20,0.95,1.0,2.0,0.3333333333333333,0.4,0.3636363636363636,1.0,6.0,0.0,0.0,0.0,1.0,0.0,0.6666666666666666,0.4,0.5,1.0,3.0,0.375,0.6,0.4615384615384615,1.0,8.0,0.0,0.0,0.0,1.0,0.0,0.75,0.6,0.6666666666666665,1.0,4.0,"[0, 1, 25, 26, 27]","[0, 10, 21, 25, 33, 34]",[],"[0, 21, 25]","[0, 12, 13, 21, 25, 26, 32, 33]",[],"[0, 25, 26, 33]",complete,
bm1,binary,1000,50,1.0,45,746015875,beta_high,beta,20,0.95,3.0,2.0,0.125,0.2,0.15384615384615385,1.0,8.0,0.0,0.0,0.0,1.0,0.0,0.0,0.0,0.0,1.0,1.0,0.0,0.0,0.0,1.0,4.0,0.0,0.0,0.0,1.0,0.0,0.0,0.0,0.0,1.0,1.0,"[0, 1, 25, 26, 27]","[10, 17, 23, 27, 31, 36, 38, 48]",[],[38],"[10, 11, 36, 38]",[],[36],complete,
bm1,binary,1000,50,1.0,45,746015875,k_low,k,20,0.95,2.0,1.0,0.0,0.0,0.0,1.0,6.0,0.0,0.0,0.0,1.0,1.0,0.0,0.0,0.0,1.0,3.0,0.4,0.4,0.4000000000000001,1.0,5.0,0.0,0.0,0.0,1.0,0.0,0.25,0.2,0.22222222222222224,1.0,4.0,"[0, 1, 25, 26, 27]","[4, 13, 15, 21, 33, 47]",[4],"[4, 15, 33]","[0, 1, 4, 16, 33]",[],"[0, 4, 16, 33]",complete,
bm1,binary,1000,50,1.0,45,746015875,k_high,k,20,0.95,2.0,3.0,0.16666666666666666,0.2,0.1818181818181818,1.0,6.0,0.0,0.0,0.0,1.0,0.0,0.0,0.0,0.0,1.0,0.0,0.16666666666666666,0.2,0.1818181818181818,1.0,6.0,0.0,0.0,0.0,1.0,0.0,0.0,0.0,0.0,1.0,1.0,"[0, 1, 25, 26, 27]","[3, 8, 25, 38, 42, 43]",[],[],"[8, 15, 20, 26, 33, 38]",[],[38],complete,
bm1,binary,1000,50,1.0,46,3996221088,reference,reference,20,0.95,2.0,2.0,0.0,0.0,0.0,1.0,10.0,0.0,0.0,0.0,1.0,1.0,0.0,0.0,0.0,1.0,3.0,0.1111111111111111,0.2,0.14285714285714285,1.0,9.0,0.0,0.0,0.0,1.0,0.0,0.0,0.0,0.0,1.0,2.0,"[0, 1, 25, 26, 27]","[3, 8, 10, 13, 15, 19, 20, 21, 33, 34]",[20],"[13, 20, 21]","[8, 13, 19, 20, 21, 24, 26, 33, 42]",[],"[19, 33]",complete,
bm1,binary,1000,50,1.0,46,3996221088,m_low,m,10,0.95,2.0,2.0,0.0,0.0,0.0,1.0,6.0,0.0,0.0,0.0,1.0,0.0,0.0,0.0,0.0,1.0,3.0,0.16666666666666666,0.2,0.1818181818181818,1.0,6.0,0.0,0.0,0.0,1.0,0.0,0.25,0.2,0.22222222222222224,1.0,4.0,"[0, 1, 25, 26, 27]","[11, 18, 20, 29, 40, 42]",[],"[11, 20, 29]","[11, 20, 26, 29, 41, 42]",[],"[11, 20, 26, 29]",complete,
bm1,binary,1000,50,1.0,46,3996221088,m_high,m,50,0.95,2.0,2.0,0.5,0.4,0.4444444444444445,1.0,4.0,1.0,0.2,0.33333333333333337,1.0,1.0,1.0,0.2,0.33333333333333337,1.0,1.0,0.6,0.6,0.6,1.0,5.0,0.0,0.0,0.0,1.0,0.0,1.0,0.2,0.33333333333333337,1.0,1.0,"[0, 1, 25, 26, 27]","[19, 25, 26, 46]",[26],[26],"[0, 1, 24, 26, 46]",[],[26],complete,
bm1,binary,1000,50,1.0,46,3996221088,beta_low,beta,20,0.95,1.0,2.0,0.125,0.2,0.15384615384615385,1.0,8.0,0.0,0.0,0.0,1.0,1.0,0.0,0.0,0.0,1.0,2.0,0.14285714285714285,0.2,0.16666666666666666,1.0,7.0,0.0,0.0,0.0,1.0,0.0,0.25,0.2,0.22222222222222224,1.0,4.0,"[0, 1, 25, 26, 27]","[19, 20, 26, 29, 31, 34, 36, 41]",[34],"[31, 34]","[2, 24, 27, 29, 31, 34, 36]",[],"[2, 24, 27, 34]",complete,
bm1,binary,1000,50,1.0,46,3996221088,beta_high,beta,20,0.95,3.0,2.0,0.0,0.0,0.0,1.0,7.0,0.0,0.0,0.0,1.0,0.0,0.0,0.0,0.0,1.0,3.0,0.3333333333333333,0.4,0.3636363636363636,1.0,6.0,0.0,0.0,0.0,1.0,0.0,0.6666666666666666,0.4,0.5,1.0,3.0,"[0, 1, 25, 26, 27]","[5, 12, 15, 17, 21, 22, 28]",[],"[17, 21, 28]","[1, 2, 17, 21, 26, 29]",[],"[1, 17, 26]",complete,
bm1,binary,1000,50,1.0,46,3996221088,k_low,k,20,0.95,2.0,1.0,0.0,0.0,0.0,1.0,2.0,0.0,0.0,0.0,1.0,0.0,0.0,0.0,0.0,1.0,0.0,0.5,0.6,0.5454545454545454,1.0,6.0,0.0,0.0,0.0,1.0,0.0,0.5,0.2,0.28571428571428575,1.0,2.0,"[0, 1, 25, 26, 27]","[29, 49]",[],[],"[0, 1, 8, 21, 26, 42]",[],"[0, 42]",complete,
bm1,binary,1000,50,1.0,46,3996221088,k_high,k,20,0.95,2.0,3.0,0.4,0.4,0.4000000000000001,1.0,5.0,0.0,0.0,0.0,1.0,0.0,0.0,0.0,0.0,1.0,1.0,0.3333333333333333,0.4,0.3636363636363636,1.0,6.0,0.0,0.0,0.0,1.0,0.0,0.6666666666666666,0.4,0.5,1.0,3.0,"[0, 1, 25, 26, 27]","[26, 27, 30, 40, 42]",[],[42],"[1, 11, 18, 26, 33, 42]",[],"[1, 26, 42]",complete,
bm1,binary,1000,50,1.0,47,12856164,reference,reference,20,0.95,2.0,2.0,0.0,0.0,0.0,1.0,5.0,0.0,0.0,0.0,1.0,0.0,0.0,0.0,0.0,1.0,3.0,0.0,0.0,0.0,1.0,5.0,0.0,0.0,0.0,1.0,2.0,0.0,0.0,0.0,1.0,3.0,"[0, 1, 25, 26, 27]","[2, 3, 18, 28, 43]",[],"[3, 28, 43]","[2, 3, 18, 28, 43]","[3, 28]","[2, 3, 28]",complete,
bm1,binary,1000,50,1.0,47,12856164,m_low,m,10,0.95,2.0,2.0,0.125,0.2,0.15384615384615385,1.0,8.0,0.0,0.0,0.0,1.0,0.0,0.0,0.0,0.0,1.0,1.0,0.1,0.2,0.13333333333333333,1.0,10.0,0.0,0.0,0.0,1.0,0.0,0.0,0.0,0.0,1.0,3.0,"[0, 1, 25, 26, 27]","[0, 9, 11, 17, 19, 29, 32, 39]",[],[19],"[0, 9, 11, 17, 19, 29, 32, 36, 38, 39]",[],"[19, 29, 32]",complete,
bm1,binary,1000,50,1.0,47,12856164,m_high,m,50,0.95,2.0,2.0,0.1111111111111111,0.2,0.14285714285714285,1.0,9.0,0.0,0.0,0.0,1.0,1.0,0.0,0.0,0.0,1.0,3.0,0.0,0.0,0.0,1.0,5.0,0.0,0.0,0.0,1.0,1.0,0.0,0.0,0.0,1.0,3.0,"[0, 1, 25, 26, 27]","[4, 7, 11, 26, 32, 37, 40, 41, 46]",[7],"[4, 7, 32]","[4, 7, 11, 40, 41]",[7],"[4, 7, 11]",complete,
bm1,binary,1000,50,1.0,47,12856164,beta_low,beta,20,0.95,1.0,2.0,0.25,0.2,0.22222222222222224,1.0,4.0,0.0,0.0,0.0,1.0,0.0,0.0,0.0,0.0,1.0,0.0,0.3333333333333333,0.4,0.3636363636363636,1.0,6.0,0.0,0.0,0.0,1.0,0.0,0.5,0.4,0.4444444444444445,1.0,4.0,"[0, 1, 25, 26, 27]","[0, 9, 36, 40]",[],[],"[0, 5, 9, 26, 29, 32]",[],"[0, 5, 9, 26]",complete,
bm1,binary,1000,50,1.0,47,12856164,beta_high,beta,20,0.95,3.0,2.0,0.0,0.0,0.0,1.0,6.0,0.0,0.0,0.0,1.0,0.0,0.0,0.0,0.0,1.0,0.0,0.3333333333333333,0.4,0.3636363636363636,1.0,6.0,0.0,0.0,0.0,1.0,0.0,0.0,0.0,0.0,1.0,2.0,"[0, 1, 25, 26, 27]","[3, 12, 13, 21, 28, 48]",[],[],"[1, 26, 38, 45, 48, 49]",[],"[45, 49]",complete,
bm1,binary,1000,50,1.0,47,12856164,k_low,k,20,0.95,2.0,1.0,0.0,0.0,0.0,1.0,4.0,0.0,0.0,0.0,1.0,0.0,0.0,0.0,0.0,1.0,3.0,0.0,0.0,0.0,1.0,6.0,0.0,0.0,0.0,1.0,0.0,0.0,0.0,0.0,1.0,2.0,"[0, 1, 25, 26, 27]","[6, 16, 42, 44]",[],"[6, 42, 44]","[4, 6, 16, 33, 42, 44]",[],"[6, 16]",complete,
bm1,binary,1000,50,1.0,47,12856164,k_high,k,20,0.95,2.0,3.0,0.0,0.0,0.0,1.0,7.0,0.0,0.0,0.0,1.0,0.0,0.0,0.0,0.0,1.0,1.0,0.0,0.0,0.0,1.0,8.0,0.0,0.0,0.0,1.0,0.0,0.0,0.0,0.0,1.0,3.0,"[0, 1, 25, 26, 27]","[10, 12, 17, 22, 35, 42, 47]",[],[10],"[10, 12, 18, 21, 34, 38, 43, 48]",[],"[12, 21, 38]",complete,
bm1,binary,1000,50,1.0,48,4028542578,reference,reference,20,0.95,2.0,2.0,0.0,0.0,0.0,1.0,8.0,0.0,0.0,0.0,1.0,0.0,0.0,0.0,0.0,1.0,1.0,0.3333333333333333,0.4,0.3636363636363636,1.0,6.0,0.0,0.0,0.0,1.0,0.0,0.4,0.4,0.4000000000000001,1.0,5.0,"[0, 1, 25, 26, 27]","[6, 11, 15, 29, 30, 33, 47, 48]",[],[6],"[11, 20, 26, 27, 29, 33]",[],"[20, 26, 27, 29, 33]",complete,
bm1,binary,1000,50,1.0,48,4028542578,m_low,m,10,0.95,2.0,2.0,0.25,0.2,0.22222222222222224,1.0,4.0,0.0,0.0,0.0,1.0,0.0,0.0,0.0,0.0,1.0,1.0,0.16666666666666666,0.2,0.1818181818181818,1.0,6.0,0.0,0.0,0.0,1.0,0.0,0.0,0.0,0.0,1.0,2.0,"[0, 1, 25, 26, 27]","[3, 23, 27, 48]",[],[23],"[8, 9, 14, 15, 23, 26]",[],"[15, 23]",complete,
bm1,binary,1000,50,1.0,48,4028542578,m_high,m,50,0.95,2.0,2.0,0.16666666666666666,0.2,0.1818181818181818,1.0,6.0,0.0,0.0,0.0,1.0,0.0,1.0,0.2,0.33333333333333337,1.0,1.0,0.6666666666666666,0.8,0.7272727272727272,1.0,6.0,1.0,0.2,0.33333333333333337,1.0,1.0,0.5,0.4,0.4444444444444445,1.0,4.0,"[0, 1, 25, 26, 27]","[6, 16, 18, 21, 27, 34]",[],[27],"[0, 10, 16, 25, 26, 27]",[0],"[0, 10, 16, 27]",complete,
bm1,binary,1000,50,1.0,48,4028542578,beta_low,beta,20,0.95,1.0,2.0,0.0,0.0,0.0,1.0,8.0,0.0,0.0,0.0,1.0,0.0,0.0,0.0,0.0,1.0,1.0,0.1111111111111111,0.2,0.14285714285714285,1.0,9.0,0.0,0.0,0.0,1.0,0.0,0.2,0.2,0.20000000000000004,1.0,5.0,"[0, 1, 25, 26, 27]","[2, 11, 12, 19, 23, 31, 39, 48]",[],[23],"[2, 13, 18, 19, 20, 22, 23, 25, 31]",[],"[19, 20, 22, 25, 31]",complete,
bm1,binary,1000,50,1.0,48,4028542578,beta_high,beta,20,0.95,3.0,2.0,0.16666666666666666,0.2,0.1818181818181818,1.0,6.0,0.0,0.0,0.0,1.0,0.0,1.0,0.2,0.33333333333333337,1.0,1.0,0.3333333333333333,0.4,0.3636363636363636,1.0,6.0,1.0,0.4,0.5714285714285715,1.0,2.0,1.0,0.2,0.33333333333333337,1.0,1.0,"[0, 1, 25, 26, 27]","[11, 14, 27, 37, 41, 47]",[],[27],"[3, 11, 25, 27, 30, 33]","[25, 27]",[27],complete,
bm1,binary,1000,50,1.0,48,4028542578,k_low,k,20,0.95,2.0,1.0,0.16666666666666666,0.2,0.1818181818181818,1.0,6.0,0.0,0.0,0.0,1.0,0.0,0.3333333333333333,0.2,0.25,1.0,3.0,0.4,0.4,0.4000000000000001,1.0,5.0,1.0,0.2,0.33333333333333337,1.0,1.0,0.5,0.2,0.28571428571428575,1.0,2.0,"[0, 1, 25, 26, 27]","[8, 19, 25, 30, 41, 46]",[],"[8, 19, 25]","[0, 4, 16, 25, 41]",[25],"[16, 25]",complete,
bm1,binary,1000,50,1.0,48,4028542578,k_high,k,20,0.95,2.0,3.0,0.4,0.4,0.4000000000000001,1.0,5.0,0.0,0.0,0.0,1.0,0.0,0.3333333333333333,0.2,0.25,1.0,3.0,0.6,0.6,0.6,1.0,5.0,1.0,0.2,0.33333333333333337,1.0,1.0,1.0,0.4,0.5714285714285715,1.0,2.0,"[0, 1, 25, 26, 27]","[3, 23, 25, 27, 30]",[],"[23, 25, 30]","[0, 1, 17, 26, 30]",[0],"[0, 1]",complete,
bm1,binary,1000,50,1.0,49,4056188801,reference,reference,20,0.95,2.0,2.0,0.16666666666666666,0.2,0.1818181818181818,1.0,6.0,0.0,0.0,0.0,1.0,0.0,0.0,0.0,0.0,1.0,1.0,0.4,0.4,0.4000000000000001,1.0,5.0,0.0,0.0,0.0,1.0,1.0,0.3333333333333333,0.2,0.25,1.0,3.0,"[0, 1, 25, 26, 27]","[5, 8, 26, 34, 39, 45]",[],[45],"[5, 15, 19, 25, 26]",[19],"[5, 19, 25]",complete,
bm1,binary,1000,50,1.0,49,4056188801,m_low,m,10,0.95,2.0,2.0,0.0,0.0,0.0,1.0,8.0,0.0,0.0,0.0,1.0,0.0,0.0,0.0,0.0,1.0,2.0,0.0,0.0,0.0,1.0,8.0,0.0,0.0,0.0,1.0,0.0,0.0,0.0,0.0,1.0,1.0,"[0, 1, 25, 26, 27]","[2, 5, 9, 11, 12, 22, 29, 41]",[],"[2, 11]","[2, 5, 9, 12, 22, 35, 41, 43]",[],[2],complete,
bm1,binary,1000,50,1.0,49,4056188801,m_high,m,50,0.95,2.0,2.0,0.0,0.0,0.0,1.0,9.0,0.0,0.0,0.0,1.0,0.0,0.0,0.0,0.0,1.0,2.0,0.5714285714285714,0.8,0.6666666666666666,1.0,7.0,0.0,0.0,0.0,1.0,0.0,0.5,0.2,0.28571428571428575,1.0,2.0,"[0, 1, 25, 26, 27]","[4, 10, 13, 24, 32, 33, 34, 41, 43]",[],"[10, 24]","[0, 1, 4, 19, 24, 25, 26]",[],"[4, 25]",complete,
bm1,binary,1000,50,1.0,49,4056188801,beta_low,beta,20,0.95,1.0,2.0,0.0,0.0,0.0,1.0,4.0,0.0,0.0,0.0,1.0,0.0,0.0,0.0,0.0,1.0,1.0,0.5,0.4,0.4444444444444445,1.0,4.0,0.0,0.0,0.0,1.0,0.0,1.0,0.2,0.33333333333333337,1.0,1.0,"[0, 1, 25, 26, 27]","[4, 16, 44, 48]",[],[16],"[0, 1, 16, 45]",[],[0],complete,
bm1,binary,1000,50,1.0,49,4056188801,beta_high,beta,20,0.95,3.0,2.0,0.125,0.2,0.15384615384615385,1.0,8.0,0.0,0.0,0.0,1.0,1.0,0.0,0.0,0.0,1.0,3.0,0.42857142857142855,0.6,0.5,1.0,7.0,0.0,0.0,0.0,1.0,0.0,0.25,0.2,0.22222222222222224,1.0,4.0,"[0, 1, 25, 26, 27]","[8, 10, 11, 16, 22, 26, 38, 45]",[8],"[8, 10, 22]","[1, 8, 15, 25, 26, 29, 39]",[],"[15, 25, 29, 39]",complete,
bm1,binary,1000,50,1.0,49,4056188801,k_low,k,20,0.95,2.0,1.0,0.0,0.0,0.0,1.0,5.0,0.0,0.0,0.0,1.0,0.0,0.0,0.0,0.0,1.0,1.0,0.5,0.4,0.4444444444444445,1.0,4.0,1.0,0.2,0.33333333333333337,1.0,1.0,0.5,0.2,0.28571428571428575,1.0,2.0,"[0, 1, 25, 26, 27]","[6, 13, 22, 31, 35]",[],[22],"[1, 25, 37, 47]",[1],"[1, 47]",complete,
bm1,binary,1000,50,1.0,49,4056188801,k_high,k,20,0.95,2.0,3.0,0.0,0.0,0.0,1.0,7.0,0.0,0.0,0.0,1.0,0.0,0.0,0.0,0.0,1.0,2.0,0.25,0.4,0.3076923076923077,1.0,8.0,0.0,0.0,0.0,1.0,0.0,0.0,0.0,0.0,1.0,2.0,"[0, 1, 25, 26, 27]","[2, 7, 18, 31, 32, 35, 47]",[],"[18, 32]","[1, 12, 25, 30, 32, 35, 46, 47]",[],"[32, 35]",complete,
