scenario,model_key,n,p,s2,repeat,seed,config_id,varied_parameter,m,alpha,beta,k,precision_raw_local,recall_raw_local,f1_raw_local,r_miss_raw_local,n_selected_raw_local,precision_raw_global_max,recall_raw_global_max,f1_raw_global_max,r_miss_raw_global_max,n_selected_raw_global_max,precision_raw_global_se,recall_raw_global_se,f1_raw_global_se,r_miss_raw_global_se,n_selected_raw_global_se,precision_logml_local,recall_logml_local,f1_logml_local,r_miss_logml_local,n_selected_logml_local,precision_logml_global_max,recall_logml_global_max,f1_logml_global_max,r_miss_logml_global_max,n_selected_logml_global_max,precision_logml_global_se,recall_logml_global_se,f1_logml_global_se,r_miss_logml_global_se,n_selected_logml_global_se,true_variables,selected_raw_local,selected_raw_global_max,selected_raw_global_se,selected_logml_local,selected_logml_global_max,selected_logml_global_se,status,error
cc1,continuous,500,50,1.0,0,3205166699,reference,reference,20,0.95,2.0,2.0,0.7142857142857143,1.0,0.8333333333333333,0.0,7.0,1.0,0.8,0.888888888888889,1.0,4.0,1.0,0.6,0.7499999999999999,1.0,3.0,1.0,0.8,0.888888888888889,1.0,4.0,1.0,0.6,0.7499999999999999,1.0,3.0,1.0,0.8,0.888888888888889,1.0,4.0,"[0, 1, 2, 3, 4]","[0, 1, 2, 3, 4, 38, 42]","[0, 1, 3, 4]","[0, 1, 4]","[0, 1, 3, 4]","[0, 1, 3]","[0, 1, 3, 4]",complete,
cc1,continuous,500,50,1.0,0,3205166699,m_low,m,10,0.95,2.0,2.0,0.8333333333333334,1.0,0.9090909090909091,0.0,6.0,1.0,1.0,1.0,0.0,5.0,1.0,1.0,1.0,0.0,5.0,1.0,0.8,0.888888888888889,1.0,4.0,1.0,0.6,0.7499999999999999,1.0,3.0,1.0,0.8,0.888888888888889,1.0,4.0,"[0, 1, 2, 3, 4]","[0, 1, 2, 3, 4, 42]","[0, 1, 2, 3, 4]","[0, 1, 2, 3, 4]","[0, 1, 3, 4]","[0, 1, 3]","[0, 1, 3, 4]",complete,
cc1,continuous,500,50,1.0,0,3205166699,m_high,m,50,0.95,2.0,2.0,0.8333333333333334,1.0,0.9090909090909091,0.0,6.0,1.0,1.0,1.0,0.0,5.0,0.8333333333333334,1.0,0.9090909090909091,0.0,6.0,1.0,1.0,1.0,0.0,5.0,1.0,0.6,0.7499999999999999,1.0,3.0,1.0,1.0,1.0,0.0,5.0,"[0, 1, 2, 3, 4]","[0, 1, 2, 3, 4, 26]","[0, 1, 2, 3, 4]","[0, 1, 2, 3, 4, 26]","[0, 1, 2, 3, 4]","[0, 1, 3]","[0, 1, 2, 3, 4]",complete,
cc1,continuous,500,50,1.0,0,3205166699,beta_low,beta,20,0.95,1.0,2.0,0.8333333333333334,1.0,0.9090909090909091,0.0,6.0,1.0,0.8,0.888888888888889,1.0,4.0,0.8333333333333334,1.0,0.9090909090909091,0.0,6.0,1.0,1.0,1.0,0.0,5.0,1.0,0.8,0.888888888888889,1.0,4.0,1.0,0.8,0.888888888888889,1.0,4.0,"[0, 1, 2, 3, 4]","[0, 1, 2, 3, 4, 23]","[0, 1, 3, 4]","[0, 1, 2, 3, 4, 23]","[0, 1, 2, 3, 4]","[0, 1, 3, 4]","[0, 1, 3, 4]",complete,
cc1,continuous,500,50,1.0,0,3205166699,beta_high,beta,20,0.95,3.0,2.0,0.5714285714285714,0.8,0.6666666666666666,1.0,7.0,1.0,0.8,0.888888888888889,1.0,4.0,0.8,0.8,0.8000000000000002,1.0,5.0,1.0,0.8,0.888888888888889,1.0,4.0,1.0,0.6,0.7499999999999999,1.0,3.0,1.0,0.8,0.888888888888889,1.0,4.0,"[0, 1, 2, 3, 4]","[0, 1, 3, 4, 9, 25, 28]","[0, 1, 3, 4]","[0, 1, 3, 4, 28]","[0, 1, 3, 4]","[0, 1, 3]","[0, 1, 3, 4]",complete,
cc1,continuous,500,50,1.0,0,3205166699,k_low,k,20,0.95,2.0,1.0,1.0,1.0,1.0,0.0,5.0,1.0,0.8,0.888888888888889,1.0,4.0,1.0,1.0,1.0,0.0,5.0,1.0,0.8,0.888888888888889,1.0,4.0,1.0,0.6,0.7499999999999999,1.0,3.0,1.0,0.8,0.888888888888889,1.0,4.0,"[0, 1, 2, 3, 4]","[0, 1, 2, 3, 4]","[0, 1, 3, 4]","[0, 1, 2, 3, 4]","[0, 1, 3, 4]","[0, 1, 3]","[0, 1, 3, 4]",complete,
cc1,continuous,500,50,1.0,0,3205166699,k_high,k,20,0.95,2.0,3.0,1.0,1.0,1.0,0.0,5.0,1.0,0.6,0.7499999999999999,1.0,3.0,1.0,0.6,0.7499999999999999,1.0,3.0,1.0,0.8,0.888888888888889,1.0,4.0,1.0,0.4,0.5714285714285715,1.0,2.0,1.0,0.8,0.888888888888889,1.0,4.0,"[0, 1, 2, 3, 4]","[0, 1, 2, 3, 4]","[1, 3, 4]","[1, 3, 4]","[0, 1, 3, 4]","[1, 3]","[0, 1, 3, 4]",complete,
cc1,continuous,500,50,1.0,1,35825411,reference,reference,20,0.95,2.0,2.0,0.7142857142857143,1.0,0.8333333333333333,0.0,7.0,1.0,0.6,0.7499999999999999,1.0,3.0,1.0,1.0,1.0,0.0,5.0,1.0,1.0,1.0,0.0,5.0,1.0,0.6,0.7499999999999999,1.0,3.0,1.0,1.0,1.0,0.0,5.0,"[0, 1, 2, 3, 4]","[0, 1, 2, 3, 4, 23, 37]","[0, 3, 4]","[0, 1, 2, 3, 4]","[0, 1, 2, 3, 4]","[0, 1, 3]","[0, 1, 2, 3, 4]",complete,
cc1,continuous,500,50,1.0,1,35825411,m_low,m,10,0.95,2.0,2.0,0.6666666666666666,0.8,0.7272727272727272,1.0,6.0,1.0,0.6,0.7499999999999999,1.0,3.0,1.0,0.6,0.7499999999999999,1.0,3.0,1.0,0.8,0.888888888888889,1.0,4.0,1.0,0.6,0.7499999999999999,1.0,3.0,1.0,0.8,0.888888888888889,1.0,4.0,"[0, 1, 2, 3, 4]","[0, 1, 3, 4, 27, 33]","[1, 3, 4]","[0, 3, 4]","[0, 1, 3, 4]","[0, 1, 3]","[0, 1, 3, 4]",complete,
cc1,continuous,500,50,1.0,1,35825411,m_high,m,50,0.95,2.0,2.0,0.8333333333333334,1.0,0.9090909090909091,0.0,6.0,1.0,1.0,1.0,0.0,5.0,1.0,1.0,1.0,0.0,5.0,1.0,1.0,1.0,0.0,5.0,1.0,0.8,0.888888888888889,1.0,4.0,1.0,1.0,1.0,0.0,5.0,"[0, 1, 2, 3, 4]","[0, 1, 2, 3, 4, 44]","[0, 1, 2, 3, 4]","[0, 1, 2, 3, 4]","[0, 1, 2, 3, 4]","[0, 1, 3, 4]","[0, 1, 2, 3, 4]",complete,
cc1,continuous,500,50,1.0,1,35825411,beta_low,beta,20,0.95,1.0,2.0,1.0,1.0,1.0,0.0,5.0,1.0,0.8,0.888888888888889,1.0,4.0,1.0,1.0,1.0,0.0,5.0,1.0,1.0,1.0,0.0,5.0,1.0,0.6,0.7499999999999999,1.0,3.0,1.0,0.8,0.888888888888889,1.0,4.0,"[0, 1, 2, 3, 4]","[0, 1, 2, 3, 4]","[0, 1, 2, 3]","[0, 1, 2, 3, 4]","[0, 1, 2, 3, 4]","[0, 1, 3]","[0, 1, 3, 4]",complete,
cc1,continuous,500,50,1.0,1,35825411,beta_high,beta,20,0.95,3.0,2.0,0.8333333333333334,1.0,0.9090909090909091,0.0,6.0,1.0,0.8,0.888888888888889,1.0,4.0,1.0,1.0,1.0,0.0,5.0,1.0,0.8,0.888888888888889,1.0,4.0,1.0,0.6,0.7499999999999999,1.0,3.0,1.0,0.8,0.888888888888889,1.0,4.0,"[0, 1, 2, 3, 4]","[0, 1, 2, 3, 4, 44]","[0, 1, 3, 4]","[0, 1, 2, 3, 4]","[0, 1, 3, 4]","[0, 1, 3]","[0, 1, 3, 4]",complete,
cc1,continuous,500,50,1.0,1,35825411,k_low,k,20,0.95,2.0,1.0,0.8333333333333334,1.0,0.9090909090909091,0.0,6.0,1.0,0.8,0.888888888888889,1.0,4.0,1.0,1.0,1.0,0.0,5.0,1.0,1.0,1.0,0.0,5.0,1.0,0.6,0.7499999999999999,1.0,3.0,1.0,1.0,1.0,0.0,5.0,"[0, 1, 2, 3, 4]","[0, 1, 2, 3, 4, 44]","[0, 1, 2, 3]","[0, 1, 2, 3, 4]","[0, 1, 2, 3, 4]","[0, 1, 3]","[0, 1, 2, 3, 4]",complete,
cc1,continuous,500,50,1.0,1,35825411,k_high,k,20,0.95,2.0,3.0,0.8333333333333334,1.0,0.9090909090909091,0.0,6.0,1.0,0.8,0.888888888888889,1.0,4.0,0.8,0.8,0.8000000000000002,1.0,5.0,1.0,0.8,0.888888888888889,1.0,4.0,1.0,0.8,0.888888888888889,1.0,4.0,1.0,0.8,0.888888888888889,1.0,4.0,"[0, 1, 2, 3, 4]","[0, 1, 2, 3, 4, 23]","[0, 1, 3, 4]","[0, 1, 3, 4, 23]","[0, 1, 3, 4]","[0, 1, 3, 4]","[0, 1, 3, 4]",complete,
cc1,continuous,500,50,1.0,2,2570402026,reference,reference,20,0.95,2.0,2.0,0.7142857142857143,1.0,0.8333333333333333,0.0,7.0,1.0,0.8,0.888888888888889,1.0,4.0,1.0,1.0,1.0,0.0,5.0,1.0,1.0,1.0,0.0,5.0,1.0,0.6,0.7499999999999999,1.0,3.0,1.0,0.8,0.888888888888889,1.0,4.0,"[0, 1, 2, 3, 4]","[0, 1, 2, 3, 4, 29, 39]","[0, 1, 3, 4]","[0, 1, 2, 3, 4]","[0, 1, 2, 3, 4]","[0, 1, 3]","[0, 1, 3, 4]",complete,
cc1,continuous,500,50,1.0,2,2570402026,m_low,m,10,0.95,2.0,2.0,0.7142857142857143,1.0,0.8333333333333333,0.0,7.0,1.0,0.8,0.888888888888889,1.0,4.0,0.8,0.8,0.8000000000000002,1.0,5.0,0.8333333333333334,1.0,0.9090909090909091,0.0,6.0,1.0,0.6,0.7499999999999999,1.0,3.0,0.8333333333333334,1.0,0.9090909090909091,0.0,6.0,"[0, 1, 2, 3, 4]","[0, 1, 2, 3, 4, 28, 34]","[0, 1, 2, 3]","[0, 2, 3, 4, 28]","[0, 1, 2, 3, 4, 28]","[0, 1, 3]","[0, 1, 2, 3, 4, 28]",complete,
cc1,continuous,500,50,1.0,2,2570402026,m_high,m,50,0.95,2.0,2.0,0.625,1.0,0.7692307692307693,0.0,8.0,1.0,1.0,1.0,0.0,5.0,0.7142857142857143,1.0,0.8333333333333333,0.0,7.0,1.0,1.0,1.0,0.0,5.0,1.0,0.6,0.7499999999999999,1.0,3.0,1.0,1.0,1.0,0.0,5.0,"[0, 1, 2, 3, 4]","[0, 1, 2, 3, 4, 25, 28, 34]","[0, 1, 2, 3, 4]","[0, 1, 2, 3, 4, 28, 34]","[0, 1, 2, 3, 4]","[0, 1, 3]","[0, 1, 2, 3, 4]",complete,
cc1,continuous,500,50,1.0,2,2570402026,beta_low,beta,20,0.95,1.0,2.0,0.625,1.0,0.7692307692307693,0.0,8.0,1.0,0.6,0.7499999999999999,1.0,3.0,1.0,1.0,1.0,0.0,5.0,1.0,1.0,1.0,0.0,5.0,1.0,0.6,0.7499999999999999,1.0,3.0,1.0,1.0,1.0,0.0,5.0,"[0, 1, 2, 3, 4]","[0, 1, 2, 3, 4, 7, 28, 49]","[1, 2, 3]","[0, 1, 2, 3, 4]","[0, 1, 2, 3, 4]","[0, 1, 3]","[0, 1, 2, 3, 4]",complete,
cc1,continuous,500,50,1.0,2,2570402026,beta_high,beta,20,0.95,3.0,2.0,0.5555555555555556,1.0,0.7142857142857143,0.0,9.0,1.0,0.4,0.5714285714285715,1.0,2.0,1.0,0.6,0.7499999999999999,1.0,3.0,1.0,1.0,1.0,0.0,5.0,1.0,0.6,0.7499999999999999,1.0,3.0,1.0,0.8,0.888888888888889,1.0,4.0,"[0, 1, 2, 3, 4]","[0, 1, 2, 3, 4, 28, 39, 44, 49]","[3, 4]","[0, 3, 4]","[0, 1, 2, 3, 4]","[0, 1, 3]","[0, 1, 3, 4]",complete,
cc1,continuous,500,50,1.0,2,2570402026,k_low,k,20,0.95,2.0,1.0,0.8333333333333334,1.0,0.9090909090909091,0.0,6.0,1.0,1.0,1.0,0.0,5.0,1.0,1.0,1.0,0.0,5.0,1.0,1.0,1.0,0.0,5.0,1.0,0.6,0.7499999999999999,1.0,3.0,1.0,0.8,0.888888888888889,1.0,4.0,"[0, 1, 2, 3, 4]","[0, 1, 2, 3, 4, 34]","[0, 1, 2, 3, 4]","[0, 1, 2, 3, 4]","[0, 1, 2, 3, 4]","[0, 1, 3]","[0, 2, 3, 4]",complete,
cc1,continuous,500,50,1.0,2,2570402026,k_high,k,20,0.95,2.0,3.0,0.8333333333333334,1.0,0.9090909090909091,0.0,6.0,1.0,0.8,0.888888888888889,1.0,4.0,0.8333333333333334,1.0,0.9090909090909091,0.0,6.0,1.0,1.0,1.0,0.0,5.0,1.0,0.8,0.888888888888889,1.0,4.0,1.0,1.0,1.0,0.0,5.0,"[0, 1, 2, 3, 4]","[0, 1, 2, 3, 4, 28]","[0, 1, 3, 4]","[0, 1, 2, 3, 4, 28]","[0, 1, 2, 3, 4]","[0, 1, 3, 4]","[0, 1, 2, 3, 4]",complete,
cc1,continuous,500,50,1.0,3,3515536757,reference,reference,20,0.95,2.0,2.0,0.8,0.8,0.8000000000000002,1.0,5.0,1.0,0.8,0.888888888888889,1.0,4.0,1.0,0.8,0.888888888888889,1.0,4.0,1.0,0.8,0.888888888888889,1.0,4.0,1.0,0.6,0.7499999999999999,1.0,3.0,1.0,0.8,0.888888888888889,1.0,4.0,"[0, 1, 2, 3, 4]","[0, 1, 3, 4, 23]","[0, 1, 3, 4]","[0, 1, 3, 4]","[0, 1, 3, 4]","[0, 1, 3]","[0, 1, 3, 4]",complete,
cc1,continuous,500,50,1.0,3,3515536757,m_low,m,10,0.95,2.0,2.0,0.5555555555555556,1.0,0.7142857142857143,0.0,9.0,1.0,0.4,0.5714285714285715,1.0,2.0,0.8333333333333334,1.0,0.9090909090909091,0.0,6.0,1.0,0.8,0.888888888888889,1.0,4.0,1.0,0.6,0.7499999999999999,1.0,3.0,1.0,0.8,0.888888888888889,1.0,4.0,"[0, 1, 2, 3, 4]","[0, 1, 2, 3, 4, 23, 36, 37, 45]","[0, 3]","[0, 1, 2, 3, 4, 23]","[0, 1, 3, 4]","[0, 1, 3]","[0, 1, 3, 4]",complete,
cc1,continuous,500,50,1.0,3,3515536757,m_high,m,50,0.95,2.0,2.0,0.7142857142857143,1.0,0.8333333333333333,0.0,7.0,1.0,1.0,1.0,0.0,5.0,1.0,1.0,1.0,0.0,5.0,1.0,0.8,0.888888888888889,1.0,4.0,1.0,0.6,0.7499999999999999,1.0,3.0,1.0,0.6,0.7499999999999999,1.0,3.0,"[0, 1, 2, 3, 4]","[0, 1, 2, 3, 4, 23, 32]","[0, 1, 2, 3, 4]","[0, 1, 2, 3, 4]","[0, 1, 3, 4]","[0, 1, 3]","[0, 1, 3]",complete,
cc1,continuous,500,50,1.0,3,3515536757,beta_low,beta,20,0.95,1.0,2.0,0.7142857142857143,1.0,0.8333333333333333,0.0,7.0,1.0,0.8,0.888888888888889,1.0,4.0,1.0,1.0,1.0,0.0,5.0,1.0,0.8,0.888888888888889,1.0,4.0,1.0,0.6,0.7499999999999999,1.0,3.0,1.0,0.8,0.888888888888889,1.0,4.0,"[0, 1, 2, 3, 4]","[0, 1, 2, 3, 4, 16, 33]","[0, 2, 3, 4]","[0, 1, 2, 3, 4]","[0, 1, 3, 4]","[0, 1, 3]","[0, 1, 3, 4]",complete,
cc1,continuous,500,50,1.0,3,3515536757,beta_high,beta,20,0.95,3.0,2.0,1.0,1.0,1.0,0.0,5.0,1.0,0.6,0.7499999999999999,1.0,3.0,1.0,0.8,0.888888888888889,1.0,4.0,1.0,0.8,0.888888888888889,1.0,4.0,1.0,0.6,0.7499999999999999,1.0,3.0,1.0,0.8,0.888888888888889,1.0,4.0,"[0, 1, 2, 3, 4]","[0, 1, 2, 3, 4]","[0, 1, 3]","[0, 1, 3, 4]","[0, 1, 3, 4]","[0, 1, 3]","[0, 1, 3, 4]",complete,
cc1,continuous,500,50,1.0,3,3515536757,k_low,k,20,0.95,2.0,1.0,0.8333333333333334,1.0,0.9090909090909091,0.0,6.0,1.0,0.8,0.888888888888889,1.0,4.0,1.0,0.8,0.888888888888889,1.0,4.0,1.0,0.8,0.888888888888889,1.0,4.0,1.0,0.6,0.7499999999999999,1.0,3.0,1.0,0.8,0.888888888888889,1.0,4.0,"[0, 1, 2, 3, 4]","[0, 1, 2, 3, 4, 28]","[0, 1, 3, 4]","[0, 1, 3, 4]","[0, 1, 3, 4]","[0, 1, 3]","[0, 1, 3, 4]",complete,
cc1,continuous,500,50,1.0,3,3515536757,k_high,k,20,0.95,2.0,3.0,0.625,1.0,0.7692307692307693,0.0,8.0,1.0,1.0,1.0,0.0,5.0,1.0,1.0,1.0,0.0,5.0,1.0,0.8,0.888888888888889,1.0,4.0,1.0,0.6,0.7499999999999999,1.0,3.0,1.0,0.8,0.888888888888889,1.0,4.0,"[0, 1, 2, 3, 4]","[0, 1, 2, 3, 4, 7, 23, 32]","[0, 1, 2, 3, 4]","[0, 1, 2, 3, 4]","[0, 1, 3, 4]","[0, 1, 3]","[0, 1, 3, 4]",complete,
cc1,continuous,500,50,1.0,4,2383792142,reference,reference,20,0.95,2.0,2.0,0.6666666666666666,0.8,0.7272727272727272,1.0,6.0,1.0,0.8,0.888888888888889,1.0,4.0,1.0,0.8,0.888888888888889,1.0,4.0,1.0,0.8,0.888888888888889,1.0,4.0,1.0,0.8,0.888888888888889,1.0,4.0,1.0,0.8,0.888888888888889,1.0,4.0,"[0, 1, 2, 3, 4]","[0, 1, 3, 4, 32, 39]","[0, 1, 3, 4]","[0, 1, 3, 4]","[0, 1, 3, 4]","[0, 1, 3, 4]","[0, 1, 3, 4]",complete,
cc1,continuous,500,50,1.0,4,2383792142,m_low,m,10,0.95,2.0,2.0,0.5714285714285714,0.8,0.6666666666666666,1.0,7.0,1.0,0.6,0.7499999999999999,1.0,3.0,1.0,0.8,0.888888888888889,1.0,4.0,1.0,0.8,0.888888888888889,1.0,4.0,1.0,0.4,0.5714285714285715,1.0,2.0,1.0,0.8,0.888888888888889,1.0,4.0,"[0, 1, 2, 3, 4]","[0, 1, 3, 4, 7, 33, 39]","[0, 3, 4]","[0, 1, 3, 4]","[0, 1, 3, 4]","[0, 3]","[0, 1, 3, 4]",complete,
cc1,continuous,500,50,1.0,4,2383792142,m_high,m,50,0.95,2.0,2.0,0.8333333333333334,1.0,0.9090909090909091,0.0,6.0,1.0,1.0,1.0,0.0,5.0,1.0,1.0,1.0,0.0,5.0,1.0,1.0,1.0,0.0,5.0,1.0,0.8,0.888888888888889,1.0,4.0,1.0,0.8,0.888888888888889,1.0,4.0,"[0, 1, 2, 3, 4]","[0, 1, 2, 3, 4, 25]","[0, 1, 2, 3, 4]","[0, 1, 2, 3, 4]","[0, 1, 2, 3, 4]","[0, 1, 3, 4]","[0, 1, 3, 4]",complete,
cc1,continuous,500,50,1.0,4,2383792142,beta_low,beta,20,0.95,1.0,2.0,1.0,1.0,1.0,0.0,5.0,1.0,0.8,0.888888888888889,1.0,4.0,1.0,0.8,0.888888888888889,1.0,4.0,1.0,0.8,0.888888888888889,1.0,4.0,1.0,0.8,0.888888888888889,1.0,4.0,1.0,0.8,0.888888888888889,1.0,4.0,"[0, 1, 2, 3, 4]","[0, 1, 2, 3, 4]","[0, 1, 3, 4]","[0, 1, 3, 4]","[0, 1, 3, 4]","[0, 1, 3, 4]","[0, 1, 3, 4]",complete,
cc1,continuous,500,50,1.0,4,2383792142,beta_high,beta,20,0.95,3.0,2.0,1.0,1.0,1.0,0.0,5.0,1.0,0.6,0.7499999999999999,1.0,3.0,1.0,1.0,1.0,0.0,5.0,1.0,0.8,0.888888888888889,1.0,4.0,1.0,0.6,0.7499999999999999,1.0,3.0,1.0,0.8,0.888888888888889,1.0,4.0,"[0, 1, 2, 3, 4]","[0, 1, 2, 3, 4]","[1, 3, 4]","[0, 1, 2, 3, 4]","[0, 1, 3, 4]","[0, 1, 3]","[0, 1, 3, 4]",complete,
cc1,continuous,500,50,1.0,4,2383792142,k_low,k,20,0.95,2.0,1.0,1.0,0.8,0.888888888888889,1.0,4.0,1.0,0.6,0.7499999999999999,1.0,3.0,1.0,0.8,0.888888888888889,1.0,4.0,1.0,0.8,0.888888888888889,1.0,4.0,1.0,0.4,0.5714285714285715,1.0,2.0,1.0,0.8,0.888888888888889,1.0,4.0,"[0, 1, 2, 3, 4]","[0, 1, 3, 4]","[0, 3, 4]","[0, 1, 3, 4]","[0, 1, 3, 4]","[0, 3]","[0, 1, 3, 4]",complete,
cc1,continuous,500,50,1.0,4,2383792142,k_high,k,20,0.95,2.0,3.0,1.0,1.0,1.0,0.0,5.0,1.0,0.8,0.888888888888889,1.0,4.0,1.0,1.0,1.0,0.0,5.0,1.0,0.8,0.888888888888889,1.0,4.0,1.0,0.6,0.7499999999999999,1.0,3.0,1.0,0.8,0.888888888888889,1.0,4.0,"[0, 1, 2, 3, 4]","[0, 1, 2, 3, 4]","[0, 1, 3, 4]","[0, 1, 2, 3, 4]","[0, 1, 3, 4]","[0, 1, 3]","[0, 1, 3, 4]",complete,
cc1,continuous,500,50,1.0,5,1571249157,reference,reference,20,0.95,2.0,2.0,0.625,1.0,0.7692307692307693,0.0,8.0,1.0,0.6,0.7499999999999999,1.0,3.0,1.0,0.8,0.888888888888889,1.0,4.0,1.0,1.0,1.0,0.0,5.0,1.0,0.2,0.33333333333333337,1.0,1.0,1.0,1.0,1.0,0.0,5.0,"[0, 1, 2, 3, 4]","[0, 1, 2, 3, 4, 9, 10, 25]","[0, 3, 4]","[0, 1, 3, 4]","[0, 1, 2, 3, 4]",[3],"[0, 1, 2, 3, 4]",complete,
cc1,continuous,500,50,1.0,5,1571249157,m_low,m,10,0.95,2.0,2.0,0.5555555555555556,1.0,0.7142857142857143,0.0,9.0,1.0,0.2,0.33333333333333337,1.0,1.0,1.0,0.8,0.888888888888889,1.0,4.0,1.0,1.0,1.0,0.0,5.0,0.0,0.0,0.0,1.0,0.0,1.0,1.0,1.0,0.0,5.0,"[0, 1, 2, 3, 4]","[0, 1, 2, 3, 4, 9, 10, 25, 35]",[0],"[0, 1, 2, 4]","[0, 1, 2, 3, 4]",[],"[0, 1, 2, 3, 4]",complete,
cc1,continuous,500,50,1.0,5,1571249157,m_high,m,50,0.95,2.0,2.0,0.7142857142857143,1.0,0.8333333333333333,0.0,7.0,1.0,1.0,1.0,0.0,5.0,0.8333333333333334,1.0,0.9090909090909091,0.0,6.0,1.0,1.0,1.0,0.0,5.0,1.0,0.6,0.7499999999999999,1.0,3.0,1.0,1.0,1.0,0.0,5.0,"[0, 1, 2, 3, 4]","[0, 1, 2, 3, 4, 7, 10]","[0, 1, 2, 3, 4]","[0, 1, 2, 3, 4, 10]","[0, 1, 2, 3, 4]","[0, 1, 3]","[0, 1, 2, 3, 4]",complete,
cc1,continuous,500,50,1.0,5,1571249157,beta_low,beta,20,0.95,1.0,2.0,0.625,1.0,0.7692307692307693,0.0,8.0,1.0,1.0,1.0,0.0,5.0,1.0,1.0,1.0,0.0,5.0,1.0,1.0,1.0,0.0,5.0,1.0,0.6,0.7499999999999999,1.0,3.0,1.0,1.0,1.0,0.0,5.0,"[0, 1, 2, 3, 4]","[0, 1, 2, 3, 4, 12, 25, 47]","[0, 1, 2, 3, 4]","[0, 1, 2, 3, 4]","[0, 1, 2, 3, 4]","[0, 1, 3]","[0, 1, 2, 3, 4]",complete,
cc1,continuous,500,50,1.0,5,1571249157,beta_high,beta,20,0.95,3.0,2.0,0.625,1.0,0.7692307692307693,0.0,8.0,1.0,0.8,0.888888888888889,1.0,4.0,0.7142857142857143,1.0,0.8333333333333333,0.0,7.0,0.8333333333333334,1.0,0.9090909090909091,0.0,6.0,1.0,0.4,0.5714285714285715,1.0,2.0,1.0,0.8,0.888888888888889,1.0,4.0,"[0, 1, 2, 3, 4]","[0, 1, 2, 3, 4, 9, 10, 25]","[0, 1, 3, 4]","[0, 1, 2, 3, 4, 10, 25]","[0, 1, 2, 3, 4, 10]","[1, 3]","[0, 1, 3, 4]",complete,
cc1,continuous,500,50,1.0,5,1571249157,k_low,k,20,0.95,2.0,1.0,0.625,1.0,0.7692307692307693,0.0,8.0,1.0,0.8,0.888888888888889,1.0,4.0,0.8,0.8,0.8000000000000002,1.0,5.0,1.0,1.0,1.0,0.0,5.0,1.0,0.2,0.33333333333333337,1.0,1.0,1.0,0.8,0.888888888888889,1.0,4.0,"[0, 1, 2, 3, 4]","[0, 1, 2, 3, 4, 9, 10, 26]","[0, 1, 3, 4]","[0, 1, 3, 4, 9]","[0, 1, 2, 3, 4]",[3],"[0, 1, 3, 4]",complete,
cc1,continuous,500,50,1.0,5,1571249157,k_high,k,20,0.95,2.0,3.0,0.7142857142857143,1.0,0.8333333333333333,0.0,7.0,1.0,0.4,0.5714285714285715,1.0,2.0,0.8333333333333334,1.0,0.9090909090909091,0.0,6.0,1.0,1.0,1.0,0.0,5.0,1.0,0.4,0.5714285714285715,1.0,2.0,1.0,1.0,1.0,0.0,5.0,"[0, 1, 2, 3, 4]","[0, 1, 2, 3, 4, 9, 10]","[1, 3]","[0, 1, 2, 3, 4, 9]","[0, 1, 2, 3, 4]","[1, 3]","[0, 1, 2, 3, 4]",complete,
cc1,continuous,500,50,1.0,6,2606987846,reference,reference,20,0.95,2.0,2.0,0.8333333333333334,1.0,0.9090909090909091,0.0,6.0,1.0,0.8,0.888888888888889,1.0,4.0,1.0,1.0,1.0,0.0,5.0,1.0,1.0,1.0,0.0,5.0,1.0,0.8,0.888888888888889,1.0,4.0,1.0,1.0,1.0,0.0,5.0,"[0, 1, 2, 3, 4]","[0, 1, 2, 3, 4, 21]","[0, 1, 3, 4]","[0, 1, 2, 3, 4]","[0, 1, 2, 3, 4]","[0, 1, 3, 4]","[0, 1, 2, 3, 4]",complete,
cc1,continuous,500,50,1.0,6,2606987846,m_low,m,10,0.95,2.0,2.0,0.8333333333333334,1.0,0.9090909090909091,0.0,6.0,1.0,0.4,0.5714285714285715,1.0,2.0,0.75,0.6,0.6666666666666665,1.0,4.0,1.0,1.0,1.0,0.0,5.0,1.0,0.6,0.7499999999999999,1.0,3.0,1.0,0.8,0.888888888888889,1.0,4.0,"[0, 1, 2, 3, 4]","[0, 1, 2, 3, 4, 21]","[0, 1]","[0, 1, 3, 21]","[0, 1, 2, 3, 4]","[0, 1, 3]","[0, 1, 2, 3]",complete,
cc1,continuous,500,50,1.0,6,2606987846,m_high,m,50,0.95,2.0,2.0,0.8333333333333334,1.0,0.9090909090909091,0.0,6.0,1.0,1.0,1.0,0.0,5.0,1.0,1.0,1.0,0.0,5.0,1.0,1.0,1.0,0.0,5.0,1.0,1.0,1.0,0.0,5.0,1.0,1.0,1.0,0.0,5.0,"[0, 1, 2, 3, 4]","[0, 1, 2, 3, 4, 12]","[0, 1, 2, 3, 4]","[0, 1, 2, 3, 4]","[0, 1, 2, 3, 4]","[0, 1, 2, 3, 4]","[0, 1, 2, 3, 4]",complete,
cc1,continuous,500,50,1.0,6,2606987846,beta_low,beta,20,0.95,1.0,2.0,0.7142857142857143,1.0,0.8333333333333333,0.0,7.0,1.0,1.0,1.0,0.0,5.0,0.8333333333333334,1.0,0.9090909090909091,0.0,6.0,1.0,1.0,1.0,0.0,5.0,1.0,0.8,0.888888888888889,1.0,4.0,1.0,1.0,1.0,0.0,5.0,"[0, 1, 2, 3, 4]","[0, 1, 2, 3, 4, 15, 26]","[0, 1, 2, 3, 4]","[0, 1, 2, 3, 4, 15]","[0, 1, 2, 3, 4]","[0, 1, 3, 4]","[0, 1, 2, 3, 4]",complete,
cc1,continuous,500,50,1.0,6,2606987846,beta_high,beta,20,0.95,3.0,2.0,0.7142857142857143,1.0,0.8333333333333333,0.0,7.0,1.0,0.8,0.888888888888889,1.0,4.0,1.0,0.8,0.888888888888889,1.0,4.0,1.0,1.0,1.0,0.0,5.0,1.0,0.6,0.7499999999999999,1.0,3.0,1.0,1.0,1.0,0.0,5.0,"[0, 1, 2, 3, 4]","[0, 1, 2, 3, 4, 12, 15]","[0, 1, 3, 4]","[0, 2, 3, 4]","[0, 1, 2, 3, 4]","[0, 1, 3]","[0, 1, 2, 3, 4]",complete,
cc1,continuous,500,50,1.0,6,2606987846,k_low,k,20,0.95,2.0,1.0,1.0,1.0,1.0,0.0,5.0,1.0,0.8,0.888888888888889,1.0,4.0,1.0,1.0,1.0,0.0,5.0,1.0,1.0,1.0,0.0,5.0,1.0,0.8,0.888888888888889,1.0,4.0,1.0,1.0,1.0,0.0,5.0,"[0, 1, 2, 3, 4]","[0, 1, 2, 3, 4]","[0, 1, 3, 4]","[0, 1, 2, 3, 4]","[0, 1, 2, 3, 4]","[0, 1, 3, 4]","[0, 1, 2, 3, 4]",complete,
cc1,continuous,500,50,1.0,6,2606987846,k_high,k,20,0.95,2.0,3.0,0.8333333333333334,1.0,0.9090909090909091,0.0,6.0,1.0,1.0,1.0,0.0,5.0,1.0,1.0,1.0,0.0,5.0,1.0,1.0,1.0,0.0,5.0,1.0,0.6,0.7499999999999999,1.0,3.0,1.0,1.0,1.0,0.0,5.0,"[0, 1, 2, 3, 4]","[0, 1, 2, 3, 4, 32]","[0, 1, 2, 3, 4]","[0, 1, 2, 3, 4]","[0, 1, 2, 3, 4]","[0, 1, 3]","[0, 1, 2, 3, 4]",complete,
cc1,continuous,500,50,1.0,7,1330605350,reference,reference,20,0.95,2.0,2.0,0.625,1.0,0.7692307692307693,0.0,8.0,1.0,0.8,0.888888888888889,1.0,4.0,0.7142857142857143,1.0,0.8333333333333333,0.0,7.0,1.0,0.8,0.888888888888889,1.0,4.0,1.0,0.6,0.7499999999999999,1.0,3.0,1.0,0.8,0.888888888888889,1.0,4.0,"[0, 1, 2, 3, 4]","[0, 1, 2, 3, 4, 9, 19, 33]","[0, 1, 3, 4]","[0, 1, 2, 3, 4, 9, 33]","[0, 1, 3, 4]","[0, 1, 3]","[0, 1, 3, 4]",complete,
cc1,continuous,500,50,1.0,7,1330605350,m_low,m,10,0.95,2.0,2.0,0.7142857142857143,1.0,0.8333333333333333,0.0,7.0,1.0,0.2,0.33333333333333337,1.0,1.0,1.0,0.6,0.7499999999999999,1.0,3.0,0.8333333333333334,1.0,0.9090909090909091,0.0,6.0,1.0,0.2,0.33333333333333337,1.0,1.0,1.0,0.8,0.888888888888889,1.0,4.0,"[0, 1, 2, 3, 4]","[0, 1, 2, 3, 4, 29, 46]",[3],"[0, 2, 4]","[0, 1, 2, 3, 4, 33]",[3],"[0, 1, 3, 4]",complete,
cc1,continuous,500,50,1.0,7,1330605350,m_high,m,50,0.95,2.0,2.0,0.7142857142857143,1.0,0.8333333333333333,0.0,7.0,1.0,1.0,1.0,0.0,5.0,1.0,1.0,1.0,0.0,5.0,1.0,1.0,1.0,0.0,5.0,1.0,0.6,0.7499999999999999,1.0,3.0,1.0,1.0,1.0,0.0,5.0,"[0, 1, 2, 3, 4]","[0, 1, 2, 3, 4, 32, 46]","[0, 1, 2, 3, 4]","[0, 1, 2, 3, 4]","[0, 1, 2, 3, 4]","[0, 1, 3]","[0, 1, 2, 3, 4]",complete,
cc1,continuous,500,50,1.0,7,1330605350,beta_low,beta,20,0.95,1.0,2.0,0.5555555555555556,1.0,0.7142857142857143,0.0,9.0,1.0,0.8,0.888888888888889,1.0,4.0,0.7142857142857143,1.0,0.8333333333333333,0.0,7.0,1.0,1.0,1.0,0.0,5.0,1.0,0.6,0.7499999999999999,1.0,3.0,1.0,1.0,1.0,0.0,5.0,"[0, 1, 2, 3, 4]","[0, 1, 2, 3, 4, 19, 24, 28, 33]","[0, 1, 2, 3]","[0, 1, 2, 3, 4, 19, 24]","[0, 1, 2, 3, 4]","[0, 1, 3]","[0, 1, 2, 3, 4]",complete,
cc1,continuous,500,50,1.0,7,1330605350,beta_high,beta,20,0.95,3.0,2.0,0.5,1.0,0.6666666666666666,0.0,10.0,1.0,0.8,0.888888888888889,1.0,4.0,0.8,0.8,0.8000000000000002,1.0,5.0,1.0,0.8,0.888888888888889,1.0,4.0,1.0,0.6,0.7499999999999999,1.0,3.0,1.0,0.8,0.888888888888889,1.0,4.0,"[0, 1, 2, 3, 4]","[0, 1, 2, 3, 4, 9, 15, 19, 24, 46]","[0, 1, 3, 4]","[0, 1, 3, 4, 24]","[0, 1, 3, 4]","[0, 1, 3]","[0, 1, 3, 4]",complete,
cc1,continuous,500,50,1.0,7,1330605350,k_low,k,20,0.95,2.0,1.0,0.7142857142857143,1.0,0.8333333333333333,0.0,7.0,1.0,1.0,1.0,0.0,5.0,0.8333333333333334,1.0,0.9090909090909091,0.0,6.0,1.0,1.0,1.0,0.0,5.0,1.0,0.6,0.7499999999999999,1.0,3.0,1.0,0.8,0.888888888888889,1.0,4.0,"[0, 1, 2, 3, 4]","[0, 1, 2, 3, 4, 29, 33]","[0, 1, 2, 3, 4]","[0, 1, 2, 3, 4, 33]","[0, 1, 2, 3, 4]","[0, 1, 3]","[0, 1, 3, 4]",complete,
cc1,continuous,500,50,1.0,7,1330605350,k_high,k,20,0.95,2.0,3.0,0.8333333333333334,1.0,0.9090909090909091,0.0,6.0,1.0,0.8,0.888888888888889,1.0,4.0,1.0,1.0,1.0,0.0,5.0,1.0,1.0,1.0,0.0,5.0,1.0,0.6,0.7499999999999999,1.0,3.0,1.0,0.8,0.888888888888889,1.0,4.0,"[0, 1, 2, 3, 4]","[0, 1, 2, 3, 4, 24]","[0, 1, 3, 4]","[0, 1, 2, 3, 4]","[0, 1, 2, 3, 4]","[0, 1, 3]","[0, 1, 3, 4]",complete,
cc1,continuous,500,50,1.0,8,2835370909,reference,reference,20,0.95,2.0,2.0,0.8333333333333334,1.0,0.9090909090909091,0.0,6.0,1.0,1.0,1.0,0.0,5.0,1.0,1.0,1.0,0.0,5.0,1.0,0.8,0.888888888888889,1.0,4.0,1.0,0.6,0.7499999999999999,1.0,3.0,1.0,0.8,0.888888888888889,1.0,4.0,"[0, 1, 2, 3, 4]","[0, 1, 2, 3, 4, 45]","[0, 1, 2, 3, 4]","[0, 1, 2, 3, 4]","[0, 1, 3, 4]","[0, 1, 3]","[0, 1, 3, 4]",complete,
cc1,continuous,500,50,1.0,8,2835370909,m_low,m,10,0.95,2.0,2.0,0.8333333333333334,1.0,0.9090909090909091,0.0,6.0,1.0,0.4,0.5714285714285715,1.0,2.0,1.0,0.6,0.7499999999999999,1.0,3.0,1.0,0.8,0.888888888888889,1.0,4.0,1.0,0.4,0.5714285714285715,1.0,2.0,1.0,0.8,0.888888888888889,1.0,4.0,"[0, 1, 2, 3, 4]","[0, 1, 2, 3, 4, 26]","[1, 3]","[1, 2, 3]","[0, 1, 3, 4]","[1, 3]","[0, 1, 3, 4]",complete,
cc1,continuous,500,50,1.0,8,2835370909,m_high,m,50,0.95,2.0,2.0,1.0,1.0,1.0,0.0,5.0,1.0,1.0,1.0,0.0,5.0,1.0,1.0,1.0,0.0,5.0,1.0,1.0,1.0,0.0,5.0,1.0,0.6,0.7499999999999999,1.0,3.0,1.0,1.0,1.0,0.0,5.0,"[0, 1, 2, 3, 4]","[0, 1, 2, 3, 4]","[0, 1, 2, 3, 4]","[0, 1, 2, 3, 4]","[0, 1, 2, 3, 4]","[0, 1, 3]","[0, 1, 2, 3, 4]",complete,
cc1,continuous,500,50,1.0,8,2835370909,beta_low,beta,20,0.95,1.0,2.0,0.5555555555555556,1.0,0.7142857142857143,0.0,9.0,1.0,1.0,1.0,0.0,5.0,1.0,1.0,1.0,0.0,5.0,1.0,1.0,1.0,0.0,5.0,1.0,0.6,0.7499999999999999,1.0,3.0,1.0,1.0,1.0,0.0,5.0,"[0, 1, 2, 3, 4]","[0, 1, 2, 3, 4, 8, 18, 34, 43]","[0, 1, 2, 3, 4]","[0, 1, 2, 3, 4]","[0, 1, 2, 3, 4]","[0, 1, 3]","[0, 1, 2, 3, 4]",complete,
cc1,continuous,500,50,1.0,8,2835370909,beta_high,beta,20,0.95,3.0,2.0,0.7142857142857143,1.0,0.8333333333333333,0.0,7.0,1.0,0.6,0.7499999999999999,1.0,3.0,0.8333333333333334,1.0,0.9090909090909091,0.0,6.0,1.0,0.8,0.888888888888889,1.0,4.0,1.0,0.6,0.7499999999999999,1.0,3.0,1.0,0.8,0.888888888888889,1.0,4.0,"[0, 1, 2, 3, 4]","[0, 1, 2, 3, 4, 18, 42]","[1, 2, 3]","[0, 1, 2, 3, 4, 18]","[0, 1, 3, 4]","[0, 1, 3]","[0, 1, 3, 4]",complete,
cc1,continuous,500,50,1.0,8,2835370909,k_low,k,20,0.95,2.0,1.0,0.8333333333333334,1.0,0.9090909090909091,0.0,6.0,1.0,0.8,0.888888888888889,1.0,4.0,1.0,0.8,0.888888888888889,1.0,4.0,1.0,0.8,0.888888888888889,1.0,4.0,1.0,0.4,0.5714285714285715,1.0,2.0,1.0,0.8,0.888888888888889,1.0,4.0,"[0, 1, 2, 3, 4]","[0, 1, 2, 3, 4, 18]","[0, 1, 3, 4]","[0, 1, 3, 4]","[0, 1, 3, 4]","[1, 3]","[0, 1, 3, 4]",complete,
cc1,continuous,500,50,1.0,8,2835370909,k_high,k,20,0.95,2.0,3.0,1.0,1.0,1.0,0.0,5.0,1.0,0.8,0.888888888888889,1.0,4.0,1.0,1.0,1.0,0.0,5.0,1.0,0.8,0.888888888888889,1.0,4.0,1.0,0.6,0.7499999999999999,1.0,3.0,1.0,0.8,0.888888888888889,1.0,4.0,"[0, 1, 2, 3, 4]","[0, 1, 2, 3, 4]","[0, 1, 3, 4]","[0, 1, 2, 3, 4]","[0, 1, 3, 4]","[0, 1, 3]","[0, 1, 3, 4]",complete,
cc1,continuous,500,50,1.0,9,4139395655,reference,reference,20,0.95,2.0,2.0,0.7142857142857143,1.0,0.8333333333333333,0.0,7.0,1.0,0.4,0.5714285714285715,1.0,2.0,1.0,0.8,0.888888888888889,1.0,4.0,1.0,1.0,1.0,0.0,5.0,1.0,0.6,0.7499999999999999,1.0,3.0,1.0,0.8,0.888888888888889,1.0,4.0,"[0, 1, 2, 3, 4]","[0, 1, 2, 3, 4, 6, 18]","[0, 3]","[0, 1, 2, 3]","[0, 1, 2, 3, 4]","[0, 1, 3]","[0, 1, 2, 3]",complete,
cc1,continuous,500,50,1.0,9,4139395655,m_low,m,10,0.95,2.0,2.0,0.6666666666666666,0.8,0.7272727272727272,1.0,6.0,1.0,0.4,0.5714285714285715,1.0,2.0,1.0,0.8,0.888888888888889,1.0,4.0,1.0,1.0,1.0,0.0,5.0,1.0,0.2,0.33333333333333337,1.0,1.0,1.0,0.8,0.888888888888889,1.0,4.0,"[0, 1, 2, 3, 4]","[0, 1, 3, 4, 18, 28]","[1, 3]","[0, 1, 3, 4]","[0, 1, 2, 3, 4]",[3],"[0, 1, 3, 4]",complete,
cc1,continuous,500,50,1.0,9,4139395655,m_high,m,50,0.95,2.0,2.0,0.7142857142857143,1.0,0.8333333333333333,0.0,7.0,1.0,1.0,1.0,0.0,5.0,1.0,1.0,1.0,0.0,5.0,1.0,1.0,1.0,0.0,5.0,1.0,0.6,0.7499999999999999,1.0,3.0,1.0,0.8,0.888888888888889,1.0,4.0,"[0, 1, 2, 3, 4]","[0, 1, 2, 3, 4, 19, 22]","[0, 1, 2, 3, 4]","[0, 1, 2, 3, 4]","[0, 1, 2, 3, 4]","[0, 1, 3]","[0, 1, 2, 3]",complete,
cc1,continuous,500,50,1.0,9,4139395655,beta_low,beta,20,0.95,1.0,2.0,0.5555555555555556,1.0,0.7142857142857143,0.0,9.0,1.0,0.6,0.7499999999999999,1.0,3.0,1.0,1.0,1.0,0.0,5.0,1.0,1.0,1.0,0.0,5.0,1.0,0.6,0.7499999999999999,1.0,3.0,1.0,1.0,1.0,0.0,5.0,"[0, 1, 2, 3, 4]","[0, 1, 2, 3, 4, 5, 7, 19, 22]","[0, 3, 4]","[0, 1, 2, 3, 4]","[0, 1, 2, 3, 4]","[0, 1, 3]","[0, 1, 2, 3, 4]",complete,
cc1,continuous,500,50,1.0,9,4139395655,beta_high,beta,20,0.95,3.0,2.0,0.8,0.8,0.8000000000000002,1.0,5.0,1.0,0.4,0.5714285714285715,1.0,2.0,1.0,0.8,0.888888888888889,1.0,4.0,1.0,0.8,0.888888888888889,1.0,4.0,1.0,0.6,0.7499999999999999,1.0,3.0,1.0,0.8,0.888888888888889,1.0,4.0,"[0, 1, 2, 3, 4]","[0, 1, 3, 4, 18]","[0, 3]","[0, 1, 3, 4]","[0, 1, 3, 4]","[0, 1, 3]","[0, 1, 3, 4]",complete,
cc1,continuous,500,50,1.0,9,4139395655,k_low,k,20,0.95,2.0,1.0,0.625,1.0,0.7692307692307693,0.0,8.0,1.0,0.6,0.7499999999999999,1.0,3.0,1.0,0.8,0.888888888888889,1.0,4.0,1.0,1.0,1.0,0.0,5.0,1.0,0.6,0.7499999999999999,1.0,3.0,1.0,0.8,0.888888888888889,1.0,4.0,"[0, 1, 2, 3, 4]","[0, 1, 2, 3, 4, 17, 19, 22]","[0, 1, 3]","[0, 1, 3, 4]","[0, 1, 2, 3, 4]","[0, 1, 3]","[0, 1, 2, 3]",complete,
cc1,continuous,500,50,1.0,9,4139395655,k_high,k,20,0.95,2.0,3.0,0.5555555555555556,1.0,0.7142857142857143,0.0,9.0,1.0,0.6,0.7499999999999999,1.0,3.0,0.7142857142857143,1.0,0.8333333333333333,0.0,7.0,1.0,1.0,1.0,0.0,5.0,1.0,0.6,0.7499999999999999,1.0,3.0,1.0,1.0,1.0,0.0,5.0,"[0, 1, 2, 3, 4]","[0, 1, 2, 3, 4, 6, 19, 22, 31]","[0, 1, 3]","[0, 1, 2, 3, 4, 19, 31]","[0, 1, 2, 3, 4]","[0, 1, 3]","[0, 1, 2, 3, 4]",complete,
cc1,continuous,500,50,1.0,10,4068377753,reference,reference,20,0.95,2.0,2.0,0.7142857142857143,1.0,0.8333333333333333,0.0,7.0,1.0,0.8,0.888888888888889,1.0,4.0,0.8,0.8,0.8000000000000002,1.0,5.0,1.0,1.0,1.0,0.0,5.0,1.0,0.6,0.7499999999999999,1.0,3.0,1.0,0.8,0.888888888888889,1.0,4.0,"[0, 1, 2, 3, 4]","[0, 1, 2, 3, 4, 39, 45]","[0, 1, 2, 3]","[0, 1, 2, 4, 39]","[0, 1, 2, 3, 4]","[0, 1, 3]","[0, 1, 3, 4]",complete,
cc1,continuous,500,50,1.0,10,4068377753,m_low,m,10,0.95,2.0,2.0,0.8333333333333334,1.0,0.9090909090909091,0.0,6.0,1.0,0.6,0.7499999999999999,1.0,3.0,0.8333333333333334,1.0,0.9090909090909091,0.0,6.0,1.0,1.0,1.0,0.0,5.0,1.0,0.6,0.7499999999999999,1.0,3.0,1.0,0.8,0.888888888888889,1.0,4.0,"[0, 1, 2, 3, 4]","[0, 1, 2, 3, 4, 30]","[0, 3, 4]","[0, 1, 2, 3, 4, 30]","[0, 1, 2, 3, 4]","[0, 1, 3]","[0, 1, 3, 4]",complete,
cc1,continuous,500,50,1.0,10,4068377753,m_high,m,50,0.95,2.0,2.0,1.0,1.0,1.0,0.0,5.0,1.0,1.0,1.0,0.0,5.0,1.0,1.0,1.0,0.0,5.0,1.0,1.0,1.0,0.0,5.0,1.0,0.6,0.7499999999999999,1.0,3.0,1.0,1.0,1.0,0.0,5.0,"[0, 1, 2, 3, 4]","[0, 1, 2, 3, 4]","[0, 1, 2, 3, 4]","[0, 1, 2, 3, 4]","[0, 1, 2, 3, 4]","[0, 1, 3]","[0, 1, 2, 3, 4]",complete,
cc1,continuous,500,50,1.0,10,4068377753,beta_low,beta,20,0.95,1.0,2.0,0.7142857142857143,1.0,0.8333333333333333,0.0,7.0,1.0,1.0,1.0,0.0,5.0,1.0,1.0,1.0,0.0,5.0,1.0,1.0,1.0,0.0,5.0,1.0,0.4,0.5714285714285715,1.0,2.0,1.0,1.0,1.0,0.0,5.0,"[0, 1, 2, 3, 4]","[0, 1, 2, 3, 4, 44, 47]","[0, 1, 2, 3, 4]","[0, 1, 2, 3, 4]","[0, 1, 2, 3, 4]","[0, 3]","[0, 1, 2, 3, 4]",complete,
cc1,continuous,500,50,1.0,10,4068377753,beta_high,beta,20,0.95,3.0,2.0,0.7142857142857143,1.0,0.8333333333333333,0.0,7.0,1.0,0.8,0.888888888888889,1.0,4.0,1.0,0.8,0.888888888888889,1.0,4.0,1.0,0.8,0.888888888888889,1.0,4.0,1.0,0.6,0.7499999999999999,1.0,3.0,1.0,0.8,0.888888888888889,1.0,4.0,"[0, 1, 2, 3, 4]","[0, 1, 2, 3, 4, 30, 47]","[0, 1, 3, 4]","[0, 1, 3, 4]","[0, 1, 3, 4]","[0, 1, 3]","[0, 1, 3, 4]",complete,
cc1,continuous,500,50,1.0,10,4068377753,k_low,k,20,0.95,2.0,1.0,0.8333333333333334,1.0,0.9090909090909091,0.0,6.0,1.0,0.6,0.7499999999999999,1.0,3.0,1.0,0.8,0.888888888888889,1.0,4.0,1.0,0.8,0.888888888888889,1.0,4.0,1.0,0.6,0.7499999999999999,1.0,3.0,1.0,0.8,0.888888888888889,1.0,4.0,"[0, 1, 2, 3, 4]","[0, 1, 2, 3, 4, 47]","[0, 1, 3]","[0, 1, 3, 4]","[0, 1, 3, 4]","[0, 1, 3]","[0, 1, 3, 4]",complete,
cc1,continuous,500,50,1.0,10,4068377753,k_high,k,20,0.95,2.0,3.0,0.8333333333333334,1.0,0.9090909090909091,0.0,6.0,1.0,0.4,0.5714285714285715,1.0,2.0,1.0,0.8,0.888888888888889,1.0,4.0,1.0,1.0,1.0,0.0,5.0,1.0,0.6,0.7499999999999999,1.0,3.0,1.0,0.8,0.888888888888889,1.0,4.0,"[0, 1, 2, 3, 4]","[0, 1, 2, 3, 4, 21]","[1, 3]","[0, 1, 2, 3]","[0, 1, 2, 3, 4]","[0, 1, 3]","[0, 1, 3, 4]",complete,
cc1,continuous,500,50,1.0,11,2644699662,reference,reference,20,0.95,2.0,2.0,0.7142857142857143,1.0,0.8333333333333333,0.0,7.0,1.0,1.0,1.0,0.0,5.0,1.0,1.0,1.0,0.0,5.0,1.0,1.0,1.0,0.0,5.0,1.0,0.6,0.7499999999999999,1.0,3.0,1.0,0.8,0.888888888888889,1.0,4.0,"[0, 1, 2, 3, 4]","[0, 1, 2, 3, 4, 9, 16]","[0, 1, 2, 3, 4]","[0, 1, 2, 3, 4]","[0, 1, 2, 3, 4]","[0, 1, 3]","[0, 1, 3, 4]",complete,
cc1,continuous,500,50,1.0,11,2644699662,m_low,m,10,0.95,2.0,2.0,1.0,1.0,1.0,0.0,5.0,1.0,0.8,0.888888888888889,1.0,4.0,1.0,0.8,0.888888888888889,1.0,4.0,0.8333333333333334,1.0,0.9090909090909091,0.0,6.0,1.0,0.6,0.7499999999999999,1.0,3.0,1.0,0.8,0.888888888888889,1.0,4.0,"[0, 1, 2, 3, 4]","[0, 1, 2, 3, 4]","[0, 1, 3, 4]","[0, 1, 3, 4]","[0, 1, 2, 3, 4, 29]","[0, 1, 3]","[0, 1, 3, 4]",complete,
cc1,continuous,500,50,1.0,11,2644699662,m_high,m,50,0.95,2.0,2.0,1.0,1.0,1.0,0.0,5.0,1.0,1.0,1.0,0.0,5.0,1.0,1.0,1.0,0.0,5.0,1.0,1.0,1.0,0.0,5.0,1.0,0.8,0.888888888888889,1.0,4.0,1.0,1.0,1.0,0.0,5.0,"[0, 1, 2, 3, 4]","[0, 1, 2, 3, 4]","[0, 1, 2, 3, 4]","[0, 1, 2, 3, 4]","[0, 1, 2, 3, 4]","[0, 1, 3, 4]","[0, 1, 2, 3, 4]",complete,
cc1,continuous,500,50,1.0,11,2644699662,beta_low,beta,20,0.95,1.0,2.0,1.0,1.0,1.0,0.0,5.0,1.0,0.8,0.888888888888889,1.0,4.0,1.0,1.0,1.0,0.0,5.0,1.0,1.0,1.0,0.0,5.0,1.0,0.6,0.7499999999999999,1.0,3.0,1.0,1.0,1.0,0.0,5.0,"[0, 1, 2, 3, 4]","[0, 1, 2, 3, 4]","[0, 1, 3, 4]","[0, 1, 2, 3, 4]","[0, 1, 2, 3, 4]","[0, 1, 3]","[0, 1, 2, 3, 4]",complete,
cc1,continuous,500,50,1.0,11,2644699662,beta_high,beta,20,0.95,3.0,2.0,0.7142857142857143,1.0,0.8333333333333333,0.0,7.0,1.0,0.2,0.33333333333333337,1.0,1.0,1.0,1.0,1.0,0.0,5.0,1.0,1.0,1.0,0.0,5.0,1.0,0.6,0.7499999999999999,1.0,3.0,1.0,1.0,1.0,0.0,5.0,"[0, 1, 2, 3, 4]","[0, 1, 2, 3, 4, 24, 29]",[3],"[0, 1, 2, 3, 4]","[0, 1, 2, 3, 4]","[0, 1, 3]","[0, 1, 2, 3, 4]",complete,
cc1,continuous,500,50,1.0,11,2644699662,k_low,k,20,0.95,2.0,1.0,0.8333333333333334,1.0,0.9090909090909091,0.0,6.0,1.0,0.4,0.5714285714285715,1.0,2.0,1.0,1.0,1.0,0.0,5.0,1.0,1.0,1.0,0.0,5.0,1.0,0.6,0.7499999999999999,1.0,3.0,1.0,0.8,0.888888888888889,1.0,4.0,"[0, 1, 2, 3, 4]","[0, 1, 2, 3, 4, 29]","[1, 3]","[0, 1, 2, 3, 4]","[0, 1, 2, 3, 4]","[0, 1, 3]","[0, 1, 3, 4]",complete,
cc1,continuous,500,50,1.0,11,2644699662,k_high,k,20,0.95,2.0,3.0,0.625,1.0,0.7692307692307693,0.0,8.0,1.0,0.8,0.888888888888889,1.0,4.0,1.0,1.0,1.0,0.0,5.0,1.0,1.0,1.0,0.0,5.0,1.0,0.6,0.7499999999999999,1.0,3.0,1.0,1.0,1.0,0.0,5.0,"[0, 1, 2, 3, 4]","[0, 1, 2, 3, 4, 16, 22, 26]","[0, 1, 3, 4]","[0, 1, 2, 3, 4]","[0, 1, 2, 3, 4]","[0, 1, 3]","[0, 1, 2, 3, 4]",complete,
cc1,continuous,500,50,1.0,12,585688265,reference,reference,20,0.95,2.0,2.0,0.8333333333333334,1.0,0.9090909090909091,0.0,6.0,1.0,0.8,0.888888888888889,1.0,4.0,0.8333333333333334,1.0,0.9090909090909091,0.0,6.0,1.0,1.0,1.0,0.0,5.0,1.0,0.6,0.7499999999999999,1.0,3.0,1.0,0.8,0.888888888888889,1.0,4.0,"[0, 1, 2, 3, 4]","[0, 1, 2, 3, 4, 28]","[0, 2, 3, 4]","[0, 1, 2, 3, 4, 28]","[0, 1, 2, 3, 4]","[0, 1, 3]","[0, 1, 2, 3]",complete,
cc1,continuous,500,50,1.0,12,585688265,m_low,m,10,0.95,2.0,2.0,0.5555555555555556,1.0,0.7142857142857143,0.0,9.0,1.0,0.8,0.888888888888889,1.0,4.0,0.8333333333333334,1.0,0.9090909090909091,0.0,6.0,1.0,1.0,1.0,0.0,5.0,1.0,0.6,0.7499999999999999,1.0,3.0,1.0,0.6,0.7499999999999999,1.0,3.0,"[0, 1, 2, 3, 4]","[0, 1, 2, 3, 4, 5, 13, 37, 39]","[0, 1, 3, 4]","[0, 1, 2, 3, 4, 13]","[0, 1, 2, 3, 4]","[0, 1, 3]","[0, 1, 3]",complete,
cc1,continuous,500,50,1.0,12,585688265,m_high,m,50,0.95,2.0,2.0,0.8333333333333334,1.0,0.9090909090909091,0.0,6.0,1.0,0.8,0.888888888888889,1.0,4.0,1.0,1.0,1.0,0.0,5.0,1.0,1.0,1.0,0.0,5.0,1.0,0.6,0.7499999999999999,1.0,3.0,1.0,0.8,0.888888888888889,1.0,4.0,"[0, 1, 2, 3, 4]","[0, 1, 2, 3, 4, 5]","[0, 1, 2, 3]","[0, 1, 2, 3, 4]","[0, 1, 2, 3, 4]","[0, 1, 3]","[0, 1, 2, 3]",complete,
cc1,continuous,500,50,1.0,12,585688265,beta_low,beta,20,0.95,1.0,2.0,0.8333333333333334,1.0,0.9090909090909091,0.0,6.0,1.0,0.8,0.888888888888889,1.0,4.0,1.0,0.8,0.888888888888889,1.0,4.0,1.0,1.0,1.0,0.0,5.0,1.0,0.6,0.7499999999999999,1.0,3.0,1.0,0.8,0.888888888888889,1.0,4.0,"[0, 1, 2, 3, 4]","[0, 1, 2, 3, 4, 28]","[0, 1, 2, 3]","[0, 1, 2, 3]","[0, 1, 2, 3, 4]","[0, 1, 3]","[0, 1, 2, 3]",complete,
cc1,continuous,500,50,1.0,12,585688265,beta_high,beta,20,0.95,3.0,2.0,0.8333333333333334,1.0,0.9090909090909091,0.0,6.0,1.0,0.6,0.7499999999999999,1.0,3.0,1.0,1.0,1.0,0.0,5.0,1.0,1.0,1.0,0.0,5.0,1.0,0.6,0.7499999999999999,1.0,3.0,1.0,0.8,0.888888888888889,1.0,4.0,"[0, 1, 2, 3, 4]","[0, 1, 2, 3, 4, 39]","[0, 1, 3]","[0, 1, 2, 3, 4]","[0, 1, 2, 3, 4]","[0, 1, 3]","[0, 1, 2, 3]",complete,
cc1,continuous,500,50,1.0,12,585688265,k_low,k,20,0.95,2.0,1.0,0.7142857142857143,1.0,0.8333333333333333,0.0,7.0,1.0,0.8,0.888888888888889,1.0,4.0,1.0,1.0,1.0,0.0,5.0,1.0,0.8,0.888888888888889,1.0,4.0,1.0,0.6,0.7499999999999999,1.0,3.0,1.0,0.8,0.888888888888889,1.0,4.0,"[0, 1, 2, 3, 4]","[0, 1, 2, 3, 4, 16, 28]","[0, 1, 3, 4]","[0, 1, 2, 3, 4]","[0, 1, 2, 3]","[0, 1, 3]","[0, 1, 2, 3]",complete,
cc1,continuous,500,50,1.0,12,585688265,k_high,k,20,0.95,2.0,3.0,0.8333333333333334,1.0,0.9090909090909091,0.0,6.0,1.0,0.8,0.888888888888889,1.0,4.0,1.0,1.0,1.0,0.0,5.0,1.0,0.8,0.888888888888889,1.0,4.0,1.0,0.6,0.7499999999999999,1.0,3.0,1.0,0.8,0.888888888888889,1.0,4.0,"[0, 1, 2, 3, 4]","[0, 1, 2, 3, 4, 45]","[0, 1, 2, 3]","[0, 1, 2, 3, 4]","[0, 1, 2, 3]","[0, 1, 3]","[0, 1, 2, 3]",complete,
cc1,continuous,500,50,1.0,13,413141459,reference,reference,20,0.95,2.0,2.0,1.0,1.0,1.0,0.0,5.0,1.0,1.0,1.0,0.0,5.0,1.0,1.0,1.0,0.0,5.0,1.0,1.0,1.0,0.0,5.0,1.0,0.6,0.7499999999999999,1.0,3.0,1.0,1.0,1.0,0.0,5.0,"[0, 1, 2, 3, 4]","[0, 1, 2, 3, 4]","[0, 1, 2, 3, 4]","[0, 1, 2, 3, 4]","[0, 1, 2, 3, 4]","[0, 1, 3]","[0, 1, 2, 3, 4]",complete,
cc1,continuous,500,50,1.0,13,413141459,m_low,m,10,0.95,2.0,2.0,0.7142857142857143,1.0,0.8333333333333333,0.0,7.0,1.0,0.2,0.33333333333333337,1.0,1.0,1.0,1.0,1.0,0.0,5.0,1.0,1.0,1.0,0.0,5.0,1.0,0.2,0.33333333333333337,1.0,1.0,1.0,1.0,1.0,0.0,5.0,"[0, 1, 2, 3, 4]","[0, 1, 2, 3, 4, 6, 40]",[3],"[0, 1, 2, 3, 4]","[0, 1, 2, 3, 4]",[3],"[0, 1, 2, 3, 4]",complete,
cc1,continuous,500,50,1.0,13,413141459,m_high,m,50,0.95,2.0,2.0,1.0,1.0,1.0,0.0,5.0,1.0,1.0,1.0,0.0,5.0,1.0,1.0,1.0,0.0,5.0,1.0,1.0,1.0,0.0,5.0,1.0,1.0,1.0,0.0,5.0,1.0,1.0,1.0,0.0,5.0,"[0, 1, 2, 3, 4]","[0, 1, 2, 3, 4]","[0, 1, 2, 3, 4]","[0, 1, 2, 3, 4]","[0, 1, 2, 3, 4]","[0, 1, 2, 3, 4]","[0, 1, 2, 3, 4]",complete,
cc1,continuous,500,50,1.0,13,413141459,beta_low,beta,20,0.95,1.0,2.0,0.625,1.0,0.7692307692307693,0.0,8.0,1.0,0.8,0.888888888888889,1.0,4.0,1.0,1.0,1.0,0.0,5.0,1.0,1.0,1.0,0.0,5.0,1.0,0.4,0.5714285714285715,1.0,2.0,1.0,0.8,0.888888888888889,1.0,4.0,"[0, 1, 2, 3, 4]","[0, 1, 2, 3, 4, 34, 36, 38]","[0, 1, 2, 3]","[0, 1, 2, 3, 4]","[0, 1, 2, 3, 4]","[0, 3]","[0, 1, 3, 4]",complete,
cc1,continuous,500,50,1.0,13,413141459,beta_high,beta,20,0.95,3.0,2.0,0.8,0.8,0.8000000000000002,1.0,5.0,1.0,0.4,0.5714285714285715,1.0,2.0,1.0,0.8,0.888888888888889,1.0,4.0,1.0,1.0,1.0,0.0,5.0,1.0,0.6,0.7499999999999999,1.0,3.0,1.0,1.0,1.0,0.0,5.0,"[0, 1, 2, 3, 4]","[0, 1, 2, 3, 6]","[1, 3]","[0, 1, 2, 3]","[0, 1, 2, 3, 4]","[0, 1, 3]","[0, 1, 2, 3, 4]",complete,
cc1,continuous,500,50,1.0,13,413141459,k_low,k,20,0.95,2.0,1.0,0.8333333333333334,1.0,0.9090909090909091,0.0,6.0,1.0,0.8,0.888888888888889,1.0,4.0,1.0,0.8,0.888888888888889,1.0,4.0,1.0,1.0,1.0,0.0,5.0,1.0,0.4,0.5714285714285715,1.0,2.0,1.0,0.8,0.888888888888889,1.0,4.0,"[0, 1, 2, 3, 4]","[0, 1, 2, 3, 4, 38]","[0, 2, 3, 4]","[0, 2, 3, 4]","[0, 1, 2, 3, 4]","[0, 3]","[0, 1, 3, 4]",complete,
cc1,continuous,500,50,1.0,13,413141459,k_high,k,20,0.95,2.0,3.0,0.7142857142857143,1.0,0.8333333333333333,0.0,7.0,1.0,0.6,0.7499999999999999,1.0,3.0,1.0,1.0,1.0,0.0,5.0,1.0,1.0,1.0,0.0,5.0,1.0,0.4,0.5714285714285715,1.0,2.0,1.0,1.0,1.0,0.0,5.0,"[0, 1, 2, 3, 4]","[0, 1, 2, 3, 4, 8, 15]","[0, 3, 4]","[0, 1, 2, 3, 4]","[0, 1, 2, 3, 4]","[0, 3]","[0, 1, 2, 3, 4]",complete,
cc1,continuous,500,50,1.0,14,2484680433,reference,reference,20,0.95,2.0,2.0,0.625,1.0,0.7692307692307693,0.0,8.0,1.0,0.6,0.7499999999999999,1.0,3.0,1.0,0.8,0.888888888888889,1.0,4.0,1.0,0.8,0.888888888888889,1.0,4.0,1.0,0.6,0.7499999999999999,1.0,3.0,1.0,0.8,0.888888888888889,1.0,4.0,"[0, 1, 2, 3, 4]","[0, 1, 2, 3, 4, 8, 43, 47]","[0, 3, 4]","[0, 1, 3, 4]","[0, 1, 3, 4]","[0, 1, 3]","[0, 1, 3, 4]",complete,
cc1,continuous,500,50,1.0,14,2484680433,m_low,m,10,0.95,2.0,2.0,0.7142857142857143,1.0,0.8333333333333333,0.0,7.0,1.0,0.4,0.5714285714285715,1.0,2.0,0.6666666666666666,0.8,0.7272727272727272,1.0,6.0,0.8,0.8,0.8000000000000002,1.0,5.0,1.0,0.4,0.5714285714285715,1.0,2.0,0.8,0.8,0.8000000000000002,1.0,5.0,"[0, 1, 2, 3, 4]","[0, 1, 2, 3, 4, 30, 39]","[0, 3]","[0, 2, 3, 4, 30, 39]","[0, 1, 3, 4, 39]","[0, 3]","[0, 1, 3, 4, 39]",complete,
cc1,continuous,500,50,1.0,14,2484680433,m_high,m,50,0.95,2.0,2.0,0.8333333333333334,1.0,0.9090909090909091,0.0,6.0,1.0,1.0,1.0,0.0,5.0,1.0,1.0,1.0,0.0,5.0,1.0,1.0,1.0,0.0,5.0,1.0,0.8,0.888888888888889,1.0,4.0,1.0,1.0,1.0,0.0,5.0,"[0, 1, 2, 3, 4]","[0, 1, 2, 3, 4, 39]","[0, 1, 2, 3, 4]","[0, 1, 2, 3, 4]","[0, 1, 2, 3, 4]","[0, 1, 3, 4]","[0, 1, 2, 3, 4]",complete,
cc1,continuous,500,50,1.0,14,2484680433,beta_low,beta,20,0.95,1.0,2.0,0.625,1.0,0.7692307692307693,0.0,8.0,1.0,0.6,0.7499999999999999,1.0,3.0,1.0,1.0,1.0,0.0,5.0,1.0,1.0,1.0,0.0,5.0,1.0,0.4,0.5714285714285715,1.0,2.0,1.0,0.6,0.7499999999999999,1.0,3.0,"[0, 1, 2, 3, 4]","[0, 1, 2, 3, 4, 8, 38, 39]","[0, 3, 4]","[0, 1, 2, 3, 4]","[0, 1, 2, 3, 4]","[0, 3]","[0, 1, 3]",complete,
cc1,continuous,500,50,1.0,14,2484680433,beta_high,beta,20,0.95,3.0,2.0,0.625,1.0,0.7692307692307693,0.0,8.0,1.0,0.4,0.5714285714285715,1.0,2.0,0.8333333333333334,1.0,0.9090909090909091,0.0,6.0,1.0,0.8,0.888888888888889,1.0,4.0,1.0,0.4,0.5714285714285715,1.0,2.0,1.0,0.8,0.888888888888889,1.0,4.0,"[0, 1, 2, 3, 4]","[0, 1, 2, 3, 4, 9, 12, 39]","[3, 4]","[0, 1, 2, 3, 4, 39]","[0, 1, 3, 4]","[0, 3]","[0, 1, 3, 4]",complete,
cc1,continuous,500,50,1.0,14,2484680433,k_low,k,20,0.95,2.0,1.0,0.5555555555555556,1.0,0.7142857142857143,0.0,9.0,1.0,0.6,0.7499999999999999,1.0,3.0,0.8,0.8,0.8000000000000002,1.0,5.0,0.8,0.8,0.8000000000000002,1.0,5.0,1.0,0.4,0.5714285714285715,1.0,2.0,1.0,0.6,0.7499999999999999,1.0,3.0,"[0, 1, 2, 3, 4]","[0, 1, 2, 3, 4, 12, 19, 34, 39]","[0, 3, 4]","[0, 1, 3, 4, 19]","[0, 1, 3, 4, 39]","[0, 3]","[0, 1, 3]",complete,
cc1,continuous,500,50,1.0,14,2484680433,k_high,k,20,0.95,2.0,3.0,0.625,1.0,0.7692307692307693,0.0,8.0,1.0,0.8,0.888888888888889,1.0,4.0,1.0,1.0,1.0,0.0,5.0,1.0,0.8,0.888888888888889,1.0,4.0,1.0,0.6,0.7499999999999999,1.0,3.0,1.0,0.8,0.888888888888889,1.0,4.0,"[0, 1, 2, 3, 4]","[0, 1, 2, 3, 4, 12, 30, 39]","[0, 1, 3, 4]","[0, 1, 2, 3, 4]","[0, 1, 3, 4]","[0, 1, 3]","[0, 1, 3, 4]",complete,
cc1,continuous,500,50,1.0,15,2483165157,reference,reference,20,0.95,2.0,2.0,1.0,1.0,1.0,0.0,5.0,1.0,0.6,0.7499999999999999,1.0,3.0,1.0,1.0,1.0,0.0,5.0,1.0,0.8,0.888888888888889,1.0,4.0,1.0,0.6,0.7499999999999999,1.0,3.0,1.0,0.8,0.888888888888889,1.0,4.0,"[0, 1, 2, 3, 4]","[0, 1, 2, 3, 4]","[0, 1, 3]","[0, 1, 2, 3, 4]","[0, 1, 3, 4]","[0, 1, 3]","[0, 1, 3, 4]",complete,
cc1,continuous,500,50,1.0,15,2483165157,m_low,m,10,0.95,2.0,2.0,0.6666666666666666,0.8,0.7272727272727272,1.0,6.0,1.0,0.4,0.5714285714285715,1.0,2.0,1.0,0.8,0.888888888888889,1.0,4.0,1.0,0.8,0.888888888888889,1.0,4.0,1.0,0.4,0.5714285714285715,1.0,2.0,1.0,0.8,0.888888888888889,1.0,4.0,"[0, 1, 2, 3, 4]","[0, 1, 3, 4, 13, 27]","[1, 3]","[0, 1, 3, 4]","[0, 1, 3, 4]","[1, 3]","[0, 1, 3, 4]",complete,
cc1,continuous,500,50,1.0,15,2483165157,m_high,m,50,0.95,2.0,2.0,0.8333333333333334,1.0,0.9090909090909091,0.0,6.0,1.0,1.0,1.0,0.0,5.0,1.0,1.0,1.0,0.0,5.0,1.0,1.0,1.0,0.0,5.0,1.0,0.8,0.888888888888889,1.0,4.0,1.0,0.8,0.888888888888889,1.0,4.0,"[0, 1, 2, 3, 4]","[0, 1, 2, 3, 4, 36]","[0, 1, 2, 3, 4]","[0, 1, 2, 3, 4]","[0, 1, 2, 3, 4]","[0, 1, 3, 4]","[0, 1, 3, 4]",complete,
cc1,continuous,500,50,1.0,15,2483165157,beta_low,beta,20,0.95,1.0,2.0,0.8333333333333334,1.0,0.9090909090909091,0.0,6.0,1.0,0.8,0.888888888888889,1.0,4.0,1.0,0.8,0.888888888888889,1.0,4.0,1.0,0.8,0.888888888888889,1.0,4.0,1.0,0.6,0.7499999999999999,1.0,3.0,1.0,0.8,0.888888888888889,1.0,4.0,"[0, 1, 2, 3, 4]","[0, 1, 2, 3, 4, 21]","[0, 1, 3, 4]","[0, 1, 3, 4]","[0, 1, 3, 4]","[0, 1, 3]","[0, 1, 3, 4]",complete,
cc1,continuous,500,50,1.0,15,2483165157,beta_high,beta,20,0.95,3.0,2.0,0.8333333333333334,1.0,0.9090909090909091,0.0,6.0,1.0,0.6,0.7499999999999999,1.0,3.0,1.0,0.6,0.7499999999999999,1.0,3.0,1.0,0.8,0.888888888888889,1.0,4.0,1.0,0.8,0.888888888888889,1.0,4.0,1.0,0.8,0.888888888888889,1.0,4.0,"[0, 1, 2, 3, 4]","[0, 1, 2, 3, 4, 13]","[1, 3, 4]","[1, 3, 4]","[0, 1, 3, 4]","[0, 1, 3, 4]","[0, 1, 3, 4]",complete,
cc1,continuous,500,50,1.0,15,2483165157,k_low,k,20,0.95,2.0,1.0,0.5714285714285714,0.8,0.6666666666666666,1.0,7.0,1.0,0.2,0.33333333333333337,1.0,1.0,1.0,0.8,0.888888888888889,1.0,4.0,1.0,0.8,0.888888888888889,1.0,4.0,1.0,0.6,0.7499999999999999,1.0,3.0,1.0,0.8,0.888888888888889,1.0,4.0,"[0, 1, 2, 3, 4]","[0, 1, 3, 4, 12, 27, 29]",[3],"[0, 1, 3, 4]","[0, 1, 3, 4]","[0, 1, 3]","[0, 1, 3, 4]",complete,
cc1,continuous,500,50,1.0,15,2483165157,k_high,k,20,0.95,2.0,3.0,0.625,1.0,0.7692307692307693,0.0,8.0,1.0,1.0,1.0,0.0,5.0,1.0,1.0,1.0,0.0,5.0,1.0,0.8,0.888888888888889,1.0,4.0,1.0,0.6,0.7499999999999999,1.0,3.0,1.0,0.8,0.888888888888889,1.0,4.0,"[0, 1, 2, 3, 4]","[0, 1, 2, 3, 4, 12, 29, 38]","[0, 1, 2, 3, 4]","[0, 1, 2, 3, 4]","[0, 1, 3, 4]","[0, 1, 3]","[0, 1, 3, 4]",complete,
cc1,continuous,500,50,1.0,16,1524147368,reference,reference,20,0.95,2.0,2.0,0.7142857142857143,1.0,0.8333333333333333,0.0,7.0,1.0,0.8,0.888888888888889,1.0,4.0,1.0,0.8,0.888888888888889,1.0,4.0,1.0,0.8,0.888888888888889,1.0,4.0,1.0,0.6,0.7499999999999999,1.0,3.0,1.0,0.8,0.888888888888889,1.0,4.0,"[0, 1, 2, 3, 4]","[0, 1, 2, 3, 4, 21, 31]","[0, 1, 2, 3]","[0, 1, 3, 4]","[0, 1, 3, 4]","[0, 1, 3]","[0, 1, 3, 4]",complete,
cc1,continuous,500,50,1.0,16,1524147368,m_low,m,10,0.95,2.0,2.0,0.7142857142857143,1.0,0.8333333333333333,0.0,7.0,1.0,0.6,0.7499999999999999,1.0,3.0,0.8,0.8,0.8000000000000002,1.0,5.0,1.0,1.0,1.0,0.0,5.0,1.0,0.4,0.5714285714285715,1.0,2.0,1.0,0.8,0.888888888888889,1.0,4.0,"[0, 1, 2, 3, 4]","[0, 1, 2, 3, 4, 25, 40]","[1, 2, 3]","[1, 2, 3, 4, 40]","[0, 1, 2, 3, 4]","[1, 3]","[0, 1, 3, 4]",complete,
cc1,continuous,500,50,1.0,16,1524147368,m_high,m,50,0.95,2.0,2.0,0.8333333333333334,1.0,0.9090909090909091,0.0,6.0,1.0,1.0,1.0,0.0,5.0,1.0,1.0,1.0,0.0,5.0,1.0,1.0,1.0,0.0,5.0,1.0,0.6,0.7499999999999999,1.0,3.0,1.0,1.0,1.0,0.0,5.0,"[0, 1, 2, 3, 4]","[0, 1, 2, 3, 4, 46]","[0, 1, 2, 3, 4]","[0, 1, 2, 3, 4]","[0, 1, 2, 3, 4]","[0, 1, 3]","[0, 1, 2, 3, 4]",complete,
cc1,continuous,500,50,1.0,16,1524147368,beta_low,beta,20,0.95,1.0,2.0,1.0,1.0,1.0,0.0,5.0,1.0,1.0,1.0,0.0,5.0,1.0,1.0,1.0,0.0,5.0,1.0,1.0,1.0,0.0,5.0,1.0,0.6,0.7499999999999999,1.0,3.0,1.0,0.8,0.888888888888889,1.0,4.0,"[0, 1, 2, 3, 4]","[0, 1, 2, 3, 4]","[0, 1, 2, 3, 4]","[0, 1, 2, 3, 4]","[0, 1, 2, 3, 4]","[0, 1, 3]","[0, 1, 3, 4]",complete,
cc1,continuous,500,50,1.0,16,1524147368,beta_high,beta,20,0.95,3.0,2.0,0.8,0.8,0.8000000000000002,1.0,5.0,1.0,0.8,0.888888888888889,1.0,4.0,0.8,0.8,0.8000000000000002,1.0,5.0,1.0,0.8,0.888888888888889,1.0,4.0,1.0,0.6,0.7499999999999999,1.0,3.0,1.0,0.8,0.888888888888889,1.0,4.0,"[0, 1, 2, 3, 4]","[0, 1, 3, 4, 40]","[0, 1, 3, 4]","[0, 1, 3, 4, 40]","[0, 1, 3, 4]","[0, 1, 3]","[0, 1, 3, 4]",complete,
cc1,continuous,500,50,1.0,16,1524147368,k_low,k,20,0.95,2.0,1.0,0.8333333333333334,1.0,0.9090909090909091,0.0,6.0,1.0,0.6,0.7499999999999999,1.0,3.0,1.0,1.0,1.0,0.0,5.0,1.0,1.0,1.0,0.0,5.0,1.0,0.6,0.7499999999999999,1.0,3.0,1.0,0.8,0.888888888888889,1.0,4.0,"[0, 1, 2, 3, 4]","[0, 1, 2, 3, 4, 32]","[1, 3, 4]","[0, 1, 2, 3, 4]","[0, 1, 2, 3, 4]","[0, 1, 3]","[0, 1, 3, 4]",complete,
cc1,continuous,500,50,1.0,16,1524147368,k_high,k,20,0.95,2.0,3.0,0.7142857142857143,1.0,0.8333333333333333,0.0,7.0,1.0,0.8,0.888888888888889,1.0,4.0,0.8333333333333334,1.0,0.9090909090909091,0.0,6.0,0.8,0.8,0.8000000000000002,1.0,5.0,1.0,0.6,0.7499999999999999,1.0,3.0,1.0,0.8,0.888888888888889,1.0,4.0,"[0, 1, 2, 3, 4]","[0, 1, 2, 3, 4, 17, 40]","[0, 1, 3, 4]","[0, 1, 2, 3, 4, 40]","[0, 1, 3, 4, 17]","[0, 1, 3]","[0, 1, 3, 4]",complete,
cc1,continuous,500,50,1.0,17,3294714044,reference,reference,20,0.95,2.0,2.0,0.8333333333333334,1.0,0.9090909090909091,0.0,6.0,1.0,0.8,0.888888888888889,1.0,4.0,1.0,0.8,0.888888888888889,1.0,4.0,1.0,1.0,1.0,0.0,5.0,1.0,0.6,0.7499999999999999,1.0,3.0,1.0,0.8,0.888888888888889,1.0,4.0,"[0, 1, 2, 3, 4]","[0, 1, 2, 3, 4, 19]","[0, 1, 3, 4]","[0, 1, 3, 4]","[0, 1, 2, 3, 4]","[0, 1, 3]","[0, 1, 3, 4]",complete,
cc1,continuous,500,50,1.0,17,3294714044,m_low,m,10,0.95,2.0,2.0,0.625,1.0,0.7692307692307693,0.0,8.0,1.0,0.2,0.33333333333333337,1.0,1.0,0.75,0.6,0.6666666666666665,1.0,4.0,1.0,0.8,0.888888888888889,1.0,4.0,1.0,0.4,0.5714285714285715,1.0,2.0,1.0,0.8,0.888888888888889,1.0,4.0,"[0, 1, 2, 3, 4]","[0, 1, 2, 3, 4, 29, 34, 49]",[0],"[0, 1, 4, 34]","[0, 1, 3, 4]","[0, 3]","[0, 1, 3, 4]",complete,
cc1,continuous,500,50,1.0,17,3294714044,m_high,m,50,0.95,2.0,2.0,1.0,1.0,1.0,0.0,5.0,1.0,1.0,1.0,0.0,5.0,1.0,1.0,1.0,0.0,5.0,1.0,1.0,1.0,0.0,5.0,1.0,0.6,0.7499999999999999,1.0,3.0,1.0,1.0,1.0,0.0,5.0,"[0, 1, 2, 3, 4]","[0, 1, 2, 3, 4]","[0, 1, 2, 3, 4]","[0, 1, 2, 3, 4]","[0, 1, 2, 3, 4]","[0, 1, 3]","[0, 1, 2, 3, 4]",complete,
cc1,continuous,500,50,1.0,17,3294714044,beta_low,beta,20,0.95,1.0,2.0,1.0,1.0,1.0,0.0,5.0,1.0,0.8,0.888888888888889,1.0,4.0,1.0,1.0,1.0,0.0,5.0,1.0,1.0,1.0,0.0,5.0,1.0,0.6,0.7499999999999999,1.0,3.0,1.0,0.8,0.888888888888889,1.0,4.0,"[0, 1, 2, 3, 4]","[0, 1, 2, 3, 4]","[0, 1, 2, 3]","[0, 1, 2, 3, 4]","[0, 1, 2, 3, 4]","[0, 1, 3]","[0, 1, 3, 4]",complete,
cc1,continuous,500,50,1.0,17,3294714044,beta_high,beta,20,0.95,3.0,2.0,0.8333333333333334,1.0,0.9090909090909091,0.0,6.0,1.0,0.4,0.5714285714285715,1.0,2.0,1.0,0.8,0.888888888888889,1.0,4.0,1.0,1.0,1.0,0.0,5.0,1.0,0.6,0.7499999999999999,1.0,3.0,1.0,0.8,0.888888888888889,1.0,4.0,"[0, 1, 2, 3, 4]","[0, 1, 2, 3, 4, 49]","[3, 4]","[0, 2, 3, 4]","[0, 1, 2, 3, 4]","[0, 1, 3]","[0, 1, 3, 4]",complete,
cc1,continuous,500,50,1.0,17,3294714044,k_low,k,20,0.95,2.0,1.0,0.7142857142857143,1.0,0.8333333333333333,0.0,7.0,1.0,0.6,0.7499999999999999,1.0,3.0,1.0,1.0,1.0,0.0,5.0,1.0,1.0,1.0,0.0,5.0,1.0,0.6,0.7499999999999999,1.0,3.0,1.0,1.0,1.0,0.0,5.0,"[0, 1, 2, 3, 4]","[0, 1, 2, 3, 4, 19, 34]","[0, 3, 4]","[0, 1, 2, 3, 4]","[0, 1, 2, 3, 4]","[0, 1, 3]","[0, 1, 2, 3, 4]",complete,
cc1,continuous,500,50,1.0,17,3294714044,k_high,k,20,0.95,2.0,3.0,0.8333333333333334,1.0,0.9090909090909091,0.0,6.0,1.0,1.0,1.0,0.0,5.0,0.8333333333333334,1.0,0.9090909090909091,0.0,6.0,1.0,1.0,1.0,0.0,5.0,1.0,0.6,0.7499999999999999,1.0,3.0,1.0,1.0,1.0,0.0,5.0,"[0, 1, 2, 3, 4]","[0, 1, 2, 3, 4, 21]","[0, 1, 2, 3, 4]","[0, 1, 2, 3, 4, 21]","[0, 1, 2, 3, 4]","[0, 1, 3]","[0, 1, 2, 3, 4]",complete,
cc1,continuous,500,50,1.0,18,1813342496,reference,reference,20,0.95,2.0,2.0,0.8,0.8,0.8000000000000002,1.0,5.0,1.0,0.8,0.888888888888889,1.0,4.0,0.8,0.8,0.8000000000000002,1.0,5.0,1.0,0.8,0.888888888888889,1.0,4.0,1.0,0.6,0.7499999999999999,1.0,3.0,1.0,0.8,0.888888888888889,1.0,4.0,"[0, 1, 2, 3, 4]","[0, 1, 3, 4, 40]","[0, 1, 3, 4]","[0, 1, 3, 4, 40]","[0, 1, 3, 4]","[0, 1, 3]","[0, 1, 3, 4]",complete,
cc1,continuous,500,50,1.0,18,1813342496,m_low,m,10,0.95,2.0,2.0,0.8,0.8,0.8000000000000002,1.0,5.0,1.0,0.6,0.7499999999999999,1.0,3.0,0.75,0.6,0.6666666666666665,1.0,4.0,1.0,0.8,0.888888888888889,1.0,4.0,1.0,0.6,0.7499999999999999,1.0,3.0,1.0,0.8,0.888888888888889,1.0,4.0,"[0, 1, 2, 3, 4]","[0, 1, 3, 4, 30]","[0, 1, 3]","[0, 1, 3, 30]","[0, 1, 3, 4]","[0, 1, 3]","[0, 1, 3, 4]",complete,
cc1,continuous,500,50,1.0,18,1813342496,m_high,m,50,0.95,2.0,2.0,0.7142857142857143,1.0,0.8333333333333333,0.0,7.0,1.0,1.0,1.0,0.0,5.0,0.8333333333333334,1.0,0.9090909090909091,0.0,6.0,1.0,0.8,0.888888888888889,1.0,4.0,1.0,0.6,0.7499999999999999,1.0,3.0,1.0,0.8,0.888888888888889,1.0,4.0,"[0, 1, 2, 3, 4]","[0, 1, 2, 3, 4, 9, 46]","[0, 1, 2, 3, 4]","[0, 1, 2, 3, 4, 46]","[0, 1, 3, 4]","[0, 1, 3]","[0, 1, 3, 4]",complete,
cc1,continuous,500,50,1.0,18,1813342496,beta_low,beta,20,0.95,1.0,2.0,1.0,1.0,1.0,0.0,5.0,1.0,1.0,1.0,0.0,5.0,1.0,1.0,1.0,0.0,5.0,1.0,1.0,1.0,0.0,5.0,1.0,0.6,0.7499999999999999,1.0,3.0,1.0,1.0,1.0,0.0,5.0,"[0, 1, 2, 3, 4]","[0, 1, 2, 3, 4]","[0, 1, 2, 3, 4]","[0, 1, 2, 3, 4]","[0, 1, 2, 3, 4]","[0, 1, 3]","[0, 1, 2, 3, 4]",complete,
cc1,continuous,500,50,1.0,18,1813342496,beta_high,beta,20,0.95,3.0,2.0,0.8333333333333334,1.0,0.9090909090909091,0.0,6.0,1.0,0.6,0.7499999999999999,1.0,3.0,1.0,0.8,0.888888888888889,1.0,4.0,1.0,0.8,0.888888888888889,1.0,4.0,1.0,0.6,0.7499999999999999,1.0,3.0,1.0,0.8,0.888888888888889,1.0,4.0,"[0, 1, 2, 3, 4]","[0, 1, 2, 3, 4, 46]","[0, 1, 4]","[0, 1, 3, 4]","[0, 1, 3, 4]","[0, 1, 3]","[0, 1, 3, 4]",complete,
cc1,continuous,500,50,1.0,18,1813342496,k_low,k,20,0.95,2.0,1.0,0.8333333333333334,1.0,0.9090909090909091,0.0,6.0,1.0,0.4,0.5714285714285715,1.0,2.0,0.8,0.8,0.8000000000000002,1.0,5.0,1.0,0.8,0.888888888888889,1.0,4.0,1.0,0.6,0.7499999999999999,1.0,3.0,1.0,0.8,0.888888888888889,1.0,4.0,"[0, 1, 2, 3, 4]","[0, 1, 2, 3, 4, 9]","[0, 3]","[0, 1, 3, 4, 9]","[0, 1, 3, 4]","[0, 1, 3]","[0, 1, 3, 4]",complete,
cc1,continuous,500,50,1.0,18,1813342496,k_high,k,20,0.95,2.0,3.0,0.5714285714285714,0.8,0.6666666666666666,1.0,7.0,1.0,0.8,0.888888888888889,1.0,4.0,1.0,0.8,0.888888888888889,1.0,4.0,1.0,0.8,0.888888888888889,1.0,4.0,1.0,0.6,0.7499999999999999,1.0,3.0,1.0,0.8,0.888888888888889,1.0,4.0,"[0, 1, 2, 3, 4]","[0, 1, 3, 4, 7, 28, 40]","[0, 1, 3, 4]","[0, 1, 3, 4]","[0, 1, 3, 4]","[0, 1, 3]","[0, 1, 3, 4]",complete,
cc1,continuous,500,50,1.0,19,3819042724,reference,reference,20,0.95,2.0,2.0,0.7142857142857143,1.0,0.8333333333333333,0.0,7.0,1.0,0.8,0.888888888888889,1.0,4.0,0.8333333333333334,1.0,0.9090909090909091,0.0,6.0,1.0,0.8,0.888888888888889,1.0,4.0,1.0,0.6,0.7499999999999999,1.0,3.0,1.0,0.8,0.888888888888889,1.0,4.0,"[0, 1, 2, 3, 4]","[0, 1, 2, 3, 4, 29, 42]","[0, 1, 3, 4]","[0, 1, 2, 3, 4, 29]","[0, 1, 3, 4]","[0, 1, 3]","[0, 1, 3, 4]",complete,
cc1,continuous,500,50,1.0,19,3819042724,m_low,m,10,0.95,2.0,2.0,0.4,0.8,0.5333333333333333,1.0,10.0,1.0,0.6,0.7499999999999999,1.0,3.0,0.6666666666666666,0.8,0.7272727272727272,1.0,6.0,1.0,0.8,0.888888888888889,1.0,4.0,1.0,0.6,0.7499999999999999,1.0,3.0,1.0,0.8,0.888888888888889,1.0,4.0,"[0, 1, 2, 3, 4]","[0, 1, 3, 4, 12, 17, 25, 27, 29, 46]","[0, 3, 4]","[0, 1, 3, 4, 25, 29]","[0, 1, 3, 4]","[0, 1, 3]","[0, 1, 3, 4]",complete,
cc1,continuous,500,50,1.0,19,3819042724,m_high,m,50,0.95,2.0,2.0,0.7142857142857143,1.0,0.8333333333333333,0.0,7.0,1.0,1.0,1.0,0.0,5.0,0.8333333333333334,1.0,0.9090909090909091,0.0,6.0,1.0,1.0,1.0,0.0,5.0,1.0,0.8,0.888888888888889,1.0,4.0,1.0,0.8,0.888888888888889,1.0,4.0,"[0, 1, 2, 3, 4]","[0, 1, 2, 3, 4, 29, 44]","[0, 1, 2, 3, 4]","[0, 1, 2, 3, 4, 29]","[0, 1, 2, 3, 4]","[0, 1, 3, 4]","[0, 1, 3, 4]",complete,
cc1,continuous,500,50,1.0,19,3819042724,beta_low,beta,20,0.95,1.0,2.0,1.0,1.0,1.0,0.0,5.0,1.0,1.0,1.0,0.0,5.0,1.0,1.0,1.0,0.0,5.0,1.0,0.8,0.888888888888889,1.0,4.0,1.0,0.6,0.7499999999999999,1.0,3.0,1.0,0.8,0.888888888888889,1.0,4.0,"[0, 1, 2, 3, 4]","[0, 1, 2, 3, 4]","[0, 1, 2, 3, 4]","[0, 1, 2, 3, 4]","[0, 1, 3, 4]","[0, 1, 3]","[0, 1, 3, 4]",complete,
cc1,continuous,500,50,1.0,19,3819042724,beta_high,beta,20,0.95,3.0,2.0,0.7142857142857143,1.0,0.8333333333333333,0.0,7.0,1.0,0.6,0.7499999999999999,1.0,3.0,1.0,0.8,0.888888888888889,1.0,4.0,1.0,0.8,0.888888888888889,1.0,4.0,1.0,0.6,0.7499999999999999,1.0,3.0,1.0,0.8,0.888888888888889,1.0,4.0,"[0, 1, 2, 3, 4]","[0, 1, 2, 3, 4, 12, 29]","[0, 1, 3]","[0, 1, 3, 4]","[0, 1, 3, 4]","[0, 1, 3]","[0, 1, 3, 4]",complete,
cc1,continuous,500,50,1.0,19,3819042724,k_low,k,20,0.95,2.0,1.0,0.5714285714285714,0.8,0.6666666666666666,1.0,7.0,1.0,0.4,0.5714285714285715,1.0,2.0,1.0,0.8,0.888888888888889,1.0,4.0,1.0,0.8,0.888888888888889,1.0,4.0,1.0,0.6,0.7499999999999999,1.0,3.0,1.0,0.8,0.888888888888889,1.0,4.0,"[0, 1, 2, 3, 4]","[0, 1, 3, 4, 17, 18, 42]","[0, 3]","[0, 1, 3, 4]","[0, 1, 3, 4]","[0, 1, 3]","[0, 1, 3, 4]",complete,
cc1,continuous,500,50,1.0,19,3819042724,k_high,k,20,0.95,2.0,3.0,0.6666666666666666,0.8,0.7272727272727272,1.0,6.0,1.0,0.8,0.888888888888889,1.0,4.0,0.8,0.8,0.8000000000000002,1.0,5.0,1.0,0.8,0.888888888888889,1.0,4.0,1.0,0.8,0.888888888888889,1.0,4.0,1.0,0.8,0.888888888888889,1.0,4.0,"[0, 1, 2, 3, 4]","[0, 1, 3, 4, 12, 27]","[0, 1, 3, 4]","[0, 1, 3, 4, 27]","[0, 1, 3, 4]","[0, 1, 3, 4]","[0, 1, 3, 4]",complete,
cc1,continuous,500,50,1.0,20,3509053894,reference,reference,20,0.95,2.0,2.0,0.8333333333333334,1.0,0.9090909090909091,0.0,6.0,1.0,1.0,1.0,0.0,5.0,0.8333333333333334,1.0,0.9090909090909091,0.0,6.0,1.0,1.0,1.0,0.0,5.0,1.0,0.6,0.7499999999999999,1.0,3.0,1.0,0.8,0.888888888888889,1.0,4.0,"[0, 1, 2, 3, 4]","[0, 1, 2, 3, 4, 15]","[0, 1, 2, 3, 4]","[0, 1, 2, 3, 4, 15]","[0, 1, 2, 3, 4]","[0, 1, 3]","[0, 1, 3, 4]",complete,
cc1,continuous,500,50,1.0,20,3509053894,m_low,m,10,0.95,2.0,2.0,0.7142857142857143,1.0,0.8333333333333333,0.0,7.0,1.0,0.4,0.5714285714285715,1.0,2.0,0.8,0.8,0.8000000000000002,1.0,5.0,1.0,1.0,1.0,0.0,5.0,1.0,0.6,0.7499999999999999,1.0,3.0,1.0,1.0,1.0,0.0,5.0,"[0, 1, 2, 3, 4]","[0, 1, 2, 3, 4, 33, 34]","[1, 3]","[0, 1, 2, 3, 33]","[0, 1, 2, 3, 4]","[0, 1, 3]","[0, 1, 2, 3, 4]",complete,
cc1,continuous,500,50,1.0,20,3509053894,m_high,m,50,0.95,2.0,2.0,0.7142857142857143,1.0,0.8333333333333333,0.0,7.0,1.0,1.0,1.0,0.0,5.0,1.0,1.0,1.0,0.0,5.0,1.0,1.0,1.0,0.0,5.0,1.0,0.8,0.888888888888889,1.0,4.0,1.0,1.0,1.0,0.0,5.0,"[0, 1, 2, 3, 4]","[0, 1, 2, 3, 4, 7, 34]","[0, 1, 2, 3, 4]","[0, 1, 2, 3, 4]","[0, 1, 2, 3, 4]","[0, 1, 3, 4]","[0, 1, 2, 3, 4]",complete,
cc1,continuous,500,50,1.0,20,3509053894,beta_low,beta,20,0.95,1.0,2.0,0.7142857142857143,1.0,0.8333333333333333,0.0,7.0,1.0,1.0,1.0,0.0,5.0,1.0,1.0,1.0,0.0,5.0,1.0,1.0,1.0,0.0,5.0,1.0,0.8,0.888888888888889,1.0,4.0,1.0,1.0,1.0,0.0,5.0,"[0, 1, 2, 3, 4]","[0, 1, 2, 3, 4, 27, 41]","[0, 1, 2, 3, 4]","[0, 1, 2, 3, 4]","[0, 1, 2, 3, 4]","[0, 1, 3, 4]","[0, 1, 2, 3, 4]",complete,
cc1,continuous,500,50,1.0,20,3509053894,beta_high,beta,20,0.95,3.0,2.0,0.8333333333333334,1.0,0.9090909090909091,0.0,6.0,1.0,0.8,0.888888888888889,1.0,4.0,1.0,0.8,0.888888888888889,1.0,4.0,1.0,1.0,1.0,0.0,5.0,1.0,0.6,0.7499999999999999,1.0,3.0,1.0,1.0,1.0,0.0,5.0,"[0, 1, 2, 3, 4]","[0, 1, 2, 3, 4, 49]","[1, 2, 3, 4]","[1, 2, 3, 4]","[0, 1, 2, 3, 4]","[0, 1, 3]","[0, 1, 2, 3, 4]",complete,
cc1,continuous,500,50,1.0,20,3509053894,k_low,k,20,0.95,2.0,1.0,0.7142857142857143,1.0,0.8333333333333333,0.0,7.0,1.0,0.8,0.888888888888889,1.0,4.0,1.0,0.8,0.888888888888889,1.0,4.0,1.0,1.0,1.0,0.0,5.0,1.0,0.6,0.7499999999999999,1.0,3.0,1.0,1.0,1.0,0.0,5.0,"[0, 1, 2, 3, 4]","[0, 1, 2, 3, 4, 7, 26]","[0, 1, 3, 4]","[0, 2, 3, 4]","[0, 1, 2, 3, 4]","[0, 1, 3]","[0, 1, 2, 3, 4]",complete,
cc1,continuous,500,50,1.0,20,3509053894,k_high,k,20,0.95,2.0,3.0,1.0,1.0,1.0,0.0,5.0,1.0,0.6,0.7499999999999999,1.0,3.0,1.0,1.0,1.0,0.0,5.0,1.0,1.0,1.0,0.0,5.0,1.0,0.4,0.5714285714285715,1.0,2.0,1.0,1.0,1.0,0.0,5.0,"[0, 1, 2, 3, 4]","[0, 1, 2, 3, 4]","[1, 3, 4]","[0, 1, 2, 3, 4]","[0, 1, 2, 3, 4]","[1, 3]","[0, 1, 2, 3, 4]",complete,
cc1,continuous,500,50,1.0,21,3283397225,reference,reference,20,0.95,2.0,2.0,0.7142857142857143,1.0,0.8333333333333333,0.0,7.0,1.0,0.8,0.888888888888889,1.0,4.0,1.0,0.8,0.888888888888889,1.0,4.0,1.0,0.8,0.888888888888889,1.0,4.0,1.0,0.6,0.7499999999999999,1.0,3.0,1.0,0.8,0.888888888888889,1.0,4.0,"[0, 1, 2, 3, 4]","[0, 1, 2, 3, 4, 14, 37]","[0, 1, 3, 4]","[0, 1, 3, 4]","[0, 1, 3, 4]","[0, 1, 3]","[0, 1, 3, 4]",complete,
cc1,continuous,500,50,1.0,21,3283397225,m_low,m,10,0.95,2.0,2.0,0.625,1.0,0.7692307692307693,0.0,8.0,1.0,0.2,0.33333333333333337,1.0,1.0,0.8,0.8,0.8000000000000002,1.0,5.0,1.0,1.0,1.0,0.0,5.0,1.0,0.6,0.7499999999999999,1.0,3.0,1.0,1.0,1.0,0.0,5.0,"[0, 1, 2, 3, 4]","[0, 1, 2, 3, 4, 14, 15, 31]",[3],"[0, 1, 2, 3, 15]","[0, 1, 2, 3, 4]","[0, 1, 3]","[0, 1, 2, 3, 4]",complete,
cc1,continuous,500,50,1.0,21,3283397225,m_high,m,50,0.95,2.0,2.0,1.0,1.0,1.0,0.0,5.0,1.0,1.0,1.0,0.0,5.0,1.0,1.0,1.0,0.0,5.0,1.0,1.0,1.0,0.0,5.0,1.0,0.8,0.888888888888889,1.0,4.0,1.0,1.0,1.0,0.0,5.0,"[0, 1, 2, 3, 4]","[0, 1, 2, 3, 4]","[0, 1, 2, 3, 4]","[0, 1, 2, 3, 4]","[0, 1, 2, 3, 4]","[0, 1, 3, 4]","[0, 1, 2, 3, 4]",complete,
cc1,continuous,500,50,1.0,21,3283397225,beta_low,beta,20,0.95,1.0,2.0,0.7142857142857143,1.0,0.8333333333333333,0.0,7.0,1.0,0.6,0.7499999999999999,1.0,3.0,1.0,0.8,0.888888888888889,1.0,4.0,1.0,1.0,1.0,0.0,5.0,1.0,0.6,0.7499999999999999,1.0,3.0,1.0,0.8,0.888888888888889,1.0,4.0,"[0, 1, 2, 3, 4]","[0, 1, 2, 3, 4, 20, 23]","[1, 3, 4]","[0, 1, 3, 4]","[0, 1, 2, 3, 4]","[0, 1, 3]","[0, 1, 3, 4]",complete,
cc1,continuous,500,50,1.0,21,3283397225,beta_high,beta,20,0.95,3.0,2.0,0.8,0.8,0.8000000000000002,1.0,5.0,1.0,0.8,0.888888888888889,1.0,4.0,1.0,0.8,0.888888888888889,1.0,4.0,1.0,0.8,0.888888888888889,1.0,4.0,1.0,0.6,0.7499999999999999,1.0,3.0,1.0,0.8,0.888888888888889,1.0,4.0,"[0, 1, 2, 3, 4]","[0, 1, 3, 4, 15]","[0, 1, 3, 4]","[0, 1, 3, 4]","[0, 1, 3, 4]","[0, 1, 3]","[0, 1, 3, 4]",complete,
cc1,continuous,500,50,1.0,21,3283397225,k_low,k,20,0.95,2.0,1.0,1.0,0.8,0.888888888888889,1.0,4.0,1.0,0.8,0.888888888888889,1.0,4.0,1.0,0.8,0.888888888888889,1.0,4.0,1.0,0.8,0.888888888888889,1.0,4.0,1.0,0.6,0.7499999999999999,1.0,3.0,1.0,0.8,0.888888888888889,1.0,4.0,"[0, 1, 2, 3, 4]","[0, 1, 3, 4]","[0, 1, 3, 4]","[0, 1, 3, 4]","[0, 1, 3, 4]","[0, 1, 3]","[0, 1, 3, 4]",complete,
cc1,continuous,500,50,1.0,21,3283397225,k_high,k,20,0.95,2.0,3.0,1.0,0.8,0.888888888888889,1.0,4.0,1.0,0.8,0.888888888888889,1.0,4.0,1.0,0.8,0.888888888888889,1.0,4.0,1.0,0.8,0.888888888888889,1.0,4.0,1.0,0.6,0.7499999999999999,1.0,3.0,1.0,0.8,0.888888888888889,1.0,4.0,"[0, 1, 2, 3, 4]","[0, 1, 3, 4]","[0, 1, 3, 4]","[0, 1, 3, 4]","[0, 1, 3, 4]","[0, 1, 3]","[0, 1, 3, 4]",complete,
cc1,continuous,500,50,1.0,22,3554471733,reference,reference,20,0.95,2.0,2.0,0.7142857142857143,1.0,0.8333333333333333,0.0,7.0,1.0,0.6,0.7499999999999999,1.0,3.0,0.8333333333333334,1.0,0.9090909090909091,0.0,6.0,1.0,0.8,0.888888888888889,1.0,4.0,1.0,0.6,0.7499999999999999,1.0,3.0,1.0,0.8,0.888888888888889,1.0,4.0,"[0, 1, 2, 3, 4]","[0, 1, 2, 3, 4, 20, 48]","[0, 1, 3]","[0, 1, 2, 3, 4, 20]","[0, 1, 3, 4]","[0, 1, 3]","[0, 1, 3, 4]",complete,
cc1,continuous,500,50,1.0,22,3554471733,m_low,m,10,0.95,2.0,2.0,0.7142857142857143,1.0,0.8333333333333333,0.0,7.0,1.0,0.8,0.888888888888889,1.0,4.0,0.8,0.8,0.8000000000000002,1.0,5.0,1.0,1.0,1.0,0.0,5.0,1.0,0.4,0.5714285714285715,1.0,2.0,1.0,1.0,1.0,0.0,5.0,"[0, 1, 2, 3, 4]","[0, 1, 2, 3, 4, 20, 32]","[0, 2, 3, 4]","[0, 2, 3, 4, 20]","[0, 1, 2, 3, 4]","[0, 3]","[0, 1, 2, 3, 4]",complete,
cc1,continuous,500,50,1.0,22,3554471733,m_high,m,50,0.95,2.0,2.0,0.8333333333333334,1.0,0.9090909090909091,0.0,6.0,1.0,1.0,1.0,0.0,5.0,1.0,1.0,1.0,0.0,5.0,1.0,1.0,1.0,0.0,5.0,1.0,0.6,0.7499999999999999,1.0,3.0,1.0,1.0,1.0,0.0,5.0,"[0, 1, 2, 3, 4]","[0, 1, 2, 3, 4, 13]","[0, 1, 2, 3, 4]","[0, 1, 2, 3, 4]","[0, 1, 2, 3, 4]","[0, 1, 3]","[0, 1, 2, 3, 4]",complete,
cc1,continuous,500,50,1.0,22,3554471733,beta_low,beta,20,0.95,1.0,2.0,1.0,1.0,1.0,0.0,5.0,1.0,1.0,1.0,0.0,5.0,1.0,1.0,1.0,0.0,5.0,1.0,1.0,1.0,0.0,5.0,1.0,0.6,0.7499999999999999,1.0,3.0,1.0,0.8,0.888888888888889,1.0,4.0,"[0, 1, 2, 3, 4]","[0, 1, 2, 3, 4]","[0, 1, 2, 3, 4]","[0, 1, 2, 3, 4]","[0, 1, 2, 3, 4]","[0, 1, 3]","[0, 1, 3, 4]",complete,
cc1,continuous,500,50,1.0,22,3554471733,beta_high,beta,20,0.95,3.0,2.0,1.0,1.0,1.0,0.0,5.0,1.0,0.6,0.7499999999999999,1.0,3.0,1.0,1.0,1.0,0.0,5.0,1.0,1.0,1.0,0.0,5.0,1.0,0.6,0.7499999999999999,1.0,3.0,1.0,0.8,0.888888888888889,1.0,4.0,"[0, 1, 2, 3, 4]","[0, 1, 2, 3, 4]","[0, 1, 3]","[0, 1, 2, 3, 4]","[0, 1, 2, 3, 4]","[0, 1, 3]","[0, 1, 3, 4]",complete,
cc1,continuous,500,50,1.0,22,3554471733,k_low,k,20,0.95,2.0,1.0,0.625,1.0,0.7692307692307693,0.0,8.0,1.0,0.6,0.7499999999999999,1.0,3.0,1.0,1.0,1.0,0.0,5.0,1.0,1.0,1.0,0.0,5.0,1.0,0.6,0.7499999999999999,1.0,3.0,1.0,0.8,0.888888888888889,1.0,4.0,"[0, 1, 2, 3, 4]","[0, 1, 2, 3, 4, 18, 20, 48]","[0, 1, 3]","[0, 1, 2, 3, 4]","[0, 1, 2, 3, 4]","[0, 1, 3]","[0, 1, 3, 4]",complete,
cc1,continuous,500,50,1.0,22,3554471733,k_high,k,20,0.95,2.0,3.0,0.8333333333333334,1.0,0.9090909090909091,0.0,6.0,1.0,0.8,0.888888888888889,1.0,4.0,1.0,1.0,1.0,0.0,5.0,1.0,1.0,1.0,0.0,5.0,1.0,0.6,0.7499999999999999,1.0,3.0,1.0,1.0,1.0,0.0,5.0,"[0, 1, 2, 3, 4]","[0, 1, 2, 3, 4, 20]","[0, 1, 3, 4]","[0, 1, 2, 3, 4]","[0, 1, 2, 3, 4]","[0, 1, 3]","[0, 1, 2, 3, 4]",complete,
cc1,continuous,500,50,1.0,23,2743835739,reference,reference,20,0.95,2.0,2.0,0.8333333333333334,1.0,0.9090909090909091,0.0,6.0,1.0,1.0,1.0,0.0,5.0,1.0,0.8,0.888888888888889,1.0,4.0,1.0,0.8,0.888888888888889,1.0,4.0,1.0,0.6,0.7499999999999999,1.0,3.0,1.0,0.8,0.888888888888889,1.0,4.0,"[0, 1, 2, 3, 4]","[0, 1, 2, 3, 4, 35]","[0, 1, 2, 3, 4]","[0, 1, 3, 4]","[0, 1, 3, 4]","[0, 1, 3]","[0, 1, 3, 4]",complete,
cc1,continuous,500,50,1.0,23,2743835739,m_low,m,10,0.95,2.0,2.0,0.5,0.8,0.6153846153846154,1.0,8.0,0.75,0.6,0.6666666666666665,1.0,4.0,0.75,0.6,0.6666666666666665,1.0,4.0,1.0,1.0,1.0,0.0,5.0,1.0,0.4,0.5714285714285715,1.0,2.0,1.0,0.8,0.888888888888889,1.0,4.0,"[0, 1, 2, 3, 4]","[0, 1, 2, 3, 13, 22, 34, 43]","[0, 1, 3, 13]","[0, 1, 3, 13]","[0, 1, 2, 3, 4]","[0, 3]","[0, 1, 3, 4]",complete,
cc1,continuous,500,50,1.0,23,2743835739,m_high,m,50,0.95,2.0,2.0,1.0,1.0,1.0,0.0,5.0,1.0,1.0,1.0,0.0,5.0,1.0,1.0,1.0,0.0,5.0,1.0,1.0,1.0,0.0,5.0,1.0,0.8,0.888888888888889,1.0,4.0,1.0,1.0,1.0,0.0,5.0,"[0, 1, 2, 3, 4]","[0, 1, 2, 3, 4]","[0, 1, 2, 3, 4]","[0, 1, 2, 3, 4]","[0, 1, 2, 3, 4]","[0, 1, 3, 4]","[0, 1, 2, 3, 4]",complete,
cc1,continuous,500,50,1.0,23,2743835739,beta_low,beta,20,0.95,1.0,2.0,0.7142857142857143,1.0,0.8333333333333333,0.0,7.0,1.0,1.0,1.0,0.0,5.0,1.0,1.0,1.0,0.0,5.0,1.0,1.0,1.0,0.0,5.0,1.0,0.6,0.7499999999999999,1.0,3.0,1.0,0.8,0.888888888888889,1.0,4.0,"[0, 1, 2, 3, 4]","[0, 1, 2, 3, 4, 6, 38]","[0, 1, 2, 3, 4]","[0, 1, 2, 3, 4]","[0, 1, 2, 3, 4]","[0, 1, 3]","[0, 1, 3, 4]",complete,
cc1,continuous,500,50,1.0,23,2743835739,beta_high,beta,20,0.95,3.0,2.0,0.8333333333333334,1.0,0.9090909090909091,0.0,6.0,1.0,0.8,0.888888888888889,1.0,4.0,1.0,0.8,0.888888888888889,1.0,4.0,1.0,0.8,0.888888888888889,1.0,4.0,1.0,0.6,0.7499999999999999,1.0,3.0,1.0,0.8,0.888888888888889,1.0,4.0,"[0, 1, 2, 3, 4]","[0, 1, 2, 3, 4, 35]","[0, 1, 3, 4]","[0, 1, 3, 4]","[0, 1, 3, 4]","[0, 1, 3]","[0, 1, 3, 4]",complete,
cc1,continuous,500,50,1.0,23,2743835739,k_low,k,20,0.95,2.0,1.0,0.5,0.8,0.6153846153846154,1.0,8.0,1.0,0.6,0.7499999999999999,1.0,3.0,1.0,0.8,0.888888888888889,1.0,4.0,1.0,0.8,0.888888888888889,1.0,4.0,1.0,0.6,0.7499999999999999,1.0,3.0,1.0,0.8,0.888888888888889,1.0,4.0,"[0, 1, 2, 3, 4]","[0, 1, 3, 4, 13, 22, 29, 35]","[1, 3, 4]","[0, 1, 3, 4]","[0, 1, 3, 4]","[0, 1, 3]","[0, 1, 3, 4]",complete,
cc1,continuous,500,50,1.0,23,2743835739,k_high,k,20,0.95,2.0,3.0,0.8333333333333334,1.0,0.9090909090909091,0.0,6.0,1.0,0.8,0.888888888888889,1.0,4.0,1.0,1.0,1.0,0.0,5.0,1.0,0.8,0.888888888888889,1.0,4.0,1.0,0.6,0.7499999999999999,1.0,3.0,1.0,0.8,0.888888888888889,1.0,4.0,"[0, 1, 2, 3, 4]","[0, 1, 2, 3, 4, 13]","[0, 1, 3, 4]","[0, 1, 2, 3, 4]","[0, 1, 3, 4]","[0, 1, 3]","[0, 1, 3, 4]",complete,
cc1,continuous,500,50,1.0,24,2834737526,reference,reference,20,0.95,2.0,2.0,1.0,1.0,1.0,0.0,5.0,1.0,1.0,1.0,0.0,5.0,1.0,1.0,1.0,0.0,5.0,1.0,0.8,0.888888888888889,1.0,4.0,1.0,0.6,0.7499999999999999,1.0,3.0,1.0,0.8,0.888888888888889,1.0,4.0,"[0, 1, 2, 3, 4]","[0, 1, 2, 3, 4]","[0, 1, 2, 3, 4]","[0, 1, 2, 3, 4]","[0, 1, 3, 4]","[0, 1, 3]","[0, 1, 3, 4]",complete,
cc1,continuous,500,50,1.0,24,2834737526,m_low,m,10,0.95,2.0,2.0,0.8333333333333334,1.0,0.9090909090909091,0.0,6.0,1.0,0.4,0.5714285714285715,1.0,2.0,1.0,0.8,0.888888888888889,1.0,4.0,1.0,0.8,0.888888888888889,1.0,4.0,1.0,0.4,0.5714285714285715,1.0,2.0,1.0,0.8,0.888888888888889,1.0,4.0,"[0, 1, 2, 3, 4]","[0, 1, 2, 3, 4, 10]","[0, 3]","[0, 1, 3, 4]","[0, 1, 3, 4]","[0, 3]","[0, 1, 3, 4]",complete,
cc1,continuous,500,50,1.0,24,2834737526,m_high,m,50,0.95,2.0,2.0,0.8333333333333334,1.0,0.9090909090909091,0.0,6.0,1.0,1.0,1.0,0.0,5.0,0.8333333333333334,1.0,0.9090909090909091,0.0,6.0,1.0,1.0,1.0,0.0,5.0,1.0,0.6,0.7499999999999999,1.0,3.0,1.0,1.0,1.0,0.0,5.0,"[0, 1, 2, 3, 4]","[0, 1, 2, 3, 4, 35]","[0, 1, 2, 3, 4]","[0, 1, 2, 3, 4, 35]","[0, 1, 2, 3, 4]","[0, 1, 3]","[0, 1, 2, 3, 4]",complete,
cc1,continuous,500,50,1.0,24,2834737526,beta_low,beta,20,0.95,1.0,2.0,0.625,1.0,0.7692307692307693,0.0,8.0,1.0,1.0,1.0,0.0,5.0,1.0,1.0,1.0,0.0,5.0,1.0,1.0,1.0,0.0,5.0,1.0,0.6,0.7499999999999999,1.0,3.0,1.0,0.8,0.888888888888889,1.0,4.0,"[0, 1, 2, 3, 4]","[0, 1, 2, 3, 4, 41, 43, 49]","[0, 1, 2, 3, 4]","[0, 1, 2, 3, 4]","[0, 1, 2, 3, 4]","[0, 1, 3]","[0, 1, 3, 4]",complete,
cc1,continuous,500,50,1.0,24,2834737526,beta_high,beta,20,0.95,3.0,2.0,1.0,1.0,1.0,0.0,5.0,1.0,0.4,0.5714285714285715,1.0,2.0,1.0,0.6,0.7499999999999999,1.0,3.0,1.0,0.8,0.888888888888889,1.0,4.0,1.0,0.6,0.7499999999999999,1.0,3.0,1.0,0.8,0.888888888888889,1.0,4.0,"[0, 1, 2, 3, 4]","[0, 1, 2, 3, 4]","[2, 3]","[1, 3, 4]","[0, 1, 3, 4]","[0, 1, 3]","[0, 1, 3, 4]",complete,
cc1,continuous,500,50,1.0,24,2834737526,k_low,k,20,0.95,2.0,1.0,1.0,1.0,1.0,0.0,5.0,1.0,0.6,0.7499999999999999,1.0,3.0,1.0,0.8,0.888888888888889,1.0,4.0,1.0,0.8,0.888888888888889,1.0,4.0,1.0,0.6,0.7499999999999999,1.0,3.0,1.0,0.8,0.888888888888889,1.0,4.0,"[0, 1, 2, 3, 4]","[0, 1, 2, 3, 4]","[0, 1, 3]","[0, 1, 3, 4]","[0, 1, 3, 4]","[0, 1, 3]","[0, 1, 3, 4]",complete,
cc1,continuous,500,50,1.0,24,2834737526,k_high,k,20,0.95,2.0,3.0,0.8333333333333334,1.0,0.9090909090909091,0.0,6.0,1.0,0.6,0.7499999999999999,1.0,3.0,1.0,0.6,0.7499999999999999,1.0,3.0,1.0,0.8,0.888888888888889,1.0,4.0,1.0,0.6,0.7499999999999999,1.0,3.0,1.0,0.8,0.888888888888889,1.0,4.0,"[0, 1, 2, 3, 4]","[0, 1, 2, 3, 4, 29]","[0, 1, 3]","[1, 3, 4]","[0, 1, 3, 4]","[0, 1, 3]","[0, 1, 3, 4]",complete,
cc1,continuous,500,50,1.0,25,962141945,reference,reference,20,0.95,2.0,2.0,1.0,1.0,1.0,0.0,5.0,1.0,0.8,0.888888888888889,1.0,4.0,1.0,0.8,0.888888888888889,1.0,4.0,1.0,0.8,0.888888888888889,1.0,4.0,1.0,0.6,0.7499999999999999,1.0,3.0,1.0,0.8,0.888888888888889,1.0,4.0,"[0, 1, 2, 3, 4]","[0, 1, 2, 3, 4]","[0, 1, 3, 4]","[0, 1, 3, 4]","[0, 1, 3, 4]","[0, 1, 3]","[0, 1, 3, 4]",complete,
cc1,continuous,500,50,1.0,25,962141945,m_low,m,10,0.95,2.0,2.0,0.5555555555555556,1.0,0.7142857142857143,0.0,9.0,1.0,0.2,0.33333333333333337,1.0,1.0,0.8,0.8,0.8000000000000002,1.0,5.0,1.0,0.8,0.888888888888889,1.0,4.0,1.0,0.4,0.5714285714285715,1.0,2.0,1.0,0.8,0.888888888888889,1.0,4.0,"[0, 1, 2, 3, 4]","[0, 1, 2, 3, 4, 7, 13, 20, 33]",[3],"[0, 1, 3, 4, 13]","[0, 1, 3, 4]","[0, 3]","[0, 1, 3, 4]",complete,
cc1,continuous,500,50,1.0,25,962141945,m_high,m,50,0.95,2.0,2.0,0.8333333333333334,1.0,0.9090909090909091,0.0,6.0,1.0,1.0,1.0,0.0,5.0,1.0,1.0,1.0,0.0,5.0,1.0,1.0,1.0,0.0,5.0,1.0,0.6,0.7499999999999999,1.0,3.0,1.0,1.0,1.0,0.0,5.0,"[0, 1, 2, 3, 4]","[0, 1, 2, 3, 4, 43]","[0, 1, 2, 3, 4]","[0, 1, 2, 3, 4]","[0, 1, 2, 3, 4]","[0, 1, 3]","[0, 1, 2, 3, 4]",complete,
cc1,continuous,500,50,1.0,25,962141945,beta_low,beta,20,0.95,1.0,2.0,0.625,1.0,0.7692307692307693,0.0,8.0,1.0,1.0,1.0,0.0,5.0,1.0,1.0,1.0,0.0,5.0,1.0,1.0,1.0,0.0,5.0,1.0,0.6,0.7499999999999999,1.0,3.0,1.0,0.8,0.888888888888889,1.0,4.0,"[0, 1, 2, 3, 4]","[0, 1, 2, 3, 4, 9, 20, 43]","[0, 1, 2, 3, 4]","[0, 1, 2, 3, 4]","[0, 1, 2, 3, 4]","[0, 1, 3]","[0, 1, 3, 4]",complete,
cc1,continuous,500,50,1.0,25,962141945,beta_high,beta,20,0.95,3.0,2.0,0.625,1.0,0.7692307692307693,0.0,8.0,1.0,0.8,0.888888888888889,1.0,4.0,0.8333333333333334,1.0,0.9090909090909091,0.0,6.0,1.0,0.8,0.888888888888889,1.0,4.0,1.0,0.6,0.7499999999999999,1.0,3.0,1.0,0.8,0.888888888888889,1.0,4.0,"[0, 1, 2, 3, 4]","[0, 1, 2, 3, 4, 13, 22, 31]","[0, 1, 3, 4]","[0, 1, 2, 3, 4, 13]","[0, 1, 3, 4]","[0, 1, 3]","[0, 1, 3, 4]",complete,
cc1,continuous,500,50,1.0,25,962141945,k_low,k,20,0.95,2.0,1.0,0.8333333333333334,1.0,0.9090909090909091,0.0,6.0,1.0,0.6,0.7499999999999999,1.0,3.0,1.0,1.0,1.0,0.0,5.0,1.0,0.8,0.888888888888889,1.0,4.0,1.0,0.6,0.7499999999999999,1.0,3.0,1.0,0.6,0.7499999999999999,1.0,3.0,"[0, 1, 2, 3, 4]","[0, 1, 2, 3, 4, 17]","[0, 1, 3]","[0, 1, 2, 3, 4]","[0, 1, 3, 4]","[0, 1, 3]","[0, 1, 3]",complete,
cc1,continuous,500,50,1.0,25,962141945,k_high,k,20,0.95,2.0,3.0,0.7142857142857143,1.0,0.8333333333333333,0.0,7.0,1.0,0.4,0.5714285714285715,1.0,2.0,1.0,0.8,0.888888888888889,1.0,4.0,1.0,0.8,0.888888888888889,1.0,4.0,1.0,0.6,0.7499999999999999,1.0,3.0,1.0,0.8,0.888888888888889,1.0,4.0,"[0, 1, 2, 3, 4]","[0, 1, 2, 3, 4, 17, 48]","[0, 1]","[0, 1, 3, 4]","[0, 1, 3, 4]","[0, 1, 3]","[0, 1, 3, 4]",complete,
cc1,continuous,500,50,1.0,26,2795909366,reference,reference,20,0.95,2.0,2.0,0.8333333333333334,1.0,0.9090909090909091,0.0,6.0,1.0,0.8,0.888888888888889,1.0,4.0,0.8,0.8,0.8000000000000002,1.0,5.0,1.0,0.8,0.888888888888889,1.0,4.0,1.0,0.4,0.5714285714285715,1.0,2.0,1.0,0.8,0.888888888888889,1.0,4.0,"[0, 1, 2, 3, 4]","[0, 1, 2, 3, 4, 47]","[0, 1, 3, 4]","[0, 1, 3, 4, 47]","[0, 1, 3, 4]","[0, 3]","[0, 1, 3, 4]",complete,
cc1,continuous,500,50,1.0,26,2795909366,m_low,m,10,0.95,2.0,2.0,0.7142857142857143,1.0,0.8333333333333333,0.0,7.0,0.0,0.0,0.0,1.0,0.0,1.0,0.6,0.7499999999999999,1.0,3.0,1.0,0.8,0.888888888888889,1.0,4.0,1.0,0.2,0.33333333333333337,1.0,1.0,1.0,0.8,0.888888888888889,1.0,4.0,"[0, 1, 2, 3, 4]","[0, 1, 2, 3, 4, 41, 47]",[],"[1, 3, 4]","[0, 1, 3, 4]",[3],"[0, 1, 3, 4]",complete,
cc1,continuous,500,50,1.0,26,2795909366,m_high,m,50,0.95,2.0,2.0,1.0,1.0,1.0,0.0,5.0,1.0,1.0,1.0,0.0,5.0,1.0,1.0,1.0,0.0,5.0,1.0,0.8,0.888888888888889,1.0,4.0,1.0,0.6,0.7499999999999999,1.0,3.0,1.0,0.8,0.888888888888889,1.0,4.0,"[0, 1, 2, 3, 4]","[0, 1, 2, 3, 4]","[0, 1, 2, 3, 4]","[0, 1, 2, 3, 4]","[0, 1, 3, 4]","[0, 1, 3]","[0, 1, 3, 4]",complete,
cc1,continuous,500,50,1.0,26,2795909366,beta_low,beta,20,0.95,1.0,2.0,0.7142857142857143,1.0,0.8333333333333333,0.0,7.0,1.0,0.8,0.888888888888889,1.0,4.0,1.0,1.0,1.0,0.0,5.0,1.0,0.8,0.888888888888889,1.0,4.0,1.0,0.6,0.7499999999999999,1.0,3.0,1.0,0.8,0.888888888888889,1.0,4.0,"[0, 1, 2, 3, 4]","[0, 1, 2, 3, 4, 15, 35]","[0, 1, 3, 4]","[0, 1, 2, 3, 4]","[0, 1, 3, 4]","[0, 1, 3]","[0, 1, 3, 4]",complete,
cc1,continuous,500,50,1.0,26,2795909366,beta_high,beta,20,0.95,3.0,2.0,0.7142857142857143,1.0,0.8333333333333333,0.0,7.0,1.0,0.8,0.888888888888889,1.0,4.0,0.8333333333333334,1.0,0.9090909090909091,0.0,6.0,1.0,0.8,0.888888888888889,1.0,4.0,1.0,0.4,0.5714285714285715,1.0,2.0,1.0,0.8,0.888888888888889,1.0,4.0,"[0, 1, 2, 3, 4]","[0, 1, 2, 3, 4, 8, 47]","[1, 2, 3, 4]","[0, 1, 2, 3, 4, 47]","[0, 1, 3, 4]","[1, 3]","[0, 1, 3, 4]",complete,
cc1,continuous,500,50,1.0,26,2795909366,k_low,k,20,0.95,2.0,1.0,0.8333333333333334,1.0,0.9090909090909091,0.0,6.0,1.0,0.8,0.888888888888889,1.0,4.0,1.0,0.8,0.888888888888889,1.0,4.0,1.0,0.8,0.888888888888889,1.0,4.0,1.0,0.4,0.5714285714285715,1.0,2.0,1.0,0.8,0.888888888888889,1.0,4.0,"[0, 1, 2, 3, 4]","[0, 1, 2, 3, 4, 35]","[0, 1, 3, 4]","[0, 1, 3, 4]","[0, 1, 3, 4]","[1, 3]","[0, 1, 3, 4]",complete,
cc1,continuous,500,50,1.0,26,2795909366,k_high,k,20,0.95,2.0,3.0,0.7142857142857143,1.0,0.8333333333333333,0.0,7.0,1.0,0.8,0.888888888888889,1.0,4.0,0.8,0.8,0.8000000000000002,1.0,5.0,1.0,0.8,0.888888888888889,1.0,4.0,1.0,0.6,0.7499999999999999,1.0,3.0,1.0,0.8,0.888888888888889,1.0,4.0,"[0, 1, 2, 3, 4]","[0, 1, 2, 3, 4, 14, 39]","[0, 1, 3, 4]","[0, 1, 3, 4, 14]","[0, 1, 3, 4]","[0, 1, 3]","[0, 1, 3, 4]",complete,
cc1,continuous,500,50,1.0,27,1668125283,reference,reference,20,0.95,2.0,2.0,0.7142857142857143,1.0,0.8333333333333333,0.0,7.0,1.0,0.6,0.7499999999999999,1.0,3.0,1.0,1.0,1.0,0.0,5.0,1.0,1.0,1.0,0.0,5.0,1.0,0.8,0.888888888888889,1.0,4.0,1.0,0.8,0.888888888888889,1.0,4.0,"[0, 1, 2, 3, 4]","[0, 1, 2, 3, 4, 5, 39]","[0, 3, 4]","[0, 1, 2, 3, 4]","[0, 1, 2, 3, 4]","[0, 1, 3, 4]","[0, 1, 3, 4]",complete,
cc1,continuous,500,50,1.0,27,1668125283,m_low,m,10,0.95,2.0,2.0,0.7142857142857143,1.0,0.8333333333333333,0.0,7.0,1.0,0.8,0.888888888888889,1.0,4.0,0.8333333333333334,1.0,0.9090909090909091,0.0,6.0,1.0,1.0,1.0,0.0,5.0,1.0,0.8,0.888888888888889,1.0,4.0,1.0,1.0,1.0,0.0,5.0,"[0, 1, 2, 3, 4]","[0, 1, 2, 3, 4, 16, 40]","[0, 1, 3, 4]","[0, 1, 2, 3, 4, 16]","[0, 1, 2, 3, 4]","[0, 1, 3, 4]","[0, 1, 2, 3, 4]",complete,
cc1,continuous,500,50,1.0,27,1668125283,m_high,m,50,0.95,2.0,2.0,1.0,1.0,1.0,0.0,5.0,1.0,1.0,1.0,0.0,5.0,1.0,1.0,1.0,0.0,5.0,1.0,1.0,1.0,0.0,5.0,1.0,1.0,1.0,0.0,5.0,1.0,1.0,1.0,0.0,5.0,"[0, 1, 2, 3, 4]","[0, 1, 2, 3, 4]","[0, 1, 2, 3, 4]","[0, 1, 2, 3, 4]","[0, 1, 2, 3, 4]","[0, 1, 2, 3, 4]","[0, 1, 2, 3, 4]",complete,
cc1,continuous,500,50,1.0,27,1668125283,beta_low,beta,20,0.95,1.0,2.0,1.0,1.0,1.0,0.0,5.0,1.0,0.8,0.888888888888889,1.0,4.0,1.0,0.8,0.888888888888889,1.0,4.0,1.0,0.8,0.888888888888889,1.0,4.0,1.0,0.6,0.7499999999999999,1.0,3.0,1.0,0.8,0.888888888888889,1.0,4.0,"[0, 1, 2, 3, 4]","[0, 1, 2, 3, 4]","[0, 1, 2, 3]","[0, 1, 2, 3]","[0, 1, 3, 4]","[0, 1, 3]","[0, 1, 3, 4]",complete,
cc1,continuous,500,50,1.0,27,1668125283,beta_high,beta,20,0.95,3.0,2.0,1.0,1.0,1.0,0.0,5.0,1.0,0.8,0.888888888888889,1.0,4.0,1.0,0.8,0.888888888888889,1.0,4.0,1.0,0.8,0.888888888888889,1.0,4.0,1.0,0.8,0.888888888888889,1.0,4.0,1.0,0.8,0.888888888888889,1.0,4.0,"[0, 1, 2, 3, 4]","[0, 1, 2, 3, 4]","[0, 1, 3, 4]","[0, 1, 3, 4]","[0, 1, 3, 4]","[0, 1, 3, 4]","[0, 1, 3, 4]",complete,
cc1,continuous,500,50,1.0,27,1668125283,k_low,k,20,0.95,2.0,1.0,0.5555555555555556,1.0,0.7142857142857143,0.0,9.0,1.0,1.0,1.0,0.0,5.0,1.0,1.0,1.0,0.0,5.0,1.0,0.8,0.888888888888889,1.0,4.0,1.0,0.8,0.888888888888889,1.0,4.0,1.0,0.8,0.888888888888889,1.0,4.0,"[0, 1, 2, 3, 4]","[0, 1, 2, 3, 4, 5, 18, 26, 39]","[0, 1, 2, 3, 4]","[0, 1, 2, 3, 4]","[0, 1, 3, 4]","[0, 1, 3, 4]","[0, 1, 3, 4]",complete,
cc1,continuous,500,50,1.0,27,1668125283,k_high,k,20,0.95,2.0,3.0,0.5,1.0,0.6666666666666666,0.0,10.0,1.0,1.0,1.0,0.0,5.0,0.8333333333333334,1.0,0.9090909090909091,0.0,6.0,1.0,1.0,1.0,0.0,5.0,1.0,0.8,0.888888888888889,1.0,4.0,1.0,0.8,0.888888888888889,1.0,4.0,"[0, 1, 2, 3, 4]","[0, 1, 2, 3, 4, 5, 6, 8, 31, 39]","[0, 1, 2, 3, 4]","[0, 1, 2, 3, 4, 39]","[0, 1, 2, 3, 4]","[0, 1, 3, 4]","[0, 1, 3, 4]",complete,
cc1,continuous,500,50,1.0,28,2303602950,reference,reference,20,0.95,2.0,2.0,0.8333333333333334,1.0,0.9090909090909091,0.0,6.0,1.0,1.0,1.0,0.0,5.0,1.0,1.0,1.0,0.0,5.0,1.0,1.0,1.0,0.0,5.0,1.0,0.4,0.5714285714285715,1.0,2.0,1.0,1.0,1.0,0.0,5.0,"[0, 1, 2, 3, 4]","[0, 1, 2, 3, 4, 44]","[0, 1, 2, 3, 4]","[0, 1, 2, 3, 4]","[0, 1, 2, 3, 4]","[1, 3]","[0, 1, 2, 3, 4]",complete,
cc1,continuous,500,50,1.0,28,2303602950,m_low,m,10,0.95,2.0,2.0,0.7142857142857143,1.0,0.8333333333333333,0.0,7.0,1.0,0.4,0.5714285714285715,1.0,2.0,1.0,1.0,1.0,0.0,5.0,1.0,1.0,1.0,0.0,5.0,1.0,0.4,0.5714285714285715,1.0,2.0,1.0,1.0,1.0,0.0,5.0,"[0, 1, 2, 3, 4]","[0, 1, 2, 3, 4, 11, 37]","[1, 3]","[0, 1, 2, 3, 4]","[0, 1, 2, 3, 4]","[1, 3]","[0, 1, 2, 3, 4]",complete,
cc1,continuous,500,50,1.0,28,2303602950,m_high,m,50,0.95,2.0,2.0,0.8333333333333334,1.0,0.9090909090909091,0.0,6.0,1.0,1.0,1.0,0.0,5.0,1.0,1.0,1.0,0.0,5.0,1.0,1.0,1.0,0.0,5.0,1.0,0.6,0.7499999999999999,1.0,3.0,1.0,1.0,1.0,0.0,5.0,"[0, 1, 2, 3, 4]","[0, 1, 2, 3, 4, 37]","[0, 1, 2, 3, 4]","[0, 1, 2, 3, 4]","[0, 1, 2, 3, 4]","[0, 1, 3]","[0, 1, 2, 3, 4]",complete,
cc1,continuous,500,50,1.0,28,2303602950,beta_low,beta,20,0.95,1.0,2.0,0.5714285714285714,0.8,0.6666666666666666,1.0,7.0,1.0,0.8,0.888888888888889,1.0,4.0,0.6666666666666666,0.8,0.7272727272727272,1.0,6.0,1.0,0.8,0.888888888888889,1.0,4.0,1.0,0.6,0.7499999999999999,1.0,3.0,1.0,0.8,0.888888888888889,1.0,4.0,"[0, 1, 2, 3, 4]","[0, 1, 3, 4, 20, 24, 34]","[0, 1, 3, 4]","[0, 1, 3, 4, 20, 34]","[0, 1, 3, 4]","[0, 1, 3]","[0, 1, 3, 4]",complete,
cc1,continuous,500,50,1.0,28,2303602950,beta_high,beta,20,0.95,3.0,2.0,0.8,0.8,0.8000000000000002,1.0,5.0,1.0,0.8,0.888888888888889,1.0,4.0,1.0,0.8,0.888888888888889,1.0,4.0,1.0,0.8,0.888888888888889,1.0,4.0,1.0,0.6,0.7499999999999999,1.0,3.0,1.0,0.8,0.888888888888889,1.0,4.0,"[0, 1, 2, 3, 4]","[0, 1, 3, 4, 37]","[0, 1, 3, 4]","[0, 1, 3, 4]","[0, 1, 3, 4]","[0, 1, 3]","[0, 1, 3, 4]",complete,
cc1,continuous,500,50,1.0,28,2303602950,k_low,k,20,0.95,2.0,1.0,0.7142857142857143,1.0,0.8333333333333333,0.0,7.0,1.0,1.0,1.0,0.0,5.0,1.0,1.0,1.0,0.0,5.0,1.0,1.0,1.0,0.0,5.0,1.0,0.6,0.7499999999999999,1.0,3.0,1.0,0.8,0.888888888888889,1.0,4.0,"[0, 1, 2, 3, 4]","[0, 1, 2, 3, 4, 33, 38]","[0, 1, 2, 3, 4]","[0, 1, 2, 3, 4]","[0, 1, 2, 3, 4]","[0, 1, 3]","[0, 1, 3, 4]",complete,
cc1,continuous,500,50,1.0,28,2303602950,k_high,k,20,0.95,2.0,3.0,1.0,1.0,1.0,0.0,5.0,1.0,0.8,0.888888888888889,1.0,4.0,1.0,1.0,1.0,0.0,5.0,1.0,1.0,1.0,0.0,5.0,1.0,0.6,0.7499999999999999,1.0,3.0,1.0,0.8,0.888888888888889,1.0,4.0,"[0, 1, 2, 3, 4]","[0, 1, 2, 3, 4]","[0, 1, 3, 4]","[0, 1, 2, 3, 4]","[0, 1, 2, 3, 4]","[0, 1, 3]","[0, 1, 3, 4]",complete,
cc1,continuous,500,50,1.0,29,1972987355,reference,reference,20,0.95,2.0,2.0,0.8333333333333334,1.0,0.9090909090909091,0.0,6.0,1.0,0.6,0.7499999999999999,1.0,3.0,1.0,0.8,0.888888888888889,1.0,4.0,1.0,1.0,1.0,0.0,5.0,1.0,0.4,0.5714285714285715,1.0,2.0,1.0,0.8,0.888888888888889,1.0,4.0,"[0, 1, 2, 3, 4]","[0, 1, 2, 3, 4, 43]","[0, 3, 4]","[0, 1, 3, 4]","[0, 1, 2, 3, 4]","[0, 3]","[0, 1, 3, 4]",complete,
cc1,continuous,500,50,1.0,29,1972987355,m_low,m,10,0.95,2.0,2.0,1.0,1.0,1.0,0.0,5.0,1.0,0.2,0.33333333333333337,1.0,1.0,1.0,1.0,1.0,0.0,5.0,1.0,1.0,1.0,0.0,5.0,1.0,0.6,0.7499999999999999,1.0,3.0,1.0,1.0,1.0,0.0,5.0,"[0, 1, 2, 3, 4]","[0, 1, 2, 3, 4]",[3],"[0, 1, 2, 3, 4]","[0, 1, 2, 3, 4]","[0, 1, 3]","[0, 1, 2, 3, 4]",complete,
cc1,continuous,500,50,1.0,29,1972987355,m_high,m,50,0.95,2.0,2.0,1.0,1.0,1.0,0.0,5.0,1.0,1.0,1.0,0.0,5.0,1.0,1.0,1.0,0.0,5.0,1.0,1.0,1.0,0.0,5.0,1.0,0.6,0.7499999999999999,1.0,3.0,1.0,1.0,1.0,0.0,5.0,"[0, 1, 2, 3, 4]","[0, 1, 2, 3, 4]","[0, 1, 2, 3, 4]","[0, 1, 2, 3, 4]","[0, 1, 2, 3, 4]","[0, 1, 3]","[0, 1, 2, 3, 4]",complete,
cc1,continuous,500,50,1.0,29,1972987355,beta_low,beta,20,0.95,1.0,2.0,0.5555555555555556,1.0,0.7142857142857143,0.0,9.0,1.0,1.0,1.0,0.0,5.0,1.0,1.0,1.0,0.0,5.0,1.0,1.0,1.0,0.0,5.0,1.0,0.6,0.7499999999999999,1.0,3.0,1.0,1.0,1.0,0.0,5.0,"[0, 1, 2, 3, 4]","[0, 1, 2, 3, 4, 5, 12, 17, 45]","[0, 1, 2, 3, 4]","[0, 1, 2, 3, 4]","[0, 1, 2, 3, 4]","[0, 1, 3]","[0, 1, 2, 3, 4]",complete,
cc1,continuous,500,50,1.0,29,1972987355,beta_high,beta,20,0.95,3.0,2.0,1.0,1.0,1.0,0.0,5.0,1.0,0.4,0.5714285714285715,1.0,2.0,1.0,0.8,0.888888888888889,1.0,4.0,1.0,1.0,1.0,0.0,5.0,1.0,0.4,0.5714285714285715,1.0,2.0,1.0,0.8,0.888888888888889,1.0,4.0,"[0, 1, 2, 3, 4]","[0, 1, 2, 3, 4]","[0, 3]","[0, 1, 3, 4]","[0, 1, 2, 3, 4]","[0, 3]","[0, 1, 3, 4]",complete,
cc1,continuous,500,50,1.0,29,1972987355,k_low,k,20,0.95,2.0,1.0,1.0,1.0,1.0,0.0,5.0,1.0,0.6,0.7499999999999999,1.0,3.0,1.0,1.0,1.0,0.0,5.0,1.0,1.0,1.0,0.0,5.0,1.0,0.4,0.5714285714285715,1.0,2.0,1.0,1.0,1.0,0.0,5.0,"[0, 1, 2, 3, 4]","[0, 1, 2, 3, 4]","[2, 3, 4]","[0, 1, 2, 3, 4]","[0, 1, 2, 3, 4]","[0, 3]","[0, 1, 2, 3, 4]",complete,
cc1,continuous,500,50,1.0,29,1972987355,k_high,k,20,0.95,2.0,3.0,0.8333333333333334,1.0,0.9090909090909091,0.0,6.0,1.0,0.8,0.888888888888889,1.0,4.0,1.0,0.8,0.888888888888889,1.0,4.0,1.0,0.8,0.888888888888889,1.0,4.0,1.0,0.6,0.7499999999999999,1.0,3.0,1.0,0.8,0.888888888888889,1.0,4.0,"[0, 1, 2, 3, 4]","[0, 1, 2, 3, 4, 38]","[0, 1, 3, 4]","[0, 1, 3, 4]","[0, 1, 3, 4]","[0, 1, 3]","[0, 1, 3, 4]",complete,
cc1,continuous,500,50,1.0,30,2262226675,reference,reference,20,0.95,2.0,2.0,0.7142857142857143,1.0,0.8333333333333333,0.0,7.0,1.0,0.6,0.7499999999999999,1.0,3.0,1.0,0.6,0.7499999999999999,1.0,3.0,1.0,0.6,0.7499999999999999,1.0,3.0,1.0,0.6,0.7499999999999999,1.0,3.0,1.0,0.6,0.7499999999999999,1.0,3.0,"[0, 1, 2, 3, 4]","[0, 1, 2, 3, 4, 24, 43]","[0, 1, 3]","[0, 1, 3]","[0, 1, 3]","[0, 1, 3]","[0, 1, 3]",complete,
cc1,continuous,500,50,1.0,30,2262226675,m_low,m,10,0.95,2.0,2.0,0.5,0.8,0.6153846153846154,1.0,8.0,1.0,0.4,0.5714285714285715,1.0,2.0,1.0,0.6,0.7499999999999999,1.0,3.0,0.8,0.8,0.8000000000000002,1.0,5.0,1.0,0.8,0.888888888888889,1.0,4.0,1.0,0.6,0.7499999999999999,1.0,3.0,"[0, 1, 2, 3, 4]","[0, 1, 3, 4, 14, 19, 30, 33]","[0, 3]","[0, 1, 3]","[0, 1, 3, 4, 14]","[0, 1, 3, 4]","[0, 1, 3]",complete,
cc1,continuous,500,50,1.0,30,2262226675,m_high,m,50,0.95,2.0,2.0,1.0,1.0,1.0,0.0,5.0,1.0,1.0,1.0,0.0,5.0,1.0,1.0,1.0,0.0,5.0,1.0,1.0,1.0,0.0,5.0,1.0,0.6,0.7499999999999999,1.0,3.0,1.0,0.8,0.888888888888889,1.0,4.0,"[0, 1, 2, 3, 4]","[0, 1, 2, 3, 4]","[0, 1, 2, 3, 4]","[0, 1, 2, 3, 4]","[0, 1, 2, 3, 4]","[0, 1, 3]","[0, 1, 2, 3]",complete,
cc1,continuous,500,50,1.0,30,2262226675,beta_low,beta,20,0.95,1.0,2.0,0.8333333333333334,1.0,0.9090909090909091,0.0,6.0,1.0,0.6,0.7499999999999999,1.0,3.0,1.0,0.8,0.888888888888889,1.0,4.0,1.0,0.8,0.888888888888889,1.0,4.0,1.0,0.6,0.7499999999999999,1.0,3.0,1.0,0.6,0.7499999999999999,1.0,3.0,"[0, 1, 2, 3, 4]","[0, 1, 2, 3, 4, 33]","[0, 1, 3]","[0, 1, 2, 3]","[0, 1, 2, 3]","[0, 1, 3]","[0, 1, 3]",complete,
cc1,continuous,500,50,1.0,30,2262226675,beta_high,beta,20,0.95,3.0,2.0,0.8333333333333334,1.0,0.9090909090909091,0.0,6.0,1.0,0.4,0.5714285714285715,1.0,2.0,1.0,1.0,1.0,0.0,5.0,1.0,1.0,1.0,0.0,5.0,1.0,0.6,0.7499999999999999,1.0,3.0,1.0,0.6,0.7499999999999999,1.0,3.0,"[0, 1, 2, 3, 4]","[0, 1, 2, 3, 4, 9]","[0, 3]","[0, 1, 2, 3, 4]","[0, 1, 2, 3, 4]","[0, 1, 3]","[0, 1, 3]",complete,
cc1,continuous,500,50,1.0,30,2262226675,k_low,k,20,0.95,2.0,1.0,0.625,1.0,0.7692307692307693,0.0,8.0,1.0,0.8,0.888888888888889,1.0,4.0,0.8333333333333334,1.0,0.9090909090909091,0.0,6.0,1.0,1.0,1.0,0.0,5.0,1.0,0.6,0.7499999999999999,1.0,3.0,1.0,0.6,0.7499999999999999,1.0,3.0,"[0, 1, 2, 3, 4]","[0, 1, 2, 3, 4, 13, 23, 24]","[0, 1, 3, 4]","[0, 1, 2, 3, 4, 23]","[0, 1, 2, 3, 4]","[0, 1, 3]","[0, 1, 3]",complete,
cc1,continuous,500,50,1.0,30,2262226675,k_high,k,20,0.95,2.0,3.0,0.625,1.0,0.7692307692307693,0.0,8.0,1.0,0.8,0.888888888888889,1.0,4.0,1.0,0.8,0.888888888888889,1.0,4.0,1.0,0.8,0.888888888888889,1.0,4.0,1.0,0.8,0.888888888888889,1.0,4.0,1.0,0.8,0.888888888888889,1.0,4.0,"[0, 1, 2, 3, 4]","[0, 1, 2, 3, 4, 14, 19, 30]","[0, 1, 3, 4]","[0, 1, 3, 4]","[0, 1, 3, 4]","[0, 1, 3, 4]","[0, 1, 3, 4]",complete,
cc1,continuous,500,50,1.0,31,91195602,reference,reference,20,0.95,2.0,2.0,0.8333333333333334,1.0,0.9090909090909091,0.0,6.0,1.0,0.8,0.888888888888889,1.0,4.0,1.0,1.0,1.0,0.0,5.0,1.0,1.0,1.0,0.0,5.0,1.0,0.4,0.5714285714285715,1.0,2.0,1.0,0.8,0.888888888888889,1.0,4.0,"[0, 1, 2, 3, 4]","[0, 1, 2, 3, 4, 24]","[0, 1, 2, 3]","[0, 1, 2, 3, 4]","[0, 1, 2, 3, 4]","[1, 3]","[0, 1, 3, 4]",complete,
cc1,continuous,500,50,1.0,31,91195602,m_low,m,10,0.95,2.0,2.0,0.8333333333333334,1.0,0.9090909090909091,0.0,6.0,0.0,0.0,0.0,1.0,0.0,1.0,0.6,0.7499999999999999,1.0,3.0,1.0,1.0,1.0,0.0,5.0,1.0,0.4,0.5714285714285715,1.0,2.0,1.0,1.0,1.0,0.0,5.0,"[0, 1, 2, 3, 4]","[0, 1, 2, 3, 4, 48]",[],"[2, 3, 4]","[0, 1, 2, 3, 4]","[1, 3]","[0, 1, 2, 3, 4]",complete,
cc1,continuous,500,50,1.0,31,91195602,m_high,m,50,0.95,2.0,2.0,1.0,1.0,1.0,0.0,5.0,1.0,1.0,1.0,0.0,5.0,1.0,1.0,1.0,0.0,5.0,1.0,1.0,1.0,0.0,5.0,1.0,0.6,0.7499999999999999,1.0,3.0,1.0,1.0,1.0,0.0,5.0,"[0, 1, 2, 3, 4]","[0, 1, 2, 3, 4]","[0, 1, 2, 3, 4]","[0, 1, 2, 3, 4]","[0, 1, 2, 3, 4]","[0, 1, 3]","[0, 1, 2, 3, 4]",complete,
cc1,continuous,500,50,1.0,31,91195602,beta_low,beta,20,0.95,1.0,2.0,0.8333333333333334,1.0,0.9090909090909091,0.0,6.0,1.0,0.8,0.888888888888889,1.0,4.0,0.8333333333333334,1.0,0.9090909090909091,0.0,6.0,1.0,1.0,1.0,0.0,5.0,1.0,0.6,0.7499999999999999,1.0,3.0,1.0,0.8,0.888888888888889,1.0,4.0,"[0, 1, 2, 3, 4]","[0, 1, 2, 3, 4, 48]","[0, 1, 2, 3]","[0, 1, 2, 3, 4, 48]","[0, 1, 2, 3, 4]","[0, 1, 3]","[0, 1, 2, 3]",complete,
cc1,continuous,500,50,1.0,31,91195602,beta_high,beta,20,0.95,3.0,2.0,0.7142857142857143,1.0,0.8333333333333333,0.0,7.0,1.0,0.4,0.5714285714285715,1.0,2.0,1.0,0.6,0.7499999999999999,1.0,3.0,1.0,0.8,0.888888888888889,1.0,4.0,1.0,0.4,0.5714285714285715,1.0,2.0,1.0,0.8,0.888888888888889,1.0,4.0,"[0, 1, 2, 3, 4]","[0, 1, 2, 3, 4, 19, 43]","[1, 3]","[1, 3, 4]","[0, 1, 3, 4]","[1, 3]","[0, 1, 3, 4]",complete,
cc1,continuous,500,50,1.0,31,91195602,k_low,k,20,0.95,2.0,1.0,1.0,1.0,1.0,0.0,5.0,1.0,0.8,0.888888888888889,1.0,4.0,1.0,1.0,1.0,0.0,5.0,1.0,1.0,1.0,0.0,5.0,1.0,0.4,0.5714285714285715,1.0,2.0,1.0,0.8,0.888888888888889,1.0,4.0,"[0, 1, 2, 3, 4]","[0, 1, 2, 3, 4]","[0, 1, 3, 4]","[0, 1, 2, 3, 4]","[0, 1, 2, 3, 4]","[1, 3]","[0, 1, 3, 4]",complete,
cc1,continuous,500,50,1.0,31,91195602,k_high,k,20,0.95,2.0,3.0,0.8333333333333334,1.0,0.9090909090909091,0.0,6.0,1.0,0.8,0.888888888888889,1.0,4.0,1.0,0.8,0.888888888888889,1.0,4.0,1.0,0.8,0.888888888888889,1.0,4.0,1.0,0.4,0.5714285714285715,1.0,2.0,1.0,0.8,0.888888888888889,1.0,4.0,"[0, 1, 2, 3, 4]","[0, 1, 2, 3, 4, 5]","[0, 1, 3, 4]","[0, 1, 3, 4]","[0, 1, 3, 4]","[1, 3]","[0, 1, 3, 4]",complete,
cc1,continuous,500,50,1.0,32,926844039,reference,reference,20,0.95,2.0,2.0,0.8333333333333334,1.0,0.9090909090909091,0.0,6.0,1.0,0.8,0.888888888888889,1.0,4.0,1.0,1.0,1.0,0.0,5.0,1.0,1.0,1.0,0.0,5.0,1.0,0.6,0.7499999999999999,1.0,3.0,1.0,1.0,1.0,0.0,5.0,"[0, 1, 2, 3, 4]","[0, 1, 2, 3, 4, 27]","[0, 1, 3, 4]","[0, 1, 2, 3, 4]","[0, 1, 2, 3, 4]","[0, 1, 3]","[0, 1, 2, 3, 4]",complete,
cc1,continuous,500,50,1.0,32,926844039,m_low,m,10,0.95,2.0,2.0,0.4444444444444444,0.8,0.5714285714285714,1.0,9.0,1.0,0.4,0.5714285714285715,1.0,2.0,1.0,0.6,0.7499999999999999,1.0,3.0,1.0,1.0,1.0,0.0,5.0,1.0,0.6,0.7499999999999999,1.0,3.0,1.0,1.0,1.0,0.0,5.0,"[0, 1, 2, 3, 4]","[0, 1, 2, 4, 27, 29, 30, 33, 45]","[0, 1]","[0, 1, 2]","[0, 1, 2, 3, 4]","[0, 1, 3]","[0, 1, 2, 3, 4]",complete,
cc1,continuous,500,50,1.0,32,926844039,m_high,m,50,0.95,2.0,2.0,0.7142857142857143,1.0,0.8333333333333333,0.0,7.0,1.0,1.0,1.0,0.0,5.0,1.0,1.0,1.0,0.0,5.0,1.0,1.0,1.0,0.0,5.0,1.0,1.0,1.0,0.0,5.0,1.0,1.0,1.0,0.0,5.0,"[0, 1, 2, 3, 4]","[0, 1, 2, 3, 4, 5, 48]","[0, 1, 2, 3, 4]","[0, 1, 2, 3, 4]","[0, 1, 2, 3, 4]","[0, 1, 2, 3, 4]","[0, 1, 2, 3, 4]",complete,
cc1,continuous,500,50,1.0,32,926844039,beta_low,beta,20,0.95,1.0,2.0,0.8333333333333334,1.0,0.9090909090909091,0.0,6.0,1.0,0.6,0.7499999999999999,1.0,3.0,1.0,1.0,1.0,0.0,5.0,1.0,1.0,1.0,0.0,5.0,1.0,0.6,0.7499999999999999,1.0,3.0,1.0,1.0,1.0,0.0,5.0,"[0, 1, 2, 3, 4]","[0, 1, 2, 3, 4, 37]","[0, 3, 4]","[0, 1, 2, 3, 4]","[0, 1, 2, 3, 4]","[0, 1, 3]","[0, 1, 2, 3, 4]",complete,
cc1,continuous,500,50,1.0,32,926844039,beta_high,beta,20,0.95,3.0,2.0,0.625,1.0,0.7692307692307693,0.0,8.0,1.0,0.4,0.5714285714285715,1.0,2.0,1.0,0.8,0.888888888888889,1.0,4.0,1.0,1.0,1.0,0.0,5.0,1.0,0.6,0.7499999999999999,1.0,3.0,1.0,0.8,0.888888888888889,1.0,4.0,"[0, 1, 2, 3, 4]","[0, 1, 2, 3, 4, 5, 15, 37]","[0, 3]","[0, 1, 2, 3]","[0, 1, 2, 3, 4]","[0, 1, 3]","[0, 1, 2, 3]",complete,
cc1,continuous,500,50,1.0,32,926844039,k_low,k,20,0.95,2.0,1.0,0.625,1.0,0.7692307692307693,0.0,8.0,1.0,0.8,0.888888888888889,1.0,4.0,0.7142857142857143,1.0,0.8333333333333333,0.0,7.0,1.0,1.0,1.0,0.0,5.0,1.0,0.8,0.888888888888889,1.0,4.0,1.0,1.0,1.0,0.0,5.0,"[0, 1, 2, 3, 4]","[0, 1, 2, 3, 4, 5, 37, 42]","[0, 1, 3, 4]","[0, 1, 2, 3, 4, 5, 37]","[0, 1, 2, 3, 4]","[0, 1, 3, 4]","[0, 1, 2, 3, 4]",complete,
cc1,continuous,500,50,1.0,32,926844039,k_high,k,20,0.95,2.0,3.0,0.625,1.0,0.7692307692307693,0.0,8.0,1.0,0.8,0.888888888888889,1.0,4.0,1.0,1.0,1.0,0.0,5.0,1.0,1.0,1.0,0.0,5.0,1.0,0.8,0.888888888888889,1.0,4.0,1.0,1.0,1.0,0.0,5.0,"[0, 1, 2, 3, 4]","[0, 1, 2, 3, 4, 27, 30, 42]","[0, 1, 3, 4]","[0, 1, 2, 3, 4]","[0, 1, 2, 3, 4]","[0, 1, 3, 4]","[0, 1, 2, 3, 4]",complete,
cc1,continuous,500,50,1.0,33,1286734393,reference,reference,20,0.95,2.0,2.0,1.0,1.0,1.0,0.0,5.0,1.0,0.4,0.5714285714285715,1.0,2.0,1.0,1.0,1.0,0.0,5.0,1.0,1.0,1.0,0.0,5.0,1.0,0.8,0.888888888888889,1.0,4.0,1.0,1.0,1.0,0.0,5.0,"[0, 1, 2, 3, 4]","[0, 1, 2, 3, 4]","[0, 1]","[0, 1, 2, 3, 4]","[0, 1, 2, 3, 4]","[0, 1, 3, 4]","[0, 1, 2, 3, 4]",complete,
cc1,continuous,500,50,1.0,33,1286734393,m_low,m,10,0.95,2.0,2.0,0.7142857142857143,1.0,0.8333333333333333,0.0,7.0,1.0,0.8,0.888888888888889,1.0,4.0,0.8,0.8,0.8000000000000002,1.0,5.0,1.0,1.0,1.0,0.0,5.0,1.0,0.6,0.7499999999999999,1.0,3.0,1.0,1.0,1.0,0.0,5.0,"[0, 1, 2, 3, 4]","[0, 1, 2, 3, 4, 5, 25]","[0, 1, 2, 3]","[0, 1, 3, 4, 5]","[0, 1, 2, 3, 4]","[0, 1, 3]","[0, 1, 2, 3, 4]",complete,
cc1,continuous,500,50,1.0,33,1286734393,m_high,m,50,0.95,2.0,2.0,0.8333333333333334,1.0,0.9090909090909091,0.0,6.0,1.0,1.0,1.0,0.0,5.0,1.0,1.0,1.0,0.0,5.0,1.0,1.0,1.0,0.0,5.0,1.0,0.6,0.7499999999999999,1.0,3.0,1.0,1.0,1.0,0.0,5.0,"[0, 1, 2, 3, 4]","[0, 1, 2, 3, 4, 39]","[0, 1, 2, 3, 4]","[0, 1, 2, 3, 4]","[0, 1, 2, 3, 4]","[0, 1, 3]","[0, 1, 2, 3, 4]",complete,
cc1,continuous,500,50,1.0,33,1286734393,beta_low,beta,20,0.95,1.0,2.0,0.8333333333333334,1.0,0.9090909090909091,0.0,6.0,1.0,1.0,1.0,0.0,5.0,1.0,1.0,1.0,0.0,5.0,1.0,1.0,1.0,0.0,5.0,1.0,0.6,0.7499999999999999,1.0,3.0,1.0,1.0,1.0,0.0,5.0,"[0, 1, 2, 3, 4]","[0, 1, 2, 3, 4, 42]","[0, 1, 2, 3, 4]","[0, 1, 2, 3, 4]","[0, 1, 2, 3, 4]","[0, 1, 3]","[0, 1, 2, 3, 4]",complete,
cc1,continuous,500,50,1.0,33,1286734393,beta_high,beta,20,0.95,3.0,2.0,1.0,1.0,1.0,0.0,5.0,1.0,0.8,0.888888888888889,1.0,4.0,1.0,1.0,1.0,0.0,5.0,1.0,1.0,1.0,0.0,5.0,1.0,0.6,0.7499999999999999,1.0,3.0,1.0,1.0,1.0,0.0,5.0,"[0, 1, 2, 3, 4]","[0, 1, 2, 3, 4]","[0, 1, 3, 4]","[0, 1, 2, 3, 4]","[0, 1, 2, 3, 4]","[0, 1, 3]","[0, 1, 2, 3, 4]",complete,
cc1,continuous,500,50,1.0,33,1286734393,k_low,k,20,0.95,2.0,1.0,0.8333333333333334,1.0,0.9090909090909091,0.0,6.0,1.0,0.8,0.888888888888889,1.0,4.0,1.0,1.0,1.0,0.0,5.0,1.0,1.0,1.0,0.0,5.0,1.0,0.4,0.5714285714285715,1.0,2.0,1.0,0.8,0.888888888888889,1.0,4.0,"[0, 1, 2, 3, 4]","[0, 1, 2, 3, 4, 16]","[0, 1, 3, 4]","[0, 1, 2, 3, 4]","[0, 1, 2, 3, 4]","[0, 3]","[0, 1, 3, 4]",complete,
cc1,continuous,500,50,1.0,33,1286734393,k_high,k,20,0.95,2.0,3.0,0.7142857142857143,1.0,0.8333333333333333,0.0,7.0,1.0,0.8,0.888888888888889,1.0,4.0,1.0,1.0,1.0,0.0,5.0,1.0,1.0,1.0,0.0,5.0,1.0,0.6,0.7499999999999999,1.0,3.0,1.0,1.0,1.0,0.0,5.0,"[0, 1, 2, 3, 4]","[0, 1, 2, 3, 4, 18, 48]","[0, 1, 3, 4]","[0, 1, 2, 3, 4]","[0, 1, 2, 3, 4]","[0, 1, 3]","[0, 1, 2, 3, 4]",complete,
cc1,continuous,500,50,1.0,34,601059390,reference,reference,20,0.95,2.0,2.0,0.4444444444444444,0.8,0.5714285714285714,1.0,9.0,1.0,0.6,0.7499999999999999,1.0,3.0,1.0,0.8,0.888888888888889,1.0,4.0,1.0,0.8,0.888888888888889,1.0,4.0,1.0,0.6,0.7499999999999999,1.0,3.0,1.0,0.8,0.888888888888889,1.0,4.0,"[0, 1, 2, 3, 4]","[0, 1, 3, 4, 11, 24, 25, 33, 40]","[0, 3, 4]","[0, 1, 3, 4]","[0, 1, 3, 4]","[0, 1, 3]","[0, 1, 3, 4]",complete,
cc1,continuous,500,50,1.0,34,601059390,m_low,m,10,0.95,2.0,2.0,0.6666666666666666,0.8,0.7272727272727272,1.0,6.0,1.0,0.6,0.7499999999999999,1.0,3.0,0.8,0.8,0.8000000000000002,1.0,5.0,0.8,0.8,0.8000000000000002,1.0,5.0,1.0,0.6,0.7499999999999999,1.0,3.0,0.8,0.8,0.8000000000000002,1.0,5.0,"[0, 1, 2, 3, 4]","[0, 1, 3, 4, 11, 21]","[0, 1, 3]","[0, 1, 3, 4, 11]","[0, 1, 3, 4, 11]","[0, 1, 3]","[0, 1, 3, 4, 11]",complete,
cc1,continuous,500,50,1.0,34,601059390,m_high,m,50,0.95,2.0,2.0,0.8333333333333334,1.0,0.9090909090909091,0.0,6.0,1.0,1.0,1.0,0.0,5.0,1.0,1.0,1.0,0.0,5.0,1.0,0.8,0.888888888888889,1.0,4.0,1.0,0.8,0.888888888888889,1.0,4.0,1.0,0.8,0.888888888888889,1.0,4.0,"[0, 1, 2, 3, 4]","[0, 1, 2, 3, 4, 37]","[0, 1, 2, 3, 4]","[0, 1, 2, 3, 4]","[0, 1, 3, 4]","[0, 1, 3, 4]","[0, 1, 3, 4]",complete,
cc1,continuous,500,50,1.0,34,601059390,beta_low,beta,20,0.95,1.0,2.0,0.5555555555555556,1.0,0.7142857142857143,0.0,9.0,1.0,1.0,1.0,0.0,5.0,0.8333333333333334,1.0,0.9090909090909091,0.0,6.0,1.0,0.8,0.888888888888889,1.0,4.0,1.0,0.6,0.7499999999999999,1.0,3.0,1.0,0.8,0.888888888888889,1.0,4.0,"[0, 1, 2, 3, 4]","[0, 1, 2, 3, 4, 5, 11, 36, 40]","[0, 1, 2, 3, 4]","[0, 1, 2, 3, 4, 36]","[0, 1, 3, 4]","[0, 1, 3]","[0, 1, 3, 4]",complete,
cc1,continuous,500,50,1.0,34,601059390,beta_high,beta,20,0.95,3.0,2.0,0.6666666666666666,0.8,0.7272727272727272,1.0,6.0,1.0,0.8,0.888888888888889,1.0,4.0,0.8,0.8,0.8000000000000002,1.0,5.0,1.0,0.8,0.888888888888889,1.0,4.0,1.0,0.8,0.888888888888889,1.0,4.0,1.0,0.8,0.888888888888889,1.0,4.0,"[0, 1, 2, 3, 4]","[0, 1, 3, 4, 24, 25]","[0, 1, 3, 4]","[0, 1, 3, 4, 25]","[0, 1, 3, 4]","[0, 1, 3, 4]","[0, 1, 3, 4]",complete,
cc1,continuous,500,50,1.0,34,601059390,k_low,k,20,0.95,2.0,1.0,0.625,1.0,0.7692307692307693,0.0,8.0,1.0,0.8,0.888888888888889,1.0,4.0,0.8,0.8,0.8000000000000002,1.0,5.0,1.0,0.8,0.888888888888889,1.0,4.0,1.0,0.6,0.7499999999999999,1.0,3.0,1.0,0.8,0.888888888888889,1.0,4.0,"[0, 1, 2, 3, 4]","[0, 1, 2, 3, 4, 11, 33, 36]","[0, 1, 3, 4]","[0, 1, 3, 4, 11]","[0, 1, 3, 4]","[0, 1, 3]","[0, 1, 3, 4]",complete,
cc1,continuous,500,50,1.0,34,601059390,k_high,k,20,0.95,2.0,3.0,0.7142857142857143,1.0,0.8333333333333333,0.0,7.0,1.0,0.8,0.888888888888889,1.0,4.0,1.0,0.8,0.888888888888889,1.0,4.0,1.0,0.8,0.888888888888889,1.0,4.0,1.0,0.6,0.7499999999999999,1.0,3.0,1.0,0.8,0.888888888888889,1.0,4.0,"[0, 1, 2, 3, 4]","[0, 1, 2, 3, 4, 11, 36]","[0, 1, 3, 4]","[0, 1, 3, 4]","[0, 1, 3, 4]","[0, 1, 3]","[0, 1, 3, 4]",complete,
cc1,continuous,500,50,1.0,35,1425953546,reference,reference,20,0.95,2.0,2.0,0.625,1.0,0.7692307692307693,0.0,8.0,1.0,1.0,1.0,0.0,5.0,1.0,0.8,0.888888888888889,1.0,4.0,1.0,1.0,1.0,0.0,5.0,1.0,0.6,0.7499999999999999,1.0,3.0,1.0,1.0,1.0,0.0,5.0,"[0, 1, 2, 3, 4]","[0, 1, 2, 3, 4, 5, 18, 23]","[0, 1, 2, 3, 4]","[1, 2, 3, 4]","[0, 1, 2, 3, 4]","[0, 1, 3]","[0, 1, 2, 3, 4]",complete,
cc1,continuous,500,50,1.0,35,1425953546,m_low,m,10,0.95,2.0,2.0,0.625,1.0,0.7692307692307693,0.0,8.0,1.0,0.4,0.5714285714285715,1.0,2.0,1.0,0.4,0.5714285714285715,1.0,2.0,1.0,1.0,1.0,0.0,5.0,1.0,0.6,0.7499999999999999,1.0,3.0,1.0,0.8,0.888888888888889,1.0,4.0,"[0, 1, 2, 3, 4]","[0, 1, 2, 3, 4, 12, 16, 18]","[0, 3]","[0, 3]","[0, 1, 2, 3, 4]","[0, 1, 3]","[0, 1, 3, 4]",complete,
cc1,continuous,500,50,1.0,35,1425953546,m_high,m,50,0.95,2.0,2.0,1.0,1.0,1.0,0.0,5.0,1.0,1.0,1.0,0.0,5.0,1.0,1.0,1.0,0.0,5.0,1.0,1.0,1.0,0.0,5.0,1.0,0.8,0.888888888888889,1.0,4.0,1.0,1.0,1.0,0.0,5.0,"[0, 1, 2, 3, 4]","[0, 1, 2, 3, 4]","[0, 1, 2, 3, 4]","[0, 1, 2, 3, 4]","[0, 1, 2, 3, 4]","[0, 1, 3, 4]","[0, 1, 2, 3, 4]",complete,
cc1,continuous,500,50,1.0,35,1425953546,beta_low,beta,20,0.95,1.0,2.0,0.8333333333333334,1.0,0.9090909090909091,0.0,6.0,1.0,0.6,0.7499999999999999,1.0,3.0,1.0,0.8,0.888888888888889,1.0,4.0,1.0,1.0,1.0,0.0,5.0,1.0,0.4,0.5714285714285715,1.0,2.0,1.0,1.0,1.0,0.0,5.0,"[0, 1, 2, 3, 4]","[0, 1, 2, 3, 4, 23]","[1, 3, 4]","[0, 1, 3, 4]","[0, 1, 2, 3, 4]","[1, 3]","[0, 1, 2, 3, 4]",complete,
cc1,continuous,500,50,1.0,35,1425953546,beta_high,beta,20,0.95,3.0,2.0,0.8333333333333334,1.0,0.9090909090909091,0.0,6.0,1.0,1.0,1.0,0.0,5.0,1.0,1.0,1.0,0.0,5.0,1.0,1.0,1.0,0.0,5.0,1.0,0.6,0.7499999999999999,1.0,3.0,1.0,1.0,1.0,0.0,5.0,"[0, 1, 2, 3, 4]","[0, 1, 2, 3, 4, 48]","[0, 1, 2, 3, 4]","[0, 1, 2, 3, 4]","[0, 1, 2, 3, 4]","[0, 1, 3]","[0, 1, 2, 3, 4]",complete,
cc1,continuous,500,50,1.0,35,1425953546,k_low,k,20,0.95,2.0,1.0,0.7142857142857143,1.0,0.8333333333333333,0.0,7.0,1.0,1.0,1.0,0.0,5.0,1.0,1.0,1.0,0.0,5.0,1.0,1.0,1.0,0.0,5.0,1.0,0.6,0.7499999999999999,1.0,3.0,1.0,0.8,0.888888888888889,1.0,4.0,"[0, 1, 2, 3, 4]","[0, 1, 2, 3, 4, 5, 48]","[0, 1, 2, 3, 4]","[0, 1, 2, 3, 4]","[0, 1, 2, 3, 4]","[0, 1, 3]","[0, 1, 3, 4]",complete,
cc1,continuous,500,50,1.0,35,1425953546,k_high,k,20,0.95,2.0,3.0,0.8333333333333334,1.0,0.9090909090909091,0.0,6.0,1.0,1.0,1.0,0.0,5.0,1.0,1.0,1.0,0.0,5.0,1.0,1.0,1.0,0.0,5.0,1.0,0.6,0.7499999999999999,1.0,3.0,1.0,1.0,1.0,0.0,5.0,"[0, 1, 2, 3, 4]","[0, 1, 2, 3, 4, 5]","[0, 1, 2, 3, 4]","[0, 1, 2, 3, 4]","[0, 1, 2, 3, 4]","[0, 1, 3]","[0, 1, 2, 3, 4]",complete,
cc1,continuous,500,50,1.0,36,1609684177,reference,reference,20,0.95,2.0,2.0,0.625,1.0,0.7692307692307693,0.0,8.0,1.0,0.8,0.888888888888889,1.0,4.0,0.8333333333333334,1.0,0.9090909090909091,0.0,6.0,1.0,1.0,1.0,0.0,5.0,1.0,0.6,0.7499999999999999,1.0,3.0,1.0,1.0,1.0,0.0,5.0,"[0, 1, 2, 3, 4]","[0, 1, 2, 3, 4, 10, 33, 39]","[0, 1, 3, 4]","[0, 1, 2, 3, 4, 39]","[0, 1, 2, 3, 4]","[0, 1, 3]","[0, 1, 2, 3, 4]",complete,
cc1,continuous,500,50,1.0,36,1609684177,m_low,m,10,0.95,2.0,2.0,0.8333333333333334,1.0,0.9090909090909091,0.0,6.0,1.0,0.6,0.7499999999999999,1.0,3.0,1.0,1.0,1.0,0.0,5.0,0.8333333333333334,1.0,0.9090909090909091,0.0,6.0,1.0,0.8,0.888888888888889,1.0,4.0,1.0,1.0,1.0,0.0,5.0,"[0, 1, 2, 3, 4]","[0, 1, 2, 3, 4, 25]","[0, 1, 4]","[0, 1, 2, 3, 4]","[0, 1, 2, 3, 4, 33]","[0, 1, 3, 4]","[0, 1, 2, 3, 4]",complete,
cc1,continuous,500,50,1.0,36,1609684177,m_high,m,50,0.95,2.0,2.0,0.625,1.0,0.7692307692307693,0.0,8.0,1.0,1.0,1.0,0.0,5.0,0.8333333333333334,1.0,0.9090909090909091,0.0,6.0,1.0,1.0,1.0,0.0,5.0,1.0,0.8,0.888888888888889,1.0,4.0,1.0,1.0,1.0,0.0,5.0,"[0, 1, 2, 3, 4]","[0, 1, 2, 3, 4, 28, 33, 41]","[0, 1, 2, 3, 4]","[0, 1, 2, 3, 4, 33]","[0, 1, 2, 3, 4]","[0, 1, 3, 4]","[0, 1, 2, 3, 4]",complete,
cc1,continuous,500,50,1.0,36,1609684177,beta_low,beta,20,0.95,1.0,2.0,0.7142857142857143,1.0,0.8333333333333333,0.0,7.0,1.0,1.0,1.0,0.0,5.0,1.0,1.0,1.0,0.0,5.0,1.0,1.0,1.0,0.0,5.0,1.0,0.6,0.7499999999999999,1.0,3.0,1.0,0.8,0.888888888888889,1.0,4.0,"[0, 1, 2, 3, 4]","[0, 1, 2, 3, 4, 23, 32]","[0, 1, 2, 3, 4]","[0, 1, 2, 3, 4]","[0, 1, 2, 3, 4]","[0, 1, 3]","[0, 1, 3, 4]",complete,
cc1,continuous,500,50,1.0,36,1609684177,beta_high,beta,20,0.95,3.0,2.0,0.5714285714285714,0.8,0.6666666666666666,1.0,7.0,1.0,0.8,0.888888888888889,1.0,4.0,0.8,0.8,0.8000000000000002,1.0,5.0,1.0,1.0,1.0,0.0,5.0,1.0,0.6,0.7499999999999999,1.0,3.0,1.0,0.8,0.888888888888889,1.0,4.0,"[0, 1, 2, 3, 4]","[0, 1, 3, 4, 28, 33, 39]","[0, 1, 3, 4]","[0, 1, 3, 4, 33]","[0, 1, 2, 3, 4]","[0, 1, 3]","[0, 1, 3, 4]",complete,
cc1,continuous,500,50,1.0,36,1609684177,k_low,k,20,0.95,2.0,1.0,0.5555555555555556,1.0,0.7142857142857143,0.0,9.0,1.0,0.8,0.888888888888889,1.0,4.0,1.0,1.0,1.0,0.0,5.0,1.0,1.0,1.0,0.0,5.0,1.0,0.6,0.7499999999999999,1.0,3.0,1.0,0.8,0.888888888888889,1.0,4.0,"[0, 1, 2, 3, 4]","[0, 1, 2, 3, 4, 25, 28, 33, 37]","[0, 1, 3, 4]","[0, 1, 2, 3, 4]","[0, 1, 2, 3, 4]","[0, 1, 3]","[0, 1, 3, 4]",complete,
cc1,continuous,500,50,1.0,36,1609684177,k_high,k,20,0.95,2.0,3.0,0.8333333333333334,1.0,0.9090909090909091,0.0,6.0,1.0,0.8,0.888888888888889,1.0,4.0,1.0,1.0,1.0,0.0,5.0,1.0,1.0,1.0,0.0,5.0,1.0,0.6,0.7499999999999999,1.0,3.0,1.0,1.0,1.0,0.0,5.0,"[0, 1, 2, 3, 4]","[0, 1, 2, 3, 4, 37]","[0, 1, 3, 4]","[0, 1, 2, 3, 4]","[0, 1, 2, 3, 4]","[0, 1, 3]","[0, 1, 2, 3, 4]",complete,
cc1,continuous,500,50,1.0,37,3272424911,reference,reference,20,0.95,2.0,2.0,0.8333333333333334,1.0,0.9090909090909091,0.0,6.0,1.0,1.0,1.0,0.0,5.0,1.0,1.0,1.0,0.0,5.0,1.0,1.0,1.0,0.0,5.0,1.0,0.8,0.888888888888889,1.0,4.0,1.0,1.0,1.0,0.0,5.0,"[0, 1, 2, 3, 4]","[0, 1, 2, 3, 4, 10]","[0, 1, 2, 3, 4]","[0, 1, 2, 3, 4]","[0, 1, 2, 3, 4]","[0, 1, 3, 4]","[0, 1, 2, 3, 4]",complete,
cc1,continuous,500,50,1.0,37,3272424911,m_low,m,10,0.95,2.0,2.0,0.8333333333333334,1.0,0.9090909090909091,0.0,6.0,1.0,0.6,0.7499999999999999,1.0,3.0,0.8,0.8,0.8000000000000002,1.0,5.0,1.0,1.0,1.0,0.0,5.0,1.0,0.6,0.7499999999999999,1.0,3.0,1.0,0.8,0.888888888888889,1.0,4.0,"[0, 1, 2, 3, 4]","[0, 1, 2, 3, 4, 25]","[0, 3, 4]","[0, 2, 3, 4, 25]","[0, 1, 2, 3, 4]","[1, 3, 4]","[0, 1, 3, 4]",complete,
cc1,continuous,500,50,1.0,37,3272424911,m_high,m,50,0.95,2.0,2.0,1.0,1.0,1.0,0.0,5.0,1.0,1.0,1.0,0.0,5.0,1.0,1.0,1.0,0.0,5.0,1.0,1.0,1.0,0.0,5.0,1.0,1.0,1.0,0.0,5.0,1.0,1.0,1.0,0.0,5.0,"[0, 1, 2, 3, 4]","[0, 1, 2, 3, 4]","[0, 1, 2, 3, 4]","[0, 1, 2, 3, 4]","[0, 1, 2, 3, 4]","[0, 1, 2, 3, 4]","[0, 1, 2, 3, 4]",complete,
cc1,continuous,500,50,1.0,37,3272424911,beta_low,beta,20,0.95,1.0,2.0,0.7142857142857143,1.0,0.8333333333333333,0.0,7.0,1.0,1.0,1.0,0.0,5.0,0.8333333333333334,1.0,0.9090909090909091,0.0,6.0,1.0,1.0,1.0,0.0,5.0,1.0,0.8,0.888888888888889,1.0,4.0,1.0,1.0,1.0,0.0,5.0,"[0, 1, 2, 3, 4]","[0, 1, 2, 3, 4, 26, 33]","[0, 1, 2, 3, 4]","[0, 1, 2, 3, 4, 33]","[0, 1, 2, 3, 4]","[0, 1, 3, 4]","[0, 1, 2, 3, 4]",complete,
cc1,continuous,500,50,1.0,37,3272424911,beta_high,beta,20,0.95,3.0,2.0,1.0,1.0,1.0,0.0,5.0,1.0,0.6,0.7499999999999999,1.0,3.0,1.0,1.0,1.0,0.0,5.0,1.0,1.0,1.0,0.0,5.0,1.0,0.8,0.888888888888889,1.0,4.0,1.0,0.8,0.888888888888889,1.0,4.0,"[0, 1, 2, 3, 4]","[0, 1, 2, 3, 4]","[0, 1, 3]","[0, 1, 2, 3, 4]","[0, 1, 2, 3, 4]","[0, 1, 3, 4]","[0, 1, 3, 4]",complete,
cc1,continuous,500,50,1.0,37,3272424911,k_low,k,20,0.95,2.0,1.0,0.8333333333333334,1.0,0.9090909090909091,0.0,6.0,1.0,0.6,0.7499999999999999,1.0,3.0,1.0,1.0,1.0,0.0,5.0,1.0,1.0,1.0,0.0,5.0,1.0,0.6,0.7499999999999999,1.0,3.0,1.0,1.0,1.0,0.0,5.0,"[0, 1, 2, 3, 4]","[0, 1, 2, 3, 4, 12]","[1, 3, 4]","[0, 1, 2, 3, 4]","[0, 1, 2, 3, 4]","[1, 3, 4]","[0, 1, 2, 3, 4]",complete,
cc1,continuous,500,50,1.0,37,3272424911,k_high,k,20,0.95,2.0,3.0,0.8333333333333334,1.0,0.9090909090909091,0.0,6.0,1.0,1.0,1.0,0.0,5.0,1.0,1.0,1.0,0.0,5.0,1.0,1.0,1.0,0.0,5.0,1.0,0.8,0.888888888888889,1.0,4.0,1.0,1.0,1.0,0.0,5.0,"[0, 1, 2, 3, 4]","[0, 1, 2, 3, 4, 12]","[0, 1, 2, 3, 4]","[0, 1, 2, 3, 4]","[0, 1, 2, 3, 4]","[0, 1, 3, 4]","[0, 1, 2, 3, 4]",complete,
cc1,continuous,500,50,1.0,38,322512856,reference,reference,20,0.95,2.0,2.0,0.7142857142857143,1.0,0.8333333333333333,0.0,7.0,1.0,1.0,1.0,0.0,5.0,1.0,1.0,1.0,0.0,5.0,1.0,1.0,1.0,0.0,5.0,1.0,0.6,0.7499999999999999,1.0,3.0,1.0,1.0,1.0,0.0,5.0,"[0, 1, 2, 3, 4]","[0, 1, 2, 3, 4, 29, 47]","[0, 1, 2, 3, 4]","[0, 1, 2, 3, 4]","[0, 1, 2, 3, 4]","[0, 1, 3]","[0, 1, 2, 3, 4]",complete,
cc1,continuous,500,50,1.0,38,322512856,m_low,m,10,0.95,2.0,2.0,0.7142857142857143,1.0,0.8333333333333333,0.0,7.0,0.0,0.0,0.0,1.0,0.0,1.0,1.0,1.0,0.0,5.0,1.0,1.0,1.0,0.0,5.0,1.0,0.2,0.33333333333333337,1.0,1.0,1.0,1.0,1.0,0.0,5.0,"[0, 1, 2, 3, 4]","[0, 1, 2, 3, 4, 31, 44]",[],"[0, 1, 2, 3, 4]","[0, 1, 2, 3, 4]",[3],"[0, 1, 2, 3, 4]",complete,
cc1,continuous,500,50,1.0,38,322512856,m_high,m,50,0.95,2.0,2.0,1.0,1.0,1.0,0.0,5.0,1.0,1.0,1.0,0.0,5.0,1.0,1.0,1.0,0.0,5.0,1.0,1.0,1.0,0.0,5.0,1.0,0.8,0.888888888888889,1.0,4.0,1.0,1.0,1.0,0.0,5.0,"[0, 1, 2, 3, 4]","[0, 1, 2, 3, 4]","[0, 1, 2, 3, 4]","[0, 1, 2, 3, 4]","[0, 1, 2, 3, 4]","[0, 1, 3, 4]","[0, 1, 2, 3, 4]",complete,
cc1,continuous,500,50,1.0,38,322512856,beta_low,beta,20,0.95,1.0,2.0,0.5555555555555556,1.0,0.7142857142857143,0.0,9.0,1.0,1.0,1.0,0.0,5.0,0.8333333333333334,1.0,0.9090909090909091,0.0,6.0,1.0,1.0,1.0,0.0,5.0,1.0,0.8,0.888888888888889,1.0,4.0,1.0,0.8,0.888888888888889,1.0,4.0,"[0, 1, 2, 3, 4]","[0, 1, 2, 3, 4, 21, 44, 47, 49]","[0, 1, 2, 3, 4]","[0, 1, 2, 3, 4, 44]","[0, 1, 2, 3, 4]","[0, 1, 3, 4]","[0, 1, 3, 4]",complete,
cc1,continuous,500,50,1.0,38,322512856,beta_high,beta,20,0.95,3.0,2.0,1.0,1.0,1.0,0.0,5.0,1.0,0.8,0.888888888888889,1.0,4.0,1.0,1.0,1.0,0.0,5.0,1.0,1.0,1.0,0.0,5.0,1.0,0.8,0.888888888888889,1.0,4.0,1.0,1.0,1.0,0.0,5.0,"[0, 1, 2, 3, 4]","[0, 1, 2, 3, 4]","[1, 2, 3, 4]","[0, 1, 2, 3, 4]","[0, 1, 2, 3, 4]","[0, 1, 3, 4]","[0, 1, 2, 3, 4]",complete,
cc1,continuous,500,50,1.0,38,322512856,k_low,k,20,0.95,2.0,1.0,0.8333333333333334,1.0,0.9090909090909091,0.0,6.0,1.0,0.8,0.888888888888889,1.0,4.0,0.8333333333333334,1.0,0.9090909090909091,0.0,6.0,1.0,1.0,1.0,0.0,5.0,1.0,0.6,0.7499999999999999,1.0,3.0,1.0,1.0,1.0,0.0,5.0,"[0, 1, 2, 3, 4]","[0, 1, 2, 3, 4, 13]","[0, 1, 3, 4]","[0, 1, 2, 3, 4, 13]","[0, 1, 2, 3, 4]","[0, 1, 3]","[0, 1, 2, 3, 4]",complete,
cc1,continuous,500,50,1.0,38,322512856,k_high,k,20,0.95,2.0,3.0,0.625,1.0,0.7692307692307693,0.0,8.0,1.0,1.0,1.0,0.0,5.0,0.8333333333333334,1.0,0.9090909090909091,0.0,6.0,1.0,1.0,1.0,0.0,5.0,1.0,0.6,0.7499999999999999,1.0,3.0,1.0,1.0,1.0,0.0,5.0,"[0, 1, 2, 3, 4]","[0, 1, 2, 3, 4, 13, 30, 44]","[0, 1, 2, 3, 4]","[0, 1, 2, 3, 4, 44]","[0, 1, 2, 3, 4]","[0, 1, 3]","[0, 1, 2, 3, 4]",complete,
cc1,continuous,500,50,1.0,39,3752106938,reference,reference,20,0.95,2.0,2.0,0.8333333333333334,1.0,0.9090909090909091,0.0,6.0,1.0,0.4,0.5714285714285715,1.0,2.0,1.0,0.8,0.888888888888889,1.0,4.0,1.0,1.0,1.0,0.0,5.0,1.0,0.8,0.888888888888889,1.0,4.0,1.0,0.8,0.888888888888889,1.0,4.0,"[0, 1, 2, 3, 4]","[0, 1, 2, 3, 4, 13]","[0, 3]","[0, 1, 3, 4]","[0, 1, 2, 3, 4]","[0, 1, 3, 4]","[0, 1, 3, 4]",complete,
cc1,continuous,500,50,1.0,39,3752106938,m_low,m,10,0.95,2.0,2.0,1.0,1.0,1.0,0.0,5.0,1.0,0.6,0.7499999999999999,1.0,3.0,1.0,0.6,0.7499999999999999,1.0,3.0,1.0,0.8,0.888888888888889,1.0,4.0,1.0,0.6,0.7499999999999999,1.0,3.0,1.0,0.8,0.888888888888889,1.0,4.0,"[0, 1, 2, 3, 4]","[0, 1, 2, 3, 4]","[1, 3, 4]","[1, 3, 4]","[0, 1, 3, 4]","[1, 3, 4]","[0, 1, 3, 4]",complete,
cc1,continuous,500,50,1.0,39,3752106938,m_high,m,50,0.95,2.0,2.0,1.0,1.0,1.0,0.0,5.0,1.0,1.0,1.0,0.0,5.0,1.0,1.0,1.0,0.0,5.0,1.0,1.0,1.0,0.0,5.0,1.0,0.8,0.888888888888889,1.0,4.0,1.0,1.0,1.0,0.0,5.0,"[0, 1, 2, 3, 4]","[0, 1, 2, 3, 4]","[0, 1, 2, 3, 4]","[0, 1, 2, 3, 4]","[0, 1, 2, 3, 4]","[0, 1, 3, 4]","[0, 1, 2, 3, 4]",complete,
cc1,continuous,500,50,1.0,39,3752106938,beta_low,beta,20,0.95,1.0,2.0,0.7142857142857143,1.0,0.8333333333333333,0.0,7.0,1.0,1.0,1.0,0.0,5.0,1.0,1.0,1.0,0.0,5.0,1.0,1.0,1.0,0.0,5.0,1.0,0.8,0.888888888888889,1.0,4.0,1.0,1.0,1.0,0.0,5.0,"[0, 1, 2, 3, 4]","[0, 1, 2, 3, 4, 7, 36]","[0, 1, 2, 3, 4]","[0, 1, 2, 3, 4]","[0, 1, 2, 3, 4]","[0, 1, 3, 4]","[0, 1, 2, 3, 4]",complete,
cc1,continuous,500,50,1.0,39,3752106938,beta_high,beta,20,0.95,3.0,2.0,0.8333333333333334,1.0,0.9090909090909091,0.0,6.0,1.0,0.8,0.888888888888889,1.0,4.0,1.0,0.6,0.7499999999999999,1.0,3.0,1.0,1.0,1.0,0.0,5.0,1.0,0.8,0.888888888888889,1.0,4.0,1.0,1.0,1.0,0.0,5.0,"[0, 1, 2, 3, 4]","[0, 1, 2, 3, 4, 16]","[0, 1, 3, 4]","[0, 1, 2]","[0, 1, 2, 3, 4]","[0, 1, 3, 4]","[0, 1, 2, 3, 4]",complete,
cc1,continuous,500,50,1.0,39,3752106938,k_low,k,20,0.95,2.0,1.0,0.8333333333333334,1.0,0.9090909090909091,0.0,6.0,1.0,0.8,0.888888888888889,1.0,4.0,1.0,1.0,1.0,0.0,5.0,1.0,1.0,1.0,0.0,5.0,1.0,0.8,0.888888888888889,1.0,4.0,1.0,1.0,1.0,0.0,5.0,"[0, 1, 2, 3, 4]","[0, 1, 2, 3, 4, 16]","[0, 1, 3, 4]","[0, 1, 2, 3, 4]","[0, 1, 2, 3, 4]","[0, 1, 3, 4]","[0, 1, 2, 3, 4]",complete,
cc1,continuous,500,50,1.0,39,3752106938,k_high,k,20,0.95,2.0,3.0,0.8333333333333334,1.0,0.9090909090909091,0.0,6.0,1.0,0.8,0.888888888888889,1.0,4.0,1.0,1.0,1.0,0.0,5.0,1.0,1.0,1.0,0.0,5.0,1.0,0.8,0.888888888888889,1.0,4.0,1.0,1.0,1.0,0.0,5.0,"[0, 1, 2, 3, 4]","[0, 1, 2, 3, 4, 16]","[0, 1, 3, 4]","[0, 1, 2, 3, 4]","[0, 1, 2, 3, 4]","[0, 1, 3, 4]","[0, 1, 2, 3, 4]",complete,
cc1,continuous,500,50,1.0,40,181721513,reference,reference,20,0.95,2.0,2.0,0.7142857142857143,1.0,0.8333333333333333,0.0,7.0,1.0,0.8,0.888888888888889,1.0,4.0,1.0,1.0,1.0,0.0,5.0,1.0,0.8,0.888888888888889,1.0,4.0,1.0,0.6,0.7499999999999999,1.0,3.0,1.0,0.8,0.888888888888889,1.0,4.0,"[0, 1, 2, 3, 4]","[0, 1, 2, 3, 4, 28, 49]","[0, 1, 2, 3]","[0, 1, 2, 3, 4]","[0, 1, 3, 4]","[0, 1, 3]","[0, 1, 3, 4]",complete,
cc1,continuous,500,50,1.0,40,181721513,m_low,m,10,0.95,2.0,2.0,0.5555555555555556,1.0,0.7142857142857143,0.0,9.0,1.0,0.4,0.5714285714285715,1.0,2.0,0.75,0.6,0.6666666666666665,1.0,4.0,0.8,0.8,0.8000000000000002,1.0,5.0,1.0,0.4,0.5714285714285715,1.0,2.0,0.75,0.6,0.6666666666666665,1.0,4.0,"[0, 1, 2, 3, 4]","[0, 1, 2, 3, 4, 13, 17, 34, 42]","[1, 3]","[1, 3, 4, 17]","[0, 1, 3, 4, 17]","[1, 3]","[0, 1, 3, 17]",complete,
cc1,continuous,500,50,1.0,40,181721513,m_high,m,50,0.95,2.0,2.0,1.0,1.0,1.0,0.0,5.0,1.0,1.0,1.0,0.0,5.0,1.0,1.0,1.0,0.0,5.0,1.0,1.0,1.0,0.0,5.0,1.0,0.6,0.7499999999999999,1.0,3.0,1.0,1.0,1.0,0.0,5.0,"[0, 1, 2, 3, 4]","[0, 1, 2, 3, 4]","[0, 1, 2, 3, 4]","[0, 1, 2, 3, 4]","[0, 1, 2, 3, 4]","[0, 1, 3]","[0, 1, 2, 3, 4]",complete,
cc1,continuous,500,50,1.0,40,181721513,beta_low,beta,20,0.95,1.0,2.0,0.625,1.0,0.7692307692307693,0.0,8.0,1.0,0.6,0.7499999999999999,1.0,3.0,1.0,1.0,1.0,0.0,5.0,1.0,0.8,0.888888888888889,1.0,4.0,1.0,0.6,0.7499999999999999,1.0,3.0,1.0,0.8,0.888888888888889,1.0,4.0,"[0, 1, 2, 3, 4]","[0, 1, 2, 3, 4, 17, 22, 42]","[0, 1, 3]","[0, 1, 2, 3, 4]","[0, 1, 3, 4]","[0, 1, 3]","[0, 1, 3, 4]",complete,
cc1,continuous,500,50,1.0,40,181721513,beta_high,beta,20,0.95,3.0,2.0,0.7142857142857143,1.0,0.8333333333333333,0.0,7.0,1.0,0.6,0.7499999999999999,1.0,3.0,1.0,0.8,0.888888888888889,1.0,4.0,1.0,0.8,0.888888888888889,1.0,4.0,1.0,0.6,0.7499999999999999,1.0,3.0,1.0,0.6,0.7499999999999999,1.0,3.0,"[0, 1, 2, 3, 4]","[0, 1, 2, 3, 4, 17, 28]","[1, 3, 4]","[1, 2, 3, 4]","[0, 1, 3, 4]","[0, 1, 3]","[0, 1, 3]",complete,
cc1,continuous,500,50,1.0,40,181721513,k_low,k,20,0.95,2.0,1.0,0.8333333333333334,1.0,0.9090909090909091,0.0,6.0,1.0,0.4,0.5714285714285715,1.0,2.0,1.0,0.6,0.7499999999999999,1.0,3.0,1.0,0.8,0.888888888888889,1.0,4.0,1.0,0.6,0.7499999999999999,1.0,3.0,1.0,0.6,0.7499999999999999,1.0,3.0,"[0, 1, 2, 3, 4]","[0, 1, 2, 3, 4, 23]","[1, 3]","[1, 3, 4]","[0, 1, 3, 4]","[0, 1, 3]","[1, 3, 4]",complete,
cc1,continuous,500,50,1.0,40,181721513,k_high,k,20,0.95,2.0,3.0,0.8,0.8,0.8000000000000002,1.0,5.0,0.8,0.8,0.8000000000000002,1.0,5.0,0.8,0.8,0.8000000000000002,1.0,5.0,1.0,0.8,0.888888888888889,1.0,4.0,1.0,0.6,0.7499999999999999,1.0,3.0,1.0,0.6,0.7499999999999999,1.0,3.0,"[0, 1, 2, 3, 4]","[0, 1, 3, 4, 35]","[0, 1, 3, 4, 35]","[0, 1, 3, 4, 35]","[0, 1, 3, 4]","[0, 1, 3]","[0, 1, 3]",complete,
cc1,continuous,500,50,1.0,41,3175677260,reference,reference,20,0.95,2.0,2.0,0.7142857142857143,1.0,0.8333333333333333,0.0,7.0,1.0,0.8,0.888888888888889,1.0,4.0,0.75,0.6,0.6666666666666665,1.0,4.0,1.0,0.8,0.888888888888889,1.0,4.0,1.0,0.6,0.7499999999999999,1.0,3.0,1.0,0.6,0.7499999999999999,1.0,3.0,"[0, 1, 2, 3, 4]","[0, 1, 2, 3, 4, 40, 46]","[0, 1, 3, 4]","[0, 1, 3, 40]","[0, 1, 2, 3]","[0, 1, 3]","[0, 1, 3]",complete,
cc1,continuous,500,50,1.0,41,3175677260,m_low,m,10,0.95,2.0,2.0,0.625,1.0,0.7692307692307693,0.0,8.0,0.0,0.0,0.0,1.0,0.0,0.5,0.2,0.28571428571428575,1.0,2.0,1.0,1.0,1.0,0.0,5.0,1.0,0.2,0.33333333333333337,1.0,1.0,1.0,1.0,1.0,0.0,5.0,"[0, 1, 2, 3, 4]","[0, 1, 2, 3, 4, 7, 28, 44]",[],"[4, 44]","[0, 1, 2, 3, 4]",[3],"[0, 1, 2, 3, 4]",complete,
cc1,continuous,500,50,1.0,41,3175677260,m_high,m,50,0.95,2.0,2.0,0.8333333333333334,1.0,0.9090909090909091,0.0,6.0,1.0,1.0,1.0,0.0,5.0,1.0,1.0,1.0,0.0,5.0,1.0,1.0,1.0,0.0,5.0,1.0,0.6,0.7499999999999999,1.0,3.0,1.0,0.8,0.888888888888889,1.0,4.0,"[0, 1, 2, 3, 4]","[0, 1, 2, 3, 4, 26]","[0, 1, 2, 3, 4]","[0, 1, 2, 3, 4]","[0, 1, 2, 3, 4]","[0, 1, 3]","[0, 1, 2, 3]",complete,
cc1,continuous,500,50,1.0,41,3175677260,beta_low,beta,20,0.95,1.0,2.0,0.7142857142857143,1.0,0.8333333333333333,0.0,7.0,1.0,1.0,1.0,0.0,5.0,0.7142857142857143,1.0,0.8333333333333333,0.0,7.0,1.0,1.0,1.0,0.0,5.0,1.0,0.6,0.7499999999999999,1.0,3.0,1.0,0.8,0.888888888888889,1.0,4.0,"[0, 1, 2, 3, 4]","[0, 1, 2, 3, 4, 39, 40]","[0, 1, 2, 3, 4]","[0, 1, 2, 3, 4, 39, 40]","[0, 1, 2, 3, 4]","[0, 1, 3]","[0, 1, 2, 3]",complete,
cc1,continuous,500,50,1.0,41,3175677260,beta_high,beta,20,0.95,3.0,2.0,1.0,1.0,1.0,0.0,5.0,1.0,0.8,0.888888888888889,1.0,4.0,1.0,1.0,1.0,0.0,5.0,1.0,1.0,1.0,0.0,5.0,1.0,0.6,0.7499999999999999,1.0,3.0,1.0,1.0,1.0,0.0,5.0,"[0, 1, 2, 3, 4]","[0, 1, 2, 3, 4]","[0, 1, 3, 4]","[0, 1, 2, 3, 4]","[0, 1, 2, 3, 4]","[0, 1, 3]","[0, 1, 2, 3, 4]",complete,
cc1,continuous,500,50,1.0,41,3175677260,k_low,k,20,0.95,2.0,1.0,0.8333333333333334,1.0,0.9090909090909091,0.0,6.0,1.0,1.0,1.0,0.0,5.0,1.0,1.0,1.0,0.0,5.0,1.0,1.0,1.0,0.0,5.0,1.0,0.4,0.5714285714285715,1.0,2.0,1.0,0.8,0.888888888888889,1.0,4.0,"[0, 1, 2, 3, 4]","[0, 1, 2, 3, 4, 41]","[0, 1, 2, 3, 4]","[0, 1, 2, 3, 4]","[0, 1, 2, 3, 4]","[1, 3]","[0, 1, 2, 3]",complete,
cc1,continuous,500,50,1.0,41,3175677260,k_high,k,20,0.95,2.0,3.0,0.7142857142857143,1.0,0.8333333333333333,0.0,7.0,1.0,0.6,0.7499999999999999,1.0,3.0,1.0,0.8,0.888888888888889,1.0,4.0,1.0,0.8,0.888888888888889,1.0,4.0,1.0,0.6,0.7499999999999999,1.0,3.0,1.0,0.6,0.7499999999999999,1.0,3.0,"[0, 1, 2, 3, 4]","[0, 1, 2, 3, 4, 13, 40]","[0, 1, 3]","[0, 1, 3, 4]","[0, 1, 2, 3]","[0, 1, 3]","[0, 1, 3]",complete,
cc1,continuous,500,50,1.0,42,2253647481,reference,reference,20,0.95,2.0,2.0,0.7142857142857143,1.0,0.8333333333333333,0.0,7.0,1.0,0.8,0.888888888888889,1.0,4.0,0.8333333333333334,1.0,0.9090909090909091,0.0,6.0,1.0,1.0,1.0,0.0,5.0,1.0,0.6,0.7499999999999999,1.0,3.0,1.0,0.8,0.888888888888889,1.0,4.0,"[0, 1, 2, 3, 4]","[0, 1, 2, 3, 4, 11, 41]","[0, 1, 3, 4]","[0, 1, 2, 3, 4, 41]","[0, 1, 2, 3, 4]","[0, 1, 3]","[0, 1, 3, 4]",complete,
cc1,continuous,500,50,1.0,42,2253647481,m_low,m,10,0.95,2.0,2.0,0.8,0.8,0.8000000000000002,1.0,5.0,1.0,0.4,0.5714285714285715,1.0,2.0,1.0,0.6,0.7499999999999999,1.0,3.0,1.0,0.8,0.888888888888889,1.0,4.0,1.0,0.4,0.5714285714285715,1.0,2.0,1.0,0.8,0.888888888888889,1.0,4.0,"[0, 1, 2, 3, 4]","[0, 1, 3, 4, 29]","[3, 4]","[1, 3, 4]","[0, 1, 3, 4]","[1, 3]","[0, 1, 3, 4]",complete,
cc1,continuous,500,50,1.0,42,2253647481,m_high,m,50,0.95,2.0,2.0,1.0,1.0,1.0,0.0,5.0,1.0,1.0,1.0,0.0,5.0,1.0,1.0,1.0,0.0,5.0,1.0,1.0,1.0,0.0,5.0,1.0,0.6,0.7499999999999999,1.0,3.0,1.0,1.0,1.0,0.0,5.0,"[0, 1, 2, 3, 4]","[0, 1, 2, 3, 4]","[0, 1, 2, 3, 4]","[0, 1, 2, 3, 4]","[0, 1, 2, 3, 4]","[0, 1, 3]","[0, 1, 2, 3, 4]",complete,
cc1,continuous,500,50,1.0,42,2253647481,beta_low,beta,20,0.95,1.0,2.0,0.8333333333333334,1.0,0.9090909090909091,0.0,6.0,1.0,0.8,0.888888888888889,1.0,4.0,1.0,1.0,1.0,0.0,5.0,1.0,1.0,1.0,0.0,5.0,1.0,0.6,0.7499999999999999,1.0,3.0,1.0,0.8,0.888888888888889,1.0,4.0,"[0, 1, 2, 3, 4]","[0, 1, 2, 3, 4, 49]","[0, 1, 3, 4]","[0, 1, 2, 3, 4]","[0, 1, 2, 3, 4]","[0, 1, 3]","[0, 1, 3, 4]",complete,
cc1,continuous,500,50,1.0,42,2253647481,beta_high,beta,20,0.95,3.0,2.0,0.7142857142857143,1.0,0.8333333333333333,0.0,7.0,1.0,0.6,0.7499999999999999,1.0,3.0,1.0,0.8,0.888888888888889,1.0,4.0,1.0,0.8,0.888888888888889,1.0,4.0,1.0,0.6,0.7499999999999999,1.0,3.0,1.0,0.8,0.888888888888889,1.0,4.0,"[0, 1, 2, 3, 4]","[0, 1, 2, 3, 4, 41, 45]","[0, 1, 3]","[0, 1, 3, 4]","[0, 1, 3, 4]","[0, 1, 3]","[0, 1, 3, 4]",complete,
cc1,continuous,500,50,1.0,42,2253647481,k_low,k,20,0.95,2.0,1.0,1.0,1.0,1.0,0.0,5.0,1.0,0.8,0.888888888888889,1.0,4.0,1.0,0.8,0.888888888888889,1.0,4.0,1.0,0.8,0.888888888888889,1.0,4.0,1.0,0.6,0.7499999999999999,1.0,3.0,1.0,0.8,0.888888888888889,1.0,4.0,"[0, 1, 2, 3, 4]","[0, 1, 2, 3, 4]","[0, 1, 3, 4]","[0, 1, 3, 4]","[0, 1, 3, 4]","[0, 1, 3]","[0, 1, 3, 4]",complete,
cc1,continuous,500,50,1.0,42,2253647481,k_high,k,20,0.95,2.0,3.0,1.0,1.0,1.0,0.0,5.0,1.0,0.8,0.888888888888889,1.0,4.0,1.0,1.0,1.0,0.0,5.0,1.0,0.8,0.888888888888889,1.0,4.0,1.0,0.6,0.7499999999999999,1.0,3.0,1.0,0.8,0.888888888888889,1.0,4.0,"[0, 1, 2, 3, 4]","[0, 1, 2, 3, 4]","[0, 1, 3, 4]","[0, 1, 2, 3, 4]","[0, 1, 3, 4]","[0, 1, 3]","[0, 1, 3, 4]",complete,
cc1,continuous,500,50,1.0,43,1831368362,reference,reference,20,0.95,2.0,2.0,1.0,1.0,1.0,0.0,5.0,1.0,0.6,0.7499999999999999,1.0,3.0,1.0,0.8,0.888888888888889,1.0,4.0,1.0,1.0,1.0,0.0,5.0,1.0,0.6,0.7499999999999999,1.0,3.0,1.0,0.8,0.888888888888889,1.0,4.0,"[0, 1, 2, 3, 4]","[0, 1, 2, 3, 4]","[0, 1, 3]","[0, 1, 2, 3]","[0, 1, 2, 3, 4]","[0, 1, 3]","[0, 1, 2, 3]",complete,
cc1,continuous,500,50,1.0,43,1831368362,m_low,m,10,0.95,2.0,2.0,0.7142857142857143,1.0,0.8333333333333333,0.0,7.0,1.0,0.6,0.7499999999999999,1.0,3.0,0.8333333333333334,1.0,0.9090909090909091,0.0,6.0,1.0,1.0,1.0,0.0,5.0,1.0,0.4,0.5714285714285715,1.0,2.0,1.0,1.0,1.0,0.0,5.0,"[0, 1, 2, 3, 4]","[0, 1, 2, 3, 4, 5, 40]","[0, 3, 4]","[0, 1, 2, 3, 4, 40]","[0, 1, 2, 3, 4]","[0, 3]","[0, 1, 2, 3, 4]",complete,
cc1,continuous,500,50,1.0,43,1831368362,m_high,m,50,0.95,2.0,2.0,1.0,1.0,1.0,0.0,5.0,1.0,1.0,1.0,0.0,5.0,1.0,1.0,1.0,0.0,5.0,1.0,1.0,1.0,0.0,5.0,1.0,0.6,0.7499999999999999,1.0,3.0,1.0,1.0,1.0,0.0,5.0,"[0, 1, 2, 3, 4]","[0, 1, 2, 3, 4]","[0, 1, 2, 3, 4]","[0, 1, 2, 3, 4]","[0, 1, 2, 3, 4]","[0, 1, 3]","[0, 1, 2, 3, 4]",complete,
cc1,continuous,500,50,1.0,43,1831368362,beta_low,beta,20,0.95,1.0,2.0,0.8333333333333334,1.0,0.9090909090909091,0.0,6.0,1.0,0.6,0.7499999999999999,1.0,3.0,1.0,0.8,0.888888888888889,1.0,4.0,1.0,1.0,1.0,0.0,5.0,1.0,0.8,0.888888888888889,1.0,4.0,1.0,1.0,1.0,0.0,5.0,"[0, 1, 2, 3, 4]","[0, 1, 2, 3, 4, 40]","[1, 2, 3]","[0, 1, 2, 3]","[0, 1, 2, 3, 4]","[0, 1, 2, 3]","[0, 1, 2, 3, 4]",complete,
cc1,continuous,500,50,1.0,43,1831368362,beta_high,beta,20,0.95,3.0,2.0,0.8333333333333334,1.0,0.9090909090909091,0.0,6.0,1.0,0.6,0.7499999999999999,1.0,3.0,1.0,1.0,1.0,0.0,5.0,1.0,1.0,1.0,0.0,5.0,1.0,0.8,0.888888888888889,1.0,4.0,1.0,1.0,1.0,0.0,5.0,"[0, 1, 2, 3, 4]","[0, 1, 2, 3, 4, 43]","[0, 3, 4]","[0, 1, 2, 3, 4]","[0, 1, 2, 3, 4]","[0, 1, 3, 4]","[0, 1, 2, 3, 4]",complete,
cc1,continuous,500,50,1.0,43,1831368362,k_low,k,20,0.95,2.0,1.0,1.0,1.0,1.0,0.0,5.0,1.0,1.0,1.0,0.0,5.0,1.0,1.0,1.0,0.0,5.0,1.0,1.0,1.0,0.0,5.0,1.0,0.6,0.7499999999999999,1.0,3.0,1.0,1.0,1.0,0.0,5.0,"[0, 1, 2, 3, 4]","[0, 1, 2, 3, 4]","[0, 1, 2, 3, 4]","[0, 1, 2, 3, 4]","[0, 1, 2, 3, 4]","[0, 1, 3]","[0, 1, 2, 3, 4]",complete,
cc1,continuous,500,50,1.0,43,1831368362,k_high,k,20,0.95,2.0,3.0,1.0,1.0,1.0,0.0,5.0,1.0,0.8,0.888888888888889,1.0,4.0,1.0,0.8,0.888888888888889,1.0,4.0,1.0,1.0,1.0,0.0,5.0,1.0,0.6,0.7499999999999999,1.0,3.0,1.0,1.0,1.0,0.0,5.0,"[0, 1, 2, 3, 4]","[0, 1, 2, 3, 4]","[0, 2, 3, 4]","[0, 2, 3, 4]","[0, 1, 2, 3, 4]","[0, 1, 3]","[0, 1, 2, 3, 4]",complete,
cc1,continuous,500,50,1.0,44,3526454759,reference,reference,20,0.95,2.0,2.0,0.8333333333333334,1.0,0.9090909090909091,0.0,6.0,1.0,0.6,0.7499999999999999,1.0,3.0,0.8,0.8,0.8000000000000002,1.0,5.0,1.0,0.8,0.888888888888889,1.0,4.0,1.0,0.8,0.888888888888889,1.0,4.0,1.0,0.8,0.888888888888889,1.0,4.0,"[0, 1, 2, 3, 4]","[0, 1, 2, 3, 4, 17]","[1, 3, 4]","[1, 2, 3, 4, 17]","[0, 1, 3, 4]","[0, 1, 3, 4]","[0, 1, 3, 4]",complete,
cc1,continuous,500,50,1.0,44,3526454759,m_low,m,10,0.95,2.0,2.0,0.7142857142857143,1.0,0.8333333333333333,0.0,7.0,1.0,1.0,1.0,0.0,5.0,1.0,0.8,0.888888888888889,1.0,4.0,1.0,1.0,1.0,0.0,5.0,1.0,0.8,0.888888888888889,1.0,4.0,1.0,0.8,0.888888888888889,1.0,4.0,"[0, 1, 2, 3, 4]","[0, 1, 2, 3, 4, 16, 31]","[0, 1, 2, 3, 4]","[0, 1, 2, 4]","[0, 1, 2, 3, 4]","[0, 1, 3, 4]","[0, 1, 3, 4]",complete,
cc1,continuous,500,50,1.0,44,3526454759,m_high,m,50,0.95,2.0,2.0,0.8333333333333334,1.0,0.9090909090909091,0.0,6.0,1.0,1.0,1.0,0.0,5.0,1.0,1.0,1.0,0.0,5.0,1.0,1.0,1.0,0.0,5.0,1.0,1.0,1.0,0.0,5.0,1.0,1.0,1.0,0.0,5.0,"[0, 1, 2, 3, 4]","[0, 1, 2, 3, 4, 29]","[0, 1, 2, 3, 4]","[0, 1, 2, 3, 4]","[0, 1, 2, 3, 4]","[0, 1, 2, 3, 4]","[0, 1, 2, 3, 4]",complete,
cc1,continuous,500,50,1.0,44,3526454759,beta_low,beta,20,0.95,1.0,2.0,0.7142857142857143,1.0,0.8333333333333333,0.0,7.0,1.0,1.0,1.0,0.0,5.0,1.0,1.0,1.0,0.0,5.0,1.0,1.0,1.0,0.0,5.0,1.0,0.8,0.888888888888889,1.0,4.0,1.0,1.0,1.0,0.0,5.0,"[0, 1, 2, 3, 4]","[0, 1, 2, 3, 4, 15, 29]","[0, 1, 2, 3, 4]","[0, 1, 2, 3, 4]","[0, 1, 2, 3, 4]","[0, 1, 3, 4]","[0, 1, 2, 3, 4]",complete,
cc1,continuous,500,50,1.0,44,3526454759,beta_high,beta,20,0.95,3.0,2.0,1.0,1.0,1.0,0.0,5.0,1.0,1.0,1.0,0.0,5.0,1.0,0.8,0.888888888888889,1.0,4.0,1.0,1.0,1.0,0.0,5.0,1.0,0.6,0.7499999999999999,1.0,3.0,1.0,1.0,1.0,0.0,5.0,"[0, 1, 2, 3, 4]","[0, 1, 2, 3, 4]","[0, 1, 2, 3, 4]","[1, 2, 3, 4]","[0, 1, 2, 3, 4]","[0, 1, 3]","[0, 1, 2, 3, 4]",complete,
cc1,continuous,500,50,1.0,44,3526454759,k_low,k,20,0.95,2.0,1.0,0.625,1.0,0.7692307692307693,0.0,8.0,1.0,0.8,0.888888888888889,1.0,4.0,0.8,0.8,0.8000000000000002,1.0,5.0,1.0,0.8,0.888888888888889,1.0,4.0,1.0,0.8,0.888888888888889,1.0,4.0,1.0,0.8,0.888888888888889,1.0,4.0,"[0, 1, 2, 3, 4]","[0, 1, 2, 3, 4, 21, 29, 35]","[0, 1, 3, 4]","[1, 2, 3, 4, 35]","[0, 1, 3, 4]","[0, 1, 3, 4]","[0, 1, 3, 4]",complete,
cc1,continuous,500,50,1.0,44,3526454759,k_high,k,20,0.95,2.0,3.0,1.0,1.0,1.0,0.0,5.0,1.0,1.0,1.0,0.0,5.0,1.0,0.8,0.888888888888889,1.0,4.0,1.0,1.0,1.0,0.0,5.0,1.0,0.8,0.888888888888889,1.0,4.0,1.0,1.0,1.0,0.0,5.0,"[0, 1, 2, 3, 4]","[0, 1, 2, 3, 4]","[0, 1, 2, 3, 4]","[1, 2, 3, 4]","[0, 1, 2, 3, 4]","[0, 1, 3, 4]","[0, 1, 2, 3, 4]",complete,
cc1,continuous,500,50,1.0,45,3977257075,reference,reference,20,0.95,2.0,2.0,0.8333333333333334,1.0,0.9090909090909091,0.0,6.0,1.0,0.6,0.7499999999999999,1.0,3.0,1.0,1.0,1.0,0.0,5.0,1.0,1.0,1.0,0.0,5.0,1.0,0.6,0.7499999999999999,1.0,3.0,1.0,1.0,1.0,0.0,5.0,"[0, 1, 2, 3, 4]","[0, 1, 2, 3, 4, 40]","[1, 3, 4]","[0, 1, 2, 3, 4]","[0, 1, 2, 3, 4]","[0, 1, 3]","[0, 1, 2, 3, 4]",complete,
cc1,continuous,500,50,1.0,45,3977257075,m_low,m,10,0.95,2.0,2.0,0.6666666666666666,0.8,0.7272727272727272,1.0,6.0,1.0,0.8,0.888888888888889,1.0,4.0,1.0,0.8,0.888888888888889,1.0,4.0,1.0,1.0,1.0,0.0,5.0,1.0,0.6,0.7499999999999999,1.0,3.0,1.0,0.8,0.888888888888889,1.0,4.0,"[0, 1, 2, 3, 4]","[0, 1, 3, 4, 40, 48]","[0, 1, 3, 4]","[0, 1, 3, 4]","[0, 1, 2, 3, 4]","[0, 1, 3]","[0, 1, 3, 4]",complete,
cc1,continuous,500,50,1.0,45,3977257075,m_high,m,50,0.95,2.0,2.0,1.0,1.0,1.0,0.0,5.0,1.0,1.0,1.0,0.0,5.0,1.0,1.0,1.0,0.0,5.0,1.0,1.0,1.0,0.0,5.0,1.0,0.8,0.888888888888889,1.0,4.0,1.0,1.0,1.0,0.0,5.0,"[0, 1, 2, 3, 4]","[0, 1, 2, 3, 4]","[0, 1, 2, 3, 4]","[0, 1, 2, 3, 4]","[0, 1, 2, 3, 4]","[0, 1, 2, 3]","[0, 1, 2, 3, 4]",complete,
cc1,continuous,500,50,1.0,45,3977257075,beta_low,beta,20,0.95,1.0,2.0,0.7142857142857143,1.0,0.8333333333333333,0.0,7.0,1.0,1.0,1.0,0.0,5.0,0.8333333333333334,1.0,0.9090909090909091,0.0,6.0,1.0,1.0,1.0,0.0,5.0,1.0,0.8,0.888888888888889,1.0,4.0,1.0,1.0,1.0,0.0,5.0,"[0, 1, 2, 3, 4]","[0, 1, 2, 3, 4, 12, 41]","[0, 1, 2, 3, 4]","[0, 1, 2, 3, 4, 41]","[0, 1, 2, 3, 4]","[0, 1, 2, 3]","[0, 1, 2, 3, 4]",complete,
cc1,continuous,500,50,1.0,45,3977257075,beta_high,beta,20,0.95,3.0,2.0,0.7142857142857143,1.0,0.8333333333333333,0.0,7.0,1.0,0.2,0.33333333333333337,1.0,1.0,1.0,1.0,1.0,0.0,5.0,1.0,1.0,1.0,0.0,5.0,1.0,0.4,0.5714285714285715,1.0,2.0,1.0,1.0,1.0,0.0,5.0,"[0, 1, 2, 3, 4]","[0, 1, 2, 3, 4, 15, 40]",[3],"[0, 1, 2, 3, 4]","[0, 1, 2, 3, 4]","[1, 3]","[0, 1, 2, 3, 4]",complete,
cc1,continuous,500,50,1.0,45,3977257075,k_low,k,20,0.95,2.0,1.0,0.8333333333333334,1.0,0.9090909090909091,0.0,6.0,1.0,0.6,0.7499999999999999,1.0,3.0,1.0,1.0,1.0,0.0,5.0,1.0,1.0,1.0,0.0,5.0,1.0,0.6,0.7499999999999999,1.0,3.0,1.0,1.0,1.0,0.0,5.0,"[0, 1, 2, 3, 4]","[0, 1, 2, 3, 4, 18]","[1, 2, 3]","[0, 1, 2, 3, 4]","[0, 1, 2, 3, 4]","[0, 1, 3]","[0, 1, 2, 3, 4]",complete,
cc1,continuous,500,50,1.0,45,3977257075,k_high,k,20,0.95,2.0,3.0,1.0,1.0,1.0,0.0,5.0,1.0,0.8,0.888888888888889,1.0,4.0,1.0,1.0,1.0,0.0,5.0,1.0,1.0,1.0,0.0,5.0,1.0,0.6,0.7499999999999999,1.0,3.0,1.0,0.8,0.888888888888889,1.0,4.0,"[0, 1, 2, 3, 4]","[0, 1, 2, 3, 4]","[0, 1, 3, 4]","[0, 1, 2, 3, 4]","[0, 1, 2, 3, 4]","[0, 1, 3]","[0, 1, 3, 4]",complete,
cc1,continuous,500,50,1.0,46,969838017,reference,reference,20,0.95,2.0,2.0,1.0,1.0,1.0,0.0,5.0,1.0,1.0,1.0,0.0,5.0,1.0,1.0,1.0,0.0,5.0,1.0,1.0,1.0,0.0,5.0,1.0,0.8,0.888888888888889,1.0,4.0,1.0,1.0,1.0,0.0,5.0,"[0, 1, 2, 3, 4]","[0, 1, 2, 3, 4]","[0, 1, 2, 3, 4]","[0, 1, 2, 3, 4]","[0, 1, 2, 3, 4]","[0, 1, 3, 4]","[0, 1, 2, 3, 4]",complete,
cc1,continuous,500,50,1.0,46,969838017,m_low,m,10,0.95,2.0,2.0,0.625,1.0,0.7692307692307693,0.0,8.0,1.0,0.6,0.7499999999999999,1.0,3.0,0.8,0.8,0.8000000000000002,1.0,5.0,1.0,1.0,1.0,0.0,5.0,1.0,0.4,0.5714285714285715,1.0,2.0,1.0,0.8,0.888888888888889,1.0,4.0,"[0, 1, 2, 3, 4]","[0, 1, 2, 3, 4, 28, 30, 32]","[0, 2, 3]","[0, 2, 3, 4, 32]","[0, 1, 2, 3, 4]","[0, 3]","[0, 2, 3, 4]",complete,
cc1,continuous,500,50,1.0,46,969838017,m_high,m,50,0.95,2.0,2.0,0.7142857142857143,1.0,0.8333333333333333,0.0,7.0,1.0,1.0,1.0,0.0,5.0,1.0,1.0,1.0,0.0,5.0,1.0,1.0,1.0,0.0,5.0,1.0,0.8,0.888888888888889,1.0,4.0,1.0,1.0,1.0,0.0,5.0,"[0, 1, 2, 3, 4]","[0, 1, 2, 3, 4, 44, 48]","[0, 1, 2, 3, 4]","[0, 1, 2, 3, 4]","[0, 1, 2, 3, 4]","[0, 1, 3, 4]","[0, 1, 2, 3, 4]",complete,
cc1,continuous,500,50,1.0,46,969838017,beta_low,beta,20,0.95,1.0,2.0,0.8333333333333334,1.0,0.9090909090909091,0.0,6.0,1.0,0.8,0.888888888888889,1.0,4.0,1.0,0.8,0.888888888888889,1.0,4.0,1.0,1.0,1.0,0.0,5.0,1.0,0.6,0.7499999999999999,1.0,3.0,1.0,1.0,1.0,0.0,5.0,"[0, 1, 2, 3, 4]","[0, 1, 2, 3, 4, 11]","[0, 1, 2, 3]","[0, 1, 2, 3]","[0, 1, 2, 3, 4]","[0, 1, 3]","[0, 1, 2, 3, 4]",complete,
cc1,continuous,500,50,1.0,46,969838017,beta_high,beta,20,0.95,3.0,2.0,0.8333333333333334,1.0,0.9090909090909091,0.0,6.0,1.0,0.8,0.888888888888889,1.0,4.0,0.8333333333333334,1.0,0.9090909090909091,0.0,6.0,1.0,1.0,1.0,0.0,5.0,1.0,0.8,0.888888888888889,1.0,4.0,1.0,1.0,1.0,0.0,5.0,"[0, 1, 2, 3, 4]","[0, 1, 2, 3, 4, 48]","[0, 1, 3, 4]","[0, 1, 2, 3, 4, 48]","[0, 1, 2, 3, 4]","[0, 1, 3, 4]","[0, 1, 2, 3, 4]",complete,
cc1,continuous,500,50,1.0,46,969838017,k_low,k,20,0.95,2.0,1.0,0.8333333333333334,1.0,0.9090909090909091,0.0,6.0,1.0,0.4,0.5714285714285715,1.0,2.0,1.0,1.0,1.0,0.0,5.0,1.0,1.0,1.0,0.0,5.0,1.0,0.8,0.888888888888889,1.0,4.0,1.0,1.0,1.0,0.0,5.0,"[0, 1, 2, 3, 4]","[0, 1, 2, 3, 4, 28]","[1, 3]","[0, 1, 2, 3, 4]","[0, 1, 2, 3, 4]","[0, 1, 3, 4]","[0, 1, 2, 3, 4]",complete,
cc1,continuous,500,50,1.0,46,969838017,k_high,k,20,0.95,2.0,3.0,0.7142857142857143,1.0,0.8333333333333333,0.0,7.0,1.0,0.6,0.7499999999999999,1.0,3.0,1.0,1.0,1.0,0.0,5.0,1.0,1.0,1.0,0.0,5.0,1.0,0.8,0.888888888888889,1.0,4.0,1.0,1.0,1.0,0.0,5.0,"[0, 1, 2, 3, 4]","[0, 1, 2, 3, 4, 28, 39]","[0, 3, 4]","[0, 1, 2, 3, 4]","[0, 1, 2, 3, 4]","[0, 1, 3, 4]","[0, 1, 2, 3, 4]",complete,
cc1,continuous,500,50,1.0,47,2891028730,reference,reference,20,0.95,2.0,2.0,0.5555555555555556,1.0,0.7142857142857143,0.0,9.0,1.0,0.6,0.7499999999999999,1.0,3.0,1.0,1.0,1.0,0.0,5.0,1.0,1.0,1.0,0.0,5.0,1.0,0.6,0.7499999999999999,1.0,3.0,1.0,1.0,1.0,0.0,5.0,"[0, 1, 2, 3, 4]","[0, 1, 2, 3, 4, 7, 16, 25, 38]","[0, 1, 3]","[0, 1, 2, 3, 4]","[0, 1, 2, 3, 4]","[0, 1, 3]","[0, 1, 2, 3, 4]",complete,
cc1,continuous,500,50,1.0,47,2891028730,m_low,m,10,0.95,2.0,2.0,0.625,1.0,0.7692307692307693,0.0,8.0,1.0,0.6,0.7499999999999999,1.0,3.0,0.8333333333333334,1.0,0.9090909090909091,0.0,6.0,1.0,1.0,1.0,0.0,5.0,1.0,0.4,0.5714285714285715,1.0,2.0,1.0,1.0,1.0,0.0,5.0,"[0, 1, 2, 3, 4]","[0, 1, 2, 3, 4, 7, 16, 38]","[1, 2, 3]","[0, 1, 2, 3, 4, 38]","[0, 1, 2, 3, 4]","[1, 3]","[0, 1, 2, 3, 4]",complete,
cc1,continuous,500,50,1.0,47,2891028730,m_high,m,50,0.95,2.0,2.0,0.8333333333333334,1.0,0.9090909090909091,0.0,6.0,1.0,1.0,1.0,0.0,5.0,1.0,1.0,1.0,0.0,5.0,1.0,1.0,1.0,0.0,5.0,1.0,1.0,1.0,0.0,5.0,1.0,1.0,1.0,0.0,5.0,"[0, 1, 2, 3, 4]","[0, 1, 2, 3, 4, 38]","[0, 1, 2, 3, 4]","[0, 1, 2, 3, 4]","[0, 1, 2, 3, 4]","[0, 1, 2, 3, 4]","[0, 1, 2, 3, 4]",complete,
cc1,continuous,500,50,1.0,47,2891028730,beta_low,beta,20,0.95,1.0,2.0,0.625,1.0,0.7692307692307693,0.0,8.0,1.0,0.8,0.888888888888889,1.0,4.0,1.0,1.0,1.0,0.0,5.0,1.0,1.0,1.0,0.0,5.0,1.0,0.6,0.7499999999999999,1.0,3.0,1.0,1.0,1.0,0.0,5.0,"[0, 1, 2, 3, 4]","[0, 1, 2, 3, 4, 25, 28, 33]","[0, 1, 3, 4]","[0, 1, 2, 3, 4]","[0, 1, 2, 3, 4]","[0, 1, 3]","[0, 1, 2, 3, 4]",complete,
cc1,continuous,500,50,1.0,47,2891028730,beta_high,beta,20,0.95,3.0,2.0,0.625,1.0,0.7692307692307693,0.0,8.0,1.0,0.6,0.7499999999999999,1.0,3.0,0.8333333333333334,1.0,0.9090909090909091,0.0,6.0,1.0,1.0,1.0,0.0,5.0,1.0,0.6,0.7499999999999999,1.0,3.0,1.0,1.0,1.0,0.0,5.0,"[0, 1, 2, 3, 4]","[0, 1, 2, 3, 4, 7, 25, 38]","[1, 3, 4]","[0, 1, 2, 3, 4, 25]","[0, 1, 2, 3, 4]","[0, 1, 3]","[0, 1, 2, 3, 4]",complete,
cc1,continuous,500,50,1.0,47,2891028730,k_low,k,20,0.95,2.0,1.0,0.7142857142857143,1.0,0.8333333333333333,0.0,7.0,1.0,0.6,0.7499999999999999,1.0,3.0,1.0,1.0,1.0,0.0,5.0,1.0,1.0,1.0,0.0,5.0,1.0,0.6,0.7499999999999999,1.0,3.0,1.0,1.0,1.0,0.0,5.0,"[0, 1, 2, 3, 4]","[0, 1, 2, 3, 4, 25, 38]","[0, 1, 3]","[0, 1, 2, 3, 4]","[0, 1, 2, 3, 4]","[0, 1, 3]","[0, 1, 2, 3, 4]",complete,
cc1,continuous,500,50,1.0,47,2891028730,k_high,k,20,0.95,2.0,3.0,0.625,1.0,0.7692307692307693,0.0,8.0,1.0,0.6,0.7499999999999999,1.0,3.0,0.6666666666666666,0.8,0.7272727272727272,1.0,6.0,1.0,1.0,1.0,0.0,5.0,1.0,0.6,0.7499999999999999,1.0,3.0,1.0,0.8,0.888888888888889,1.0,4.0,"[0, 1, 2, 3, 4]","[0, 1, 2, 3, 4, 25, 31, 38]","[0, 1, 3]","[0, 1, 2, 3, 25, 38]","[0, 1, 2, 3, 4]","[0, 1, 3]","[0, 1, 2, 3]",complete,
cc1,continuous,500,50,1.0,48,3487536076,reference,reference,20,0.95,2.0,2.0,0.8333333333333334,1.0,0.9090909090909091,0.0,6.0,1.0,1.0,1.0,0.0,5.0,0.8333333333333334,1.0,0.9090909090909091,0.0,6.0,1.0,1.0,1.0,0.0,5.0,1.0,0.6,0.7499999999999999,1.0,3.0,1.0,0.8,0.888888888888889,1.0,4.0,"[0, 1, 2, 3, 4]","[0, 1, 2, 3, 4, 17]","[0, 1, 2, 3, 4]","[0, 1, 2, 3, 4, 17]","[0, 1, 2, 3, 4]","[0, 1, 3]","[0, 1, 2, 3]",complete,
cc1,continuous,500,50,1.0,48,3487536076,m_low,m,10,0.95,2.0,2.0,0.5555555555555556,1.0,0.7142857142857143,0.0,9.0,1.0,0.6,0.7499999999999999,1.0,3.0,1.0,1.0,1.0,0.0,5.0,1.0,1.0,1.0,0.0,5.0,1.0,0.6,0.7499999999999999,1.0,3.0,1.0,1.0,1.0,0.0,5.0,"[0, 1, 2, 3, 4]","[0, 1, 2, 3, 4, 17, 18, 23, 28]","[1, 2, 4]","[0, 1, 2, 3, 4]","[0, 1, 2, 3, 4]","[0, 1, 3]","[0, 1, 2, 3, 4]",complete,
cc1,continuous,500,50,1.0,48,3487536076,m_high,m,50,0.95,2.0,2.0,0.8333333333333334,1.0,0.9090909090909091,0.0,6.0,1.0,1.0,1.0,0.0,5.0,1.0,1.0,1.0,0.0,5.0,1.0,1.0,1.0,0.0,5.0,1.0,0.6,0.7499999999999999,1.0,3.0,1.0,1.0,1.0,0.0,5.0,"[0, 1, 2, 3, 4]","[0, 1, 2, 3, 4, 17]","[0, 1, 2, 3, 4]","[0, 1, 2, 3, 4]","[0, 1, 2, 3, 4]","[0, 1, 3]","[0, 1, 2, 3, 4]",complete,
cc1,continuous,500,50,1.0,48,3487536076,beta_low,beta,20,0.95,1.0,2.0,0.8333333333333334,1.0,0.9090909090909091,0.0,6.0,1.0,1.0,1.0,0.0,5.0,0.8333333333333334,1.0,0.9090909090909091,0.0,6.0,1.0,1.0,1.0,0.0,5.0,1.0,0.6,0.7499999999999999,1.0,3.0,1.0,1.0,1.0,0.0,5.0,"[0, 1, 2, 3, 4]","[0, 1, 2, 3, 4, 40]","[0, 1, 2, 3, 4]","[0, 1, 2, 3, 4, 40]","[0, 1, 2, 3, 4]","[0, 1, 3]","[0, 1, 2, 3, 4]",complete,
cc1,continuous,500,50,1.0,48,3487536076,beta_high,beta,20,0.95,3.0,2.0,0.625,1.0,0.7692307692307693,0.0,8.0,1.0,0.6,0.7499999999999999,1.0,3.0,0.625,1.0,0.7692307692307693,0.0,8.0,1.0,1.0,1.0,0.0,5.0,1.0,0.6,0.7499999999999999,1.0,3.0,1.0,1.0,1.0,0.0,5.0,"[0, 1, 2, 3, 4]","[0, 1, 2, 3, 4, 6, 17, 18]","[0, 1, 3]","[0, 1, 2, 3, 4, 6, 17, 18]","[0, 1, 2, 3, 4]","[0, 1, 3]","[0, 1, 2, 3, 4]",complete,
cc1,continuous,500,50,1.0,48,3487536076,k_low,k,20,0.95,2.0,1.0,0.8333333333333334,1.0,0.9090909090909091,0.0,6.0,1.0,1.0,1.0,0.0,5.0,0.8333333333333334,1.0,0.9090909090909091,0.0,6.0,1.0,1.0,1.0,0.0,5.0,1.0,0.4,0.5714285714285715,1.0,2.0,1.0,0.8,0.888888888888889,1.0,4.0,"[0, 1, 2, 3, 4]","[0, 1, 2, 3, 4, 17]","[0, 1, 2, 3, 4]","[0, 1, 2, 3, 4, 17]","[0, 1, 2, 3, 4]","[0, 3]","[0, 1, 2, 3]",complete,
cc1,continuous,500,50,1.0,48,3487536076,k_high,k,20,0.95,2.0,3.0,0.5555555555555556,1.0,0.7142857142857143,0.0,9.0,1.0,0.4,0.5714285714285715,1.0,2.0,0.8333333333333334,1.0,0.9090909090909091,0.0,6.0,1.0,1.0,1.0,0.0,5.0,1.0,0.4,0.5714285714285715,1.0,2.0,1.0,0.8,0.888888888888889,1.0,4.0,"[0, 1, 2, 3, 4]","[0, 1, 2, 3, 4, 6, 17, 18, 23]","[0, 3]","[0, 1, 2, 3, 4, 17]","[0, 1, 2, 3, 4]","[0, 3]","[0, 1, 3, 4]",complete,
cc1,continuous,500,50,1.0,49,2242171306,reference,reference,20,0.95,2.0,2.0,0.8,0.8,0.8000000000000002,1.0,5.0,1.0,0.6,0.7499999999999999,1.0,3.0,1.0,0.8,0.888888888888889,1.0,4.0,1.0,0.8,0.888888888888889,1.0,4.0,1.0,0.6,0.7499999999999999,1.0,3.0,1.0,0.8,0.888888888888889,1.0,4.0,"[0, 1, 2, 3, 4]","[0, 1, 3, 4, 45]","[0, 1, 3]","[0, 1, 3, 4]","[0, 1, 3, 4]","[0, 1, 3]","[0, 1, 3, 4]",complete,
cc1,continuous,500,50,1.0,49,2242171306,m_low,m,10,0.95,2.0,2.0,1.0,0.8,0.888888888888889,1.0,4.0,1.0,0.8,0.888888888888889,1.0,4.0,1.0,0.8,0.888888888888889,1.0,4.0,1.0,0.8,0.888888888888889,1.0,4.0,1.0,0.8,0.888888888888889,1.0,4.0,1.0,0.8,0.888888888888889,1.0,4.0,"[0, 1, 2, 3, 4]","[0, 1, 3, 4]","[0, 1, 3, 4]","[0, 1, 3, 4]","[0, 1, 3, 4]","[0, 1, 3, 4]","[0, 1, 3, 4]",complete,
cc1,continuous,500,50,1.0,49,2242171306,m_high,m,50,0.95,2.0,2.0,1.0,1.0,1.0,0.0,5.0,1.0,1.0,1.0,0.0,5.0,1.0,1.0,1.0,0.0,5.0,1.0,1.0,1.0,0.0,5.0,1.0,0.8,0.888888888888889,1.0,4.0,1.0,1.0,1.0,0.0,5.0,"[0, 1, 2, 3, 4]","[0, 1, 2, 3, 4]","[0, 1, 2, 3, 4]","[0, 1, 2, 3, 4]","[0, 1, 2, 3, 4]","[0, 1, 3, 4]","[0, 1, 2, 3, 4]",complete,
cc1,continuous,500,50,1.0,49,2242171306,beta_low,beta,20,0.95,1.0,2.0,0.8,0.8,0.8000000000000002,1.0,5.0,1.0,0.6,0.7499999999999999,1.0,3.0,1.0,0.6,0.7499999999999999,1.0,3.0,1.0,0.8,0.888888888888889,1.0,4.0,1.0,0.8,0.888888888888889,1.0,4.0,1.0,0.8,0.888888888888889,1.0,4.0,"[0, 1, 2, 3, 4]","[0, 1, 3, 4, 25]","[0, 3, 4]","[0, 3, 4]","[0, 1, 3, 4]","[0, 1, 3, 4]","[0, 1, 3, 4]",complete,
cc1,continuous,500,50,1.0,49,2242171306,beta_high,beta,20,0.95,3.0,2.0,0.7142857142857143,1.0,0.8333333333333333,0.0,7.0,1.0,0.6,0.7499999999999999,1.0,3.0,1.0,0.6,0.7499999999999999,1.0,3.0,1.0,0.8,0.888888888888889,1.0,4.0,1.0,0.6,0.7499999999999999,1.0,3.0,1.0,0.8,0.888888888888889,1.0,4.0,"[0, 1, 2, 3, 4]","[0, 1, 2, 3, 4, 35, 40]","[1, 3, 4]","[0, 3, 4]","[0, 1, 3, 4]","[0, 1, 3]","[0, 1, 3, 4]",complete,
cc1,continuous,500,50,1.0,49,2242171306,k_low,k,20,0.95,2.0,1.0,0.8,0.8,0.8000000000000002,1.0,5.0,1.0,0.8,0.888888888888889,1.0,4.0,1.0,0.8,0.888888888888889,1.0,4.0,1.0,0.8,0.888888888888889,1.0,4.0,1.0,0.6,0.7499999999999999,1.0,3.0,1.0,0.8,0.888888888888889,1.0,4.0,"[0, 1, 2, 3, 4]","[0, 1, 3, 4, 35]","[0, 1, 3, 4]","[0, 1, 3, 4]","[0, 1, 3, 4]","[0, 1, 3]","[0, 1, 3, 4]",complete,
cc1,continuous,500,50,1.0,49,2242171306,k_high,k,20,0.95,2.0,3.0,0.8,0.8,0.8000000000000002,1.0,5.0,1.0,0.8,0.888888888888889,1.0,4.0,1.0,0.8,0.888888888888889,1.0,4.0,1.0,0.8,0.888888888888889,1.0,4.0,1.0,0.6,0.7499999999999999,1.0,3.0,1.0,0.8,0.888888888888889,1.0,4.0,"[0, 1, 2, 3, 4]","[0, 1, 3, 4, 35]","[0, 1, 3, 4]","[0, 1, 3, 4]","[0, 1, 3, 4]","[0, 1, 3]","[0, 1, 3, 4]",complete,
