scenario,model_key,n,p,s2,repeat,seed,config_id,varied_parameter,m,alpha,beta,k,precision_raw_local,recall_raw_local,f1_raw_local,r_miss_raw_local,n_selected_raw_local,precision_raw_global_max,recall_raw_global_max,f1_raw_global_max,r_miss_raw_global_max,n_selected_raw_global_max,precision_raw_global_se,recall_raw_global_se,f1_raw_global_se,r_miss_raw_global_se,n_selected_raw_global_se,precision_logml_local,recall_logml_local,f1_logml_local,r_miss_logml_local,n_selected_logml_local,precision_logml_global_max,recall_logml_global_max,f1_logml_global_max,r_miss_logml_global_max,n_selected_logml_global_max,precision_logml_global_se,recall_logml_global_se,f1_logml_global_se,r_miss_logml_global_se,n_selected_logml_global_se,true_variables,selected_raw_local,selected_raw_global_max,selected_raw_global_se,selected_logml_local,selected_logml_global_max,selected_logml_global_se,status,error
cm2,continuous,500,50,10.0,0,1634325578,reference,reference,20,0.95,2.0,2.0,0.6,0.5,0.5454545454545454,1.0,5.0,0.0,0.0,0.0,1.0,0.0,1.0,0.5,0.6666666666666666,1.0,3.0,0.7142857142857143,0.8333333333333334,0.7692307692307692,1.0,7.0,1.0,0.16666666666666666,0.2857142857142857,1.0,1.0,0.8333333333333334,0.8333333333333334,0.8333333333333334,1.0,6.0,"[0, 20, 40, 41, 42, 43]","[2, 13, 41, 42, 43]",[],"[41, 42, 43]","[0, 20, 23, 41, 42, 43, 83]",[42],"[0, 20, 41, 42, 43, 83]",complete,
cm2,continuous,500,50,10.0,0,1634325578,m_low,m,10,0.95,2.0,2.0,0.3,0.5,0.37499999999999994,1.0,10.0,0.0,0.0,0.0,1.0,0.0,0.3333333333333333,0.3333333333333333,0.3333333333333333,1.0,6.0,0.5,0.8333333333333334,0.625,1.0,10.0,0.0,0.0,0.0,1.0,0.0,0.7142857142857143,0.8333333333333334,0.7692307692307692,1.0,7.0,"[0, 20, 40, 41, 42, 43]","[3, 36, 38, 41, 42, 43, 44, 73, 81, 83]",[],"[3, 36, 38, 41, 43, 83]","[0, 14, 20, 23, 41, 42, 43, 44, 81, 83]",[],"[0, 20, 23, 41, 42, 43, 83]",complete,
cm2,continuous,500,50,10.0,0,1634325578,m_high,m,50,0.95,2.0,2.0,0.23076923076923078,0.5,0.3157894736842105,1.0,13.0,1.0,0.16666666666666666,0.2857142857142857,1.0,1.0,0.75,0.5,0.6,1.0,4.0,0.625,0.8333333333333334,0.7142857142857143,1.0,8.0,1.0,0.3333333333333333,0.5,1.0,2.0,0.6666666666666666,0.6666666666666666,0.6666666666666666,1.0,6.0,"[0, 20, 40, 41, 42, 43]","[4, 6, 7, 10, 15, 21, 24, 32, 41, 42, 43, 64, 75]",[42],"[41, 42, 43, 75]","[0, 20, 21, 41, 42, 43, 64, 83]","[41, 42]","[0, 41, 42, 43, 64, 83]",complete,
cm2,continuous,500,50,10.0,0,1634325578,beta_low,beta,20,0.95,1.0,2.0,0.375,0.5,0.42857142857142855,1.0,8.0,1.0,0.16666666666666666,0.2857142857142857,1.0,1.0,0.5,0.3333333333333333,0.4,1.0,4.0,0.625,0.8333333333333334,0.7142857142857143,1.0,8.0,1.0,0.3333333333333333,0.5,1.0,2.0,1.0,0.6666666666666666,0.8,1.0,4.0,"[0, 20, 40, 41, 42, 43]","[9, 25, 31, 41, 42, 43, 44, 80]",[42],"[9, 31, 42, 43]","[0, 14, 20, 31, 41, 42, 43, 64]","[42, 43]","[0, 41, 42, 43]",complete,
cm2,continuous,500,50,10.0,0,1634325578,beta_high,beta,20,0.95,3.0,2.0,0.3076923076923077,0.6666666666666666,0.42105263157894735,1.0,13.0,0.0,0.0,0.0,1.0,0.0,0.42857142857142855,0.5,0.4615384615384615,1.0,7.0,0.625,0.8333333333333334,0.7142857142857143,1.0,8.0,1.0,0.5,0.6666666666666666,1.0,3.0,0.7142857142857143,0.8333333333333334,0.7692307692307692,1.0,7.0,"[0, 20, 40, 41, 42, 43]","[10, 17, 27, 40, 41, 42, 43, 44, 53, 61, 64, 75, 83]",[],"[10, 27, 41, 42, 43, 53, 83]","[0, 20, 23, 41, 42, 43, 64, 83]","[41, 42, 43]","[0, 20, 41, 42, 43, 64, 83]",complete,
cm2,continuous,500,50,10.0,0,1634325578,k_low,k,20,0.95,2.0,1.0,0.375,0.5,0.42857142857142855,1.0,8.0,0.0,0.0,0.0,1.0,0.0,0.5,0.5,0.5,1.0,6.0,0.625,0.8333333333333334,0.7142857142857143,1.0,8.0,1.0,0.5,0.6666666666666666,1.0,3.0,0.8,0.6666666666666666,0.7272727272727272,1.0,5.0,"[0, 20, 40, 41, 42, 43]","[2, 5, 7, 33, 41, 42, 43, 83]",[],"[5, 7, 41, 42, 43, 83]","[0, 7, 20, 26, 41, 42, 43, 83]","[0, 41, 42]","[0, 41, 42, 43, 83]",complete,
cm2,continuous,500,50,10.0,0,1634325578,k_high,k,20,0.95,2.0,3.0,0.25,0.5,0.3333333333333333,1.0,12.0,0.0,0.0,0.0,1.0,0.0,0.375,0.5,0.42857142857142855,1.0,8.0,0.625,0.8333333333333334,0.7142857142857143,1.0,8.0,1.0,0.16666666666666666,0.2857142857142857,1.0,1.0,0.6666666666666666,0.6666666666666666,0.6666666666666666,1.0,6.0,"[0, 20, 40, 41, 42, 43]","[3, 4, 17, 22, 26, 27, 28, 41, 42, 43, 73, 75]",[],"[3, 4, 17, 22, 41, 42, 43, 75]","[0, 4, 20, 41, 42, 43, 75, 83]",[42],"[0, 4, 41, 42, 43, 83]",complete,
cm2,continuous,500,50,10.0,1,2178576497,reference,reference,20,0.95,2.0,2.0,0.15384615384615385,0.3333333333333333,0.21052631578947367,1.0,13.0,0.0,0.0,0.0,1.0,0.0,0.4,0.3333333333333333,0.3636363636363636,1.0,5.0,0.42857142857142855,0.5,0.4615384615384615,1.0,7.0,1.0,0.3333333333333333,0.5,1.0,2.0,0.75,0.5,0.6,1.0,4.0,"[0, 20, 40, 41, 42, 43]","[8, 19, 21, 23, 27, 31, 33, 39, 42, 43, 68, 72, 76]",[],"[19, 33, 42, 43, 72]","[2, 8, 20, 42, 43, 68, 76]","[42, 43]","[20, 42, 43, 68]",complete,
cm2,continuous,500,50,10.0,1,2178576497,m_low,m,10,0.95,2.0,2.0,0.2222222222222222,0.3333333333333333,0.26666666666666666,1.0,9.0,0.0,0.0,0.0,1.0,0.0,0.6666666666666666,0.3333333333333333,0.4444444444444444,1.0,3.0,0.3,0.5,0.37499999999999994,1.0,10.0,1.0,0.3333333333333333,0.5,1.0,2.0,0.42857142857142855,0.5,0.4615384615384615,1.0,7.0,"[0, 20, 40, 41, 42, 43]","[13, 18, 28, 33, 42, 43, 53, 68, 80]",[],"[42, 43, 68]","[2, 3, 20, 36, 42, 43, 46, 54, 68, 76]","[42, 43]","[3, 20, 36, 42, 43, 46, 68]",complete,
cm2,continuous,500,50,10.0,1,2178576497,m_high,m,50,0.95,2.0,2.0,0.2,0.5,0.28571428571428575,1.0,15.0,1.0,0.3333333333333333,0.5,1.0,2.0,0.6666666666666666,0.3333333333333333,0.4444444444444444,1.0,3.0,0.42857142857142855,0.5,0.4615384615384615,1.0,7.0,1.0,0.3333333333333333,0.5,1.0,2.0,0.75,0.5,0.6,1.0,4.0,"[0, 20, 40, 41, 42, 43]","[0, 11, 12, 13, 14, 17, 21, 22, 35, 38, 42, 43, 71, 79, 83]","[42, 43]","[42, 43, 83]","[3, 20, 22, 38, 42, 43, 79]","[42, 43]","[20, 22, 42, 43]",complete,
cm2,continuous,500,50,10.0,1,2178576497,beta_low,beta,20,0.95,1.0,2.0,0.4,0.3333333333333333,0.3636363636363636,1.0,5.0,0.0,0.0,0.0,1.0,0.0,1.0,0.16666666666666666,0.2857142857142857,1.0,1.0,0.42857142857142855,0.5,0.4615384615384615,1.0,7.0,1.0,0.3333333333333333,0.5,1.0,2.0,0.75,0.5,0.6,1.0,4.0,"[0, 20, 40, 41, 42, 43]","[38, 42, 43, 76, 80]",[],[42],"[3, 20, 38, 42, 43, 68, 70]","[42, 43]","[20, 42, 43, 70]",complete,
cm2,continuous,500,50,10.0,1,2178576497,beta_high,beta,20,0.95,3.0,2.0,0.2,0.3333333333333333,0.25,1.0,10.0,0.0,0.0,0.0,1.0,0.0,0.6666666666666666,0.3333333333333333,0.4444444444444444,1.0,3.0,0.3333333333333333,0.5,0.4,1.0,9.0,1.0,0.3333333333333333,0.5,1.0,2.0,0.5,0.5,0.5,1.0,6.0,"[0, 20, 40, 41, 42, 43]","[10, 21, 28, 31, 42, 43, 68, 70, 76, 79]",[],"[28, 42, 43]","[3, 8, 20, 28, 30, 42, 43, 68, 76]","[42, 43]","[3, 20, 30, 42, 43, 68]",complete,
cm2,continuous,500,50,10.0,1,2178576497,k_low,k,20,0.95,2.0,1.0,0.4,0.6666666666666666,0.5,1.0,10.0,0.0,0.0,0.0,1.0,0.0,0.6666666666666666,0.3333333333333333,0.4444444444444444,1.0,3.0,0.3333333333333333,0.5,0.4,1.0,9.0,1.0,0.3333333333333333,0.5,1.0,2.0,0.6,0.5,0.5454545454545454,1.0,5.0,"[0, 20, 40, 41, 42, 43]","[3, 13, 25, 27, 33, 40, 41, 42, 43, 76]",[],"[25, 42, 43]","[3, 20, 30, 42, 43, 52, 54, 68, 76]","[42, 43]","[3, 20, 30, 42, 43]",complete,
cm2,continuous,500,50,10.0,1,2178576497,k_high,k,20,0.95,2.0,3.0,0.2222222222222222,0.3333333333333333,0.26666666666666666,1.0,9.0,0.0,0.0,0.0,1.0,0.0,0.6666666666666666,0.3333333333333333,0.4444444444444444,1.0,3.0,0.42857142857142855,0.5,0.4615384615384615,1.0,7.0,1.0,0.3333333333333333,0.5,1.0,2.0,0.6,0.5,0.5454545454545454,1.0,5.0,"[0, 20, 40, 41, 42, 43]","[6, 7, 11, 42, 43, 54, 68, 70, 80]",[],"[42, 43, 68]","[3, 20, 42, 43, 54, 68, 76]","[42, 43]","[3, 20, 42, 43, 68]",complete,
cm2,continuous,500,50,10.0,2,1032191484,reference,reference,20,0.95,2.0,2.0,0.3333333333333333,0.5,0.4,1.0,9.0,0.0,0.0,0.0,1.0,0.0,0.5,0.16666666666666666,0.25,1.0,2.0,0.5714285714285714,0.6666666666666666,0.6153846153846153,1.0,7.0,1.0,0.3333333333333333,0.5,1.0,2.0,0.6,0.5,0.5454545454545454,1.0,5.0,"[0, 20, 40, 41, 42, 43]","[7, 17, 41, 42, 43, 47, 55, 59, 67]",[],"[42, 59]","[0, 12, 41, 42, 43, 47, 67]","[0, 42]","[0, 12, 42, 43, 47]",complete,
cm2,continuous,500,50,10.0,2,1032191484,m_low,m,10,0.95,2.0,2.0,0.25,0.5,0.3333333333333333,1.0,12.0,0.0,0.0,0.0,1.0,0.0,0.3333333333333333,0.16666666666666666,0.2222222222222222,1.0,3.0,0.375,0.5,0.42857142857142855,1.0,8.0,1.0,0.16666666666666666,0.2857142857142857,1.0,1.0,0.6,0.5,0.5454545454545454,1.0,5.0,"[0, 20, 40, 41, 42, 43]","[38, 40, 42, 43, 47, 61, 64, 67, 70, 74, 78, 82]",[],"[42, 78, 82]","[0, 12, 38, 42, 43, 46, 67, 70]",[42],"[0, 12, 38, 42, 43]",complete,
cm2,continuous,500,50,10.0,2,1032191484,m_high,m,50,0.95,2.0,2.0,0.3333333333333333,0.6666666666666666,0.4444444444444444,1.0,12.0,1.0,0.16666666666666666,0.2857142857142857,1.0,1.0,0.5,0.5,0.5,1.0,6.0,0.5,0.6666666666666666,0.5714285714285715,1.0,8.0,1.0,0.3333333333333333,0.5,1.0,2.0,0.6,0.5,0.5454545454545454,1.0,5.0,"[0, 20, 40, 41, 42, 43]","[6, 23, 25, 33, 40, 41, 42, 43, 53, 65, 69, 70]",[42],"[6, 25, 41, 42, 43, 69]","[0, 6, 12, 41, 42, 43, 67, 69]","[0, 42]","[0, 12, 42, 43, 69]",complete,
cm2,continuous,500,50,10.0,2,1032191484,beta_low,beta,20,0.95,1.0,2.0,0.14285714285714285,0.16666666666666666,0.15384615384615383,1.0,7.0,1.0,0.16666666666666666,0.2857142857142857,1.0,1.0,0.5,0.16666666666666666,0.25,1.0,2.0,0.6666666666666666,0.3333333333333333,0.4444444444444444,1.0,3.0,1.0,0.3333333333333333,0.5,1.0,2.0,0.6666666666666666,0.3333333333333333,0.4444444444444444,1.0,3.0,"[0, 20, 40, 41, 42, 43]","[2, 5, 14, 31, 42, 53, 69]",[42],"[42, 53]","[0, 12, 42]","[0, 42]","[0, 12, 42]",complete,
cm2,continuous,500,50,10.0,2,1032191484,beta_high,beta,20,0.95,3.0,2.0,0.21428571428571427,0.5,0.3,1.0,14.0,0.0,0.0,0.0,1.0,0.0,0.25,0.16666666666666666,0.2,1.0,4.0,0.5,0.6666666666666666,0.5714285714285715,1.0,8.0,1.0,0.16666666666666666,0.2857142857142857,1.0,1.0,0.5,0.3333333333333333,0.4,1.0,4.0,"[0, 20, 40, 41, 42, 43]","[2, 21, 24, 35, 37, 40, 42, 43, 48, 54, 55, 65, 67, 69]",[],"[35, 42, 54, 67]","[0, 6, 12, 41, 42, 43, 53, 67]",[42],"[12, 41, 42, 67]",complete,
cm2,continuous,500,50,10.0,2,1032191484,k_low,k,20,0.95,2.0,1.0,0.23076923076923078,0.5,0.3157894736842105,1.0,13.0,0.0,0.0,0.0,1.0,0.0,0.6,0.5,0.5454545454545454,1.0,5.0,0.4444444444444444,0.6666666666666666,0.5333333333333333,1.0,9.0,1.0,0.16666666666666666,0.2857142857142857,1.0,1.0,0.6,0.5,0.5454545454545454,1.0,5.0,"[0, 20, 40, 41, 42, 43]","[11, 17, 34, 39, 41, 42, 43, 47, 57, 61, 65, 66, 67]",[],"[34, 41, 42, 43, 67]","[0, 6, 12, 18, 39, 41, 42, 43, 67]",[42],"[0, 6, 42, 43, 67]",complete,
cm2,continuous,500,50,10.0,2,1032191484,k_high,k,20,0.95,2.0,3.0,0.25,0.3333333333333333,0.28571428571428575,1.0,8.0,1.0,0.16666666666666666,0.2857142857142857,1.0,1.0,0.3333333333333333,0.16666666666666666,0.2222222222222222,1.0,3.0,0.5,0.6666666666666666,0.5714285714285715,1.0,8.0,1.0,0.16666666666666666,0.2857142857142857,1.0,1.0,0.6666666666666666,0.6666666666666666,0.6666666666666666,1.0,6.0,"[0, 20, 40, 41, 42, 43]","[30, 37, 42, 43, 59, 62, 67, 69]",[42],"[30, 42, 59]","[0, 7, 12, 30, 41, 42, 43, 67]",[42],"[0, 12, 30, 41, 42, 43]",complete,
cm2,continuous,500,50,10.0,3,1275032954,reference,reference,20,0.95,2.0,2.0,0.2,0.3333333333333333,0.25,1.0,10.0,1.0,0.16666666666666666,0.2857142857142857,1.0,1.0,0.25,0.16666666666666666,0.2,1.0,4.0,0.2222222222222222,0.3333333333333333,0.26666666666666666,1.0,9.0,0.5,0.16666666666666666,0.25,1.0,2.0,0.5,0.3333333333333333,0.4,1.0,4.0,"[0, 20, 40, 41, 42, 43]","[1, 19, 25, 42, 43, 48, 50, 53, 66, 74]",[42],"[25, 42, 66, 74]","[21, 25, 30, 37, 42, 43, 50, 66, 74]","[42, 66]","[25, 42, 43, 66]",complete,
cm2,continuous,500,50,10.0,3,1275032954,m_low,m,10,0.95,2.0,2.0,0.3,0.5,0.37499999999999994,1.0,10.0,0.0,0.0,0.0,1.0,0.0,0.0,0.0,0.0,1.0,2.0,0.3333333333333333,0.5,0.4,1.0,9.0,0.5,0.16666666666666666,0.25,1.0,2.0,0.3333333333333333,0.3333333333333333,0.3333333333333333,1.0,6.0,"[0, 20, 40, 41, 42, 43]","[0, 7, 27, 32, 39, 42, 43, 49, 66, 70]",[],"[39, 66]","[0, 21, 25, 31, 37, 42, 43, 50, 66]","[42, 66]","[0, 21, 31, 43, 50, 66]",complete,
cm2,continuous,500,50,10.0,3,1275032954,m_high,m,50,0.95,2.0,2.0,0.2222222222222222,0.3333333333333333,0.26666666666666666,1.0,9.0,1.0,0.16666666666666666,0.2857142857142857,1.0,1.0,0.3333333333333333,0.3333333333333333,0.3333333333333333,1.0,6.0,0.2857142857142857,0.3333333333333333,0.30769230769230765,1.0,7.0,0.5,0.16666666666666666,0.25,1.0,2.0,0.3333333333333333,0.3333333333333333,0.3333333333333333,1.0,6.0,"[0, 20, 40, 41, 42, 43]","[16, 18, 24, 27, 32, 42, 43, 62, 66]",[42],"[24, 27, 42, 43, 62, 66]","[30, 37, 42, 43, 48, 62, 66]","[42, 66]","[37, 42, 43, 48, 62, 66]",complete,
cm2,continuous,500,50,10.0,3,1275032954,beta_low,beta,20,0.95,1.0,2.0,0.2222222222222222,0.3333333333333333,0.26666666666666666,1.0,9.0,1.0,0.16666666666666666,0.2857142857142857,1.0,1.0,0.5,0.16666666666666666,0.25,1.0,2.0,0.125,0.16666666666666666,0.14285714285714288,1.0,8.0,1.0,0.16666666666666666,0.2857142857142857,1.0,1.0,0.16666666666666666,0.16666666666666666,0.16666666666666666,1.0,6.0,"[0, 20, 40, 41, 42, 43]","[16, 19, 31, 41, 42, 44, 48, 54, 66]",[42],"[42, 66]","[21, 31, 37, 42, 48, 63, 66, 72]",[42],"[21, 31, 37, 42, 48, 66]",complete,
cm2,continuous,500,50,10.0,3,1275032954,beta_high,beta,20,0.95,3.0,2.0,0.3333333333333333,0.5,0.4,1.0,9.0,0.0,0.0,0.0,1.0,0.0,0.3333333333333333,0.3333333333333333,0.3333333333333333,1.0,6.0,0.3,0.5,0.37499999999999994,1.0,10.0,0.5,0.16666666666666666,0.25,1.0,2.0,0.3333333333333333,0.3333333333333333,0.3333333333333333,1.0,6.0,"[0, 20, 40, 41, 42, 43]","[26, 38, 41, 42, 43, 50, 62, 66, 70]",[],"[26, 38, 41, 42, 62, 66]","[0, 6, 25, 30, 31, 37, 42, 43, 50, 66]","[42, 66]","[0, 6, 31, 37, 42, 66]",complete,
cm2,continuous,500,50,10.0,3,1275032954,k_low,k,20,0.95,2.0,1.0,0.4444444444444444,0.6666666666666666,0.5333333333333333,1.0,9.0,1.0,0.16666666666666666,0.2857142857142857,1.0,1.0,0.4,0.3333333333333333,0.3636363636363636,1.0,5.0,0.4444444444444444,0.6666666666666666,0.5333333333333333,1.0,9.0,0.5,0.16666666666666666,0.25,1.0,2.0,0.6,0.5,0.5454545454545454,1.0,5.0,"[0, 20, 40, 41, 42, 43]","[0, 1, 9, 41, 42, 43, 62, 66, 71]",[42],"[42, 43, 62, 66, 71]","[0, 12, 19, 21, 30, 41, 42, 43, 66]","[42, 66]","[0, 12, 42, 43, 66]",complete,
cm2,continuous,500,50,10.0,3,1275032954,k_high,k,20,0.95,2.0,3.0,0.4444444444444444,0.6666666666666666,0.5333333333333333,1.0,9.0,1.0,0.16666666666666666,0.2857142857142857,1.0,1.0,0.75,0.5,0.6,1.0,4.0,0.5,0.5,0.5,1.0,6.0,0.5,0.16666666666666666,0.25,1.0,2.0,0.4,0.3333333333333333,0.3636363636363636,1.0,5.0,"[0, 20, 40, 41, 42, 43]","[4, 14, 40, 41, 42, 43, 45, 49, 66]",[42],"[40, 42, 43, 66]","[0, 21, 37, 42, 43, 66]","[42, 66]","[21, 37, 42, 43, 66]",complete,
cm2,continuous,500,50,10.0,4,1393387271,reference,reference,20,0.95,2.0,2.0,0.42857142857142855,0.5,0.4615384615384615,1.0,7.0,1.0,0.16666666666666666,0.2857142857142857,1.0,1.0,1.0,0.5,0.6666666666666666,1.0,3.0,0.625,0.8333333333333334,0.7142857142857143,1.0,8.0,1.0,0.6666666666666666,0.8,1.0,4.0,0.6666666666666666,0.6666666666666666,0.6666666666666666,1.0,6.0,"[0, 20, 40, 41, 42, 43]","[24, 31, 41, 42, 43, 60, 80]",[42],"[41, 42, 43]","[0, 4, 8, 20, 41, 42, 43, 60]","[20, 41, 42, 43]","[4, 20, 41, 42, 43, 60]",complete,
cm2,continuous,500,50,10.0,4,1393387271,m_low,m,10,0.95,2.0,2.0,0.3,0.5,0.37499999999999994,1.0,10.0,0.0,0.0,0.0,1.0,0.0,0.42857142857142855,0.5,0.4615384615384615,1.0,7.0,0.45454545454545453,0.8333333333333334,0.5882352941176471,1.0,11.0,1.0,0.3333333333333333,0.5,1.0,2.0,0.4444444444444444,0.6666666666666666,0.5333333333333333,1.0,9.0,"[0, 20, 40, 41, 42, 43]","[28, 41, 42, 43, 44, 59, 60, 61, 78, 81]",[],"[28, 41, 42, 43, 44, 60, 81]","[0, 4, 8, 20, 37, 41, 42, 43, 44, 60, 81]","[41, 43]","[4, 8, 20, 37, 41, 42, 43, 44, 60]",complete,
cm2,continuous,500,50,10.0,4,1393387271,m_high,m,50,0.95,2.0,2.0,0.375,0.5,0.42857142857142855,1.0,8.0,1.0,0.3333333333333333,0.5,1.0,2.0,0.6666666666666666,0.3333333333333333,0.4444444444444444,1.0,3.0,0.5,0.8333333333333334,0.625,1.0,10.0,1.0,0.5,0.6666666666666666,1.0,3.0,0.5714285714285714,0.6666666666666666,0.6153846153846153,1.0,7.0,"[0, 20, 40, 41, 42, 43]","[1, 7, 26, 38, 41, 42, 43, 60]","[42, 43]","[42, 43, 60]","[0, 4, 8, 12, 20, 37, 41, 42, 43, 60]","[20, 42, 43]","[4, 20, 37, 41, 42, 43, 60]",complete,
cm2,continuous,500,50,10.0,4,1393387271,beta_low,beta,20,0.95,1.0,2.0,0.3,0.5,0.37499999999999994,1.0,10.0,0.5,0.16666666666666666,0.25,1.0,2.0,0.6666666666666666,0.3333333333333333,0.4444444444444444,1.0,3.0,0.4444444444444444,0.6666666666666666,0.5333333333333333,1.0,9.0,1.0,0.5,0.6666666666666666,1.0,3.0,0.5,0.6666666666666666,0.5714285714285715,1.0,8.0,"[0, 20, 40, 41, 42, 43]","[4, 21, 27, 32, 41, 42, 43, 59, 60, 77]","[32, 43]","[32, 41, 43]","[4, 6, 12, 20, 37, 41, 42, 43, 60]","[20, 42, 43]","[4, 12, 20, 37, 41, 42, 43, 60]",complete,
cm2,continuous,500,50,10.0,4,1393387271,beta_high,beta,20,0.95,3.0,2.0,0.2727272727272727,0.5,0.3529411764705882,1.0,11.0,0.0,0.0,0.0,1.0,0.0,0.75,0.5,0.6,1.0,4.0,0.5,0.8333333333333334,0.625,1.0,10.0,1.0,0.5,0.6666666666666666,1.0,3.0,0.5,0.6666666666666666,0.5714285714285715,1.0,8.0,"[0, 20, 40, 41, 42, 43]","[6, 14, 18, 41, 42, 43, 44, 60, 65, 66, 80]",[],"[41, 42, 43, 44]","[0, 4, 8, 20, 37, 41, 42, 43, 44, 60]","[41, 42, 43]","[4, 8, 20, 37, 41, 42, 43, 60]",complete,
cm2,continuous,500,50,10.0,4,1393387271,k_low,k,20,0.95,2.0,1.0,0.42857142857142855,0.5,0.4615384615384615,1.0,7.0,1.0,0.16666666666666666,0.2857142857142857,1.0,1.0,1.0,0.5,0.6666666666666666,1.0,3.0,0.5555555555555556,0.8333333333333334,0.6666666666666667,1.0,9.0,1.0,0.6666666666666666,0.8,1.0,4.0,0.5714285714285714,0.6666666666666666,0.6153846153846153,1.0,7.0,"[0, 20, 40, 41, 42, 43]","[6, 7, 30, 41, 42, 43, 73]",[41],"[41, 42, 43]","[0, 4, 12, 20, 30, 41, 42, 43, 60]","[20, 41, 42, 43]","[12, 20, 30, 41, 42, 43, 60]",complete,
cm2,continuous,500,50,10.0,4,1393387271,k_high,k,20,0.95,2.0,3.0,0.2727272727272727,0.5,0.3529411764705882,1.0,11.0,0.0,0.0,0.0,1.0,0.0,0.6,0.5,0.5454545454545454,1.0,5.0,0.5,0.8333333333333334,0.625,1.0,10.0,1.0,0.6666666666666666,0.8,1.0,4.0,0.7142857142857143,0.8333333333333334,0.7692307692307692,1.0,7.0,"[0, 20, 40, 41, 42, 43]","[5, 11, 15, 41, 42, 43, 45, 60, 62, 67, 80]",[],"[11, 41, 42, 43, 67]","[0, 8, 12, 20, 37, 41, 42, 43, 60, 67]","[20, 41, 42, 43]","[0, 20, 37, 41, 42, 43, 60]",complete,
cm2,continuous,500,50,10.0,5,816749953,reference,reference,20,0.95,2.0,2.0,0.2,0.3333333333333333,0.25,1.0,10.0,1.0,0.16666666666666666,0.2857142857142857,1.0,1.0,1.0,0.16666666666666666,0.2857142857142857,1.0,1.0,0.5,0.5,0.5,1.0,6.0,1.0,0.16666666666666666,0.2857142857142857,1.0,1.0,0.6,0.5,0.5454545454545454,1.0,5.0,"[0, 20, 40, 41, 42, 43]","[1, 27, 35, 37, 42, 43, 48, 52, 57, 74]",[42],[42],"[6, 20, 37, 42, 43, 57]",[42],"[20, 37, 42, 43, 57]",complete,
cm2,continuous,500,50,10.0,5,816749953,m_low,m,10,0.95,2.0,2.0,0.2222222222222222,0.3333333333333333,0.26666666666666666,1.0,9.0,0.0,0.0,0.0,1.0,0.0,1.0,0.3333333333333333,0.5,1.0,2.0,0.375,0.5,0.42857142857142855,1.0,8.0,1.0,0.16666666666666666,0.2857142857142857,1.0,1.0,0.6,0.5,0.5454545454545454,1.0,5.0,"[0, 20, 40, 41, 42, 43]","[0, 10, 12, 16, 23, 42, 56, 57, 78]",[],"[0, 42]","[6, 20, 42, 43, 57, 64, 78, 81]",[42],"[6, 20, 42, 43, 57]",complete,
cm2,continuous,500,50,10.0,5,816749953,m_high,m,50,0.95,2.0,2.0,0.2727272727272727,0.5,0.3529411764705882,1.0,11.0,1.0,0.16666666666666666,0.2857142857142857,1.0,1.0,1.0,0.3333333333333333,0.5,1.0,2.0,0.6,0.5,0.5454545454545454,1.0,5.0,1.0,0.3333333333333333,0.5,1.0,2.0,0.75,0.5,0.6,1.0,4.0,"[0, 20, 40, 41, 42, 43]","[11, 12, 20, 21, 23, 24, 30, 42, 43, 56, 64]",[42],"[42, 43]","[20, 23, 42, 43, 57]","[20, 42]","[20, 42, 43, 57]",complete,
cm2,continuous,500,50,10.0,5,816749953,beta_low,beta,20,0.95,1.0,2.0,0.25,0.5,0.3333333333333333,1.0,12.0,1.0,0.16666666666666666,0.2857142857142857,1.0,1.0,0.3333333333333333,0.16666666666666666,0.2222222222222222,1.0,3.0,0.3333333333333333,0.5,0.4,1.0,9.0,1.0,0.16666666666666666,0.2857142857142857,1.0,1.0,0.75,0.5,0.6,1.0,4.0,"[0, 20, 40, 41, 42, 43]","[0, 31, 32, 33, 38, 41, 42, 56, 57, 63, 70, 79]",[42],"[33, 42, 56]","[6, 20, 33, 42, 43, 56, 57, 69, 79]",[42],"[20, 42, 43, 79]",complete,
cm2,continuous,500,50,10.0,5,816749953,beta_high,beta,20,0.95,3.0,2.0,0.2222222222222222,0.3333333333333333,0.26666666666666666,1.0,9.0,0.0,0.0,0.0,1.0,1.0,0.3333333333333333,0.16666666666666666,0.2222222222222222,1.0,3.0,0.6,0.5,0.5454545454545454,1.0,5.0,1.0,0.16666666666666666,0.2857142857142857,1.0,1.0,0.6,0.5,0.5454545454545454,1.0,5.0,"[0, 20, 40, 41, 42, 43]","[3, 16, 39, 42, 43, 57, 60, 63, 71]",[3],"[3, 39, 42]","[6, 20, 42, 43, 57]",[42],"[6, 20, 42, 43, 57]",complete,
cm2,continuous,500,50,10.0,5,816749953,k_low,k,20,0.95,2.0,1.0,0.25,0.5,0.3333333333333333,1.0,12.0,0.0,0.0,0.0,1.0,0.0,0.3333333333333333,0.3333333333333333,0.3333333333333333,1.0,6.0,0.5,0.5,0.5,1.0,6.0,1.0,0.16666666666666666,0.2857142857142857,1.0,1.0,1.0,0.5,0.6666666666666666,1.0,3.0,"[0, 20, 40, 41, 42, 43]","[2, 4, 14, 17, 21, 26, 39, 41, 42, 43, 63, 69]",[],"[2, 14, 39, 42, 43, 63]","[6, 20, 42, 43, 57, 69]",[42],"[20, 42, 43]",complete,
cm2,continuous,500,50,10.0,5,816749953,k_high,k,20,0.95,2.0,3.0,0.2,0.3333333333333333,0.25,1.0,10.0,0.0,0.0,0.0,1.0,1.0,0.4,0.3333333333333333,0.3636363636363636,1.0,5.0,0.42857142857142855,0.5,0.4615384615384615,1.0,7.0,1.0,0.16666666666666666,0.2857142857142857,1.0,1.0,0.5,0.5,0.5,1.0,6.0,"[0, 20, 40, 41, 42, 43]","[3, 8, 29, 34, 35, 39, 42, 43, 57, 71]",[8],"[8, 34, 35, 42, 43]","[6, 20, 35, 42, 43, 57, 59]",[42],"[6, 20, 35, 42, 43, 57]",complete,
cm2,continuous,500,50,10.0,6,3737387827,reference,reference,20,0.95,2.0,2.0,0.3333333333333333,0.6666666666666666,0.4444444444444444,1.0,12.0,0.0,0.0,0.0,1.0,0.0,0.6,0.5,0.5454545454545454,1.0,5.0,0.5714285714285714,0.6666666666666666,0.6153846153846153,1.0,7.0,1.0,0.16666666666666666,0.2857142857142857,1.0,1.0,1.0,0.6666666666666666,0.8,1.0,4.0,"[0, 20, 40, 41, 42, 43]","[10, 21, 33, 40, 41, 42, 43, 46, 48, 60, 68, 80]",[],"[41, 42, 43, 60, 68]","[0, 2, 9, 20, 42, 43, 60]",[42],"[0, 20, 42, 43]",complete,
cm2,continuous,500,50,10.0,6,3737387827,m_low,m,10,0.95,2.0,2.0,0.2857142857142857,0.3333333333333333,0.30769230769230765,1.0,7.0,0.0,0.0,0.0,1.0,1.0,0.3333333333333333,0.16666666666666666,0.2222222222222222,1.0,3.0,0.3333333333333333,0.5,0.4,1.0,9.0,1.0,0.16666666666666666,0.2857142857142857,1.0,1.0,0.6,0.5,0.5454545454545454,1.0,5.0,"[0, 20, 40, 41, 42, 43]","[3, 14, 16, 42, 43, 67, 77]",[14],"[14, 43, 77]","[0, 2, 4, 9, 14, 30, 42, 43, 77]",[42],"[0, 4, 9, 42, 43]",complete,
cm2,continuous,500,50,10.0,6,3737387827,m_high,m,50,0.95,2.0,2.0,0.375,0.5,0.42857142857142855,1.0,8.0,1.0,0.16666666666666666,0.2857142857142857,1.0,1.0,0.5,0.3333333333333333,0.4,1.0,4.0,0.5714285714285714,0.6666666666666666,0.6153846153846153,1.0,7.0,1.0,0.3333333333333333,0.5,1.0,2.0,0.75,0.5,0.6,1.0,4.0,"[0, 20, 40, 41, 42, 43]","[13, 26, 32, 33, 41, 42, 43, 48]",[42],"[26, 33, 42, 43]","[0, 2, 20, 26, 42, 43, 48]","[42, 43]","[20, 26, 42, 43]",complete,
cm2,continuous,500,50,10.0,6,3737387827,beta_low,beta,20,0.95,1.0,2.0,0.25,0.3333333333333333,0.28571428571428575,1.0,8.0,0.0,0.0,0.0,1.0,1.0,0.5,0.3333333333333333,0.4,1.0,4.0,0.375,0.5,0.42857142857142855,1.0,8.0,1.0,0.3333333333333333,0.5,1.0,2.0,0.6,0.5,0.5454545454545454,1.0,5.0,"[0, 20, 40, 41, 42, 43]","[5, 7, 12, 26, 42, 43, 48, 69]",[12],"[5, 42, 43, 69]","[2, 5, 9, 12, 20, 42, 43, 48]","[20, 42]","[2, 9, 20, 42, 43]",complete,
cm2,continuous,500,50,10.0,6,3737387827,beta_high,beta,20,0.95,3.0,2.0,0.4444444444444444,0.6666666666666666,0.5333333333333333,1.0,9.0,0.0,0.0,0.0,1.0,0.0,0.5,0.3333333333333333,0.4,1.0,4.0,0.5555555555555556,0.8333333333333334,0.6666666666666667,1.0,9.0,1.0,0.16666666666666666,0.2857142857142857,1.0,1.0,0.625,0.8333333333333334,0.7142857142857143,1.0,8.0,"[0, 20, 40, 41, 42, 43]","[5, 29, 40, 41, 42, 43, 57, 62, 64]",[],"[5, 29, 42, 43]","[0, 2, 5, 18, 20, 41, 42, 43, 64]",[42],"[0, 2, 5, 18, 20, 41, 42, 43]",complete,
cm2,continuous,500,50,10.0,6,3737387827,k_low,k,20,0.95,2.0,1.0,0.4,0.3333333333333333,0.3636363636363636,1.0,5.0,0.0,0.0,0.0,1.0,0.0,1.0,0.3333333333333333,0.5,1.0,2.0,0.5,0.6666666666666666,0.5714285714285715,1.0,8.0,1.0,0.3333333333333333,0.5,1.0,2.0,0.75,0.5,0.6,1.0,4.0,"[0, 20, 40, 41, 42, 43]","[14, 27, 42, 43, 80]",[],"[42, 43]","[0, 1, 2, 10, 20, 42, 43, 64]","[42, 43]","[2, 20, 42, 43]",complete,
cm2,continuous,500,50,10.0,6,3737387827,k_high,k,20,0.95,2.0,3.0,0.16666666666666666,0.3333333333333333,0.2222222222222222,1.0,12.0,0.0,0.0,0.0,1.0,0.0,0.5,0.3333333333333333,0.4,1.0,4.0,0.6666666666666666,0.6666666666666666,0.6666666666666666,1.0,6.0,1.0,0.3333333333333333,0.5,1.0,2.0,0.75,0.5,0.6,1.0,4.0,"[0, 20, 40, 41, 42, 43]","[7, 9, 11, 26, 39, 42, 43, 46, 53, 73, 74, 77]",[],"[11, 39, 42, 43]","[0, 4, 9, 20, 42, 43]","[42, 43]","[0, 9, 42, 43]",complete,
cm2,continuous,500,50,10.0,7,3524950563,reference,reference,20,0.95,2.0,2.0,0.3333333333333333,0.5,0.4,1.0,9.0,1.0,0.16666666666666666,0.2857142857142857,1.0,1.0,0.3333333333333333,0.16666666666666666,0.2222222222222222,1.0,3.0,0.3333333333333333,0.5,0.4,1.0,9.0,1.0,0.16666666666666666,0.2857142857142857,1.0,1.0,0.6,0.5,0.5454545454545454,1.0,5.0,"[0, 20, 40, 41, 42, 43]","[22, 23, 25, 28, 41, 42, 43, 76, 82]",[42],"[23, 25, 42]","[7, 19, 26, 38, 39, 41, 42, 43, 76]",[42],"[19, 38, 41, 42, 43]",complete,
cm2,continuous,500,50,10.0,7,3524950563,m_low,m,10,0.95,2.0,2.0,0.3333333333333333,0.5,0.4,1.0,9.0,0.0,0.0,0.0,1.0,0.0,0.6666666666666666,0.3333333333333333,0.4444444444444444,1.0,3.0,0.5,0.6666666666666666,0.5714285714285715,1.0,8.0,1.0,0.16666666666666666,0.2857142857142857,1.0,1.0,0.6,0.5,0.5454545454545454,1.0,5.0,"[0, 20, 40, 41, 42, 43]","[6, 15, 41, 42, 43, 65, 72, 73, 81]",[],"[41, 42, 65]","[19, 20, 26, 38, 41, 42, 43, 73]",[42],"[38, 41, 42, 43, 73]",complete,
cm2,continuous,500,50,10.0,7,3524950563,m_high,m,50,0.95,2.0,2.0,0.3,0.5,0.37499999999999994,1.0,10.0,1.0,0.16666666666666666,0.2857142857142857,1.0,1.0,0.5,0.3333333333333333,0.4,1.0,4.0,0.3333333333333333,0.5,0.4,1.0,9.0,1.0,0.16666666666666666,0.2857142857142857,1.0,1.0,0.6,0.5,0.5454545454545454,1.0,5.0,"[0, 20, 40, 41, 42, 43]","[6, 21, 30, 41, 42, 43, 50, 60, 72, 76]",[42],"[6, 42, 43, 76]","[19, 28, 38, 41, 42, 43, 65, 74, 76]",[42],"[38, 41, 42, 43, 76]",complete,
cm2,continuous,500,50,10.0,7,3524950563,beta_low,beta,20,0.95,1.0,2.0,0.2222222222222222,0.3333333333333333,0.26666666666666666,1.0,9.0,1.0,0.16666666666666666,0.2857142857142857,1.0,1.0,0.5,0.3333333333333333,0.4,1.0,4.0,0.6,0.5,0.5454545454545454,1.0,5.0,1.0,0.16666666666666666,0.2857142857142857,1.0,1.0,0.6,0.5,0.5454545454545454,1.0,5.0,"[0, 20, 40, 41, 42, 43]","[18, 23, 31, 34, 41, 42, 46, 60, 73]",[42],"[18, 23, 41, 42]","[34, 38, 41, 42, 43]",[42],"[34, 38, 41, 42, 43]",complete,
cm2,continuous,500,50,10.0,7,3524950563,beta_high,beta,20,0.95,3.0,2.0,0.3333333333333333,0.5,0.4,1.0,9.0,0.0,0.0,0.0,1.0,0.0,0.6666666666666666,0.3333333333333333,0.4444444444444444,1.0,3.0,0.3076923076923077,0.6666666666666666,0.42105263157894735,1.0,13.0,1.0,0.16666666666666666,0.2857142857142857,1.0,1.0,0.5,0.6666666666666666,0.5714285714285715,1.0,8.0,"[0, 20, 40, 41, 42, 43]","[7, 12, 17, 28, 34, 41, 42, 43, 59]",[],"[28, 42, 43]","[1, 19, 20, 22, 24, 26, 34, 38, 41, 42, 43, 74, 76]",[42],"[19, 20, 26, 34, 38, 41, 42, 43]",complete,
cm2,continuous,500,50,10.0,7,3524950563,k_low,k,20,0.95,2.0,1.0,0.5,0.6666666666666666,0.5714285714285715,1.0,8.0,0.0,0.0,0.0,1.0,0.0,1.0,0.3333333333333333,0.5,1.0,2.0,0.5,0.6666666666666666,0.5714285714285715,1.0,8.0,1.0,0.16666666666666666,0.2857142857142857,1.0,1.0,0.5,0.5,0.5,1.0,6.0,"[0, 20, 40, 41, 42, 43]","[0, 13, 41, 42, 43, 68, 74, 76]",[],"[42, 43]","[19, 20, 38, 41, 42, 43, 74, 76]",[42],"[19, 20, 38, 42, 43, 76]",complete,
cm2,continuous,500,50,10.0,7,3524950563,k_high,k,20,0.95,2.0,3.0,0.3333333333333333,0.3333333333333333,0.3333333333333333,1.0,6.0,0.0,0.0,0.0,1.0,0.0,1.0,0.16666666666666666,0.2857142857142857,1.0,1.0,0.4444444444444444,0.6666666666666666,0.5333333333333333,1.0,9.0,1.0,0.16666666666666666,0.2857142857142857,1.0,1.0,0.5,0.5,0.5,1.0,6.0,"[0, 20, 40, 41, 42, 43]","[36, 41, 42, 52, 62, 78]",[],[42],"[19, 20, 26, 34, 38, 41, 42, 43, 52]",[42],"[19, 26, 38, 41, 42, 43]",complete,
cm2,continuous,500,50,10.0,8,3172051366,reference,reference,20,0.95,2.0,2.0,0.2857142857142857,0.3333333333333333,0.30769230769230765,1.0,7.0,0.0,0.0,0.0,1.0,1.0,0.25,0.16666666666666666,0.2,1.0,4.0,0.5,0.5,0.5,1.0,6.0,1.0,0.16666666666666666,0.2857142857142857,1.0,1.0,0.6,0.5,0.5454545454545454,1.0,5.0,"[0, 20, 40, 41, 42, 43]","[12, 15, 34, 40, 42, 50, 71]",[15],"[15, 34, 42, 71]","[0, 15, 20, 42, 67, 71]",[42],"[0, 15, 20, 42, 71]",complete,
cm2,continuous,500,50,10.0,8,3172051366,m_low,m,10,0.95,2.0,2.0,0.16666666666666666,0.3333333333333333,0.2222222222222222,1.0,12.0,0.0,0.0,0.0,1.0,0.0,0.2222222222222222,0.3333333333333333,0.26666666666666666,1.0,9.0,0.5714285714285714,0.6666666666666666,0.6153846153846153,1.0,7.0,0.5,0.16666666666666666,0.25,1.0,2.0,0.5714285714285714,0.6666666666666666,0.6153846153846153,1.0,7.0,"[0, 20, 40, 41, 42, 43]","[19, 28, 29, 38, 41, 42, 48, 49, 67, 68, 71, 72]",[],"[19, 28, 29, 38, 41, 42, 67, 68, 71]","[0, 20, 36, 41, 42, 67, 71]","[42, 71]","[0, 20, 36, 41, 42, 67, 71]",complete,
cm2,continuous,500,50,10.0,8,3172051366,m_high,m,50,0.95,2.0,2.0,0.1111111111111111,0.16666666666666666,0.13333333333333333,1.0,9.0,1.0,0.16666666666666666,0.2857142857142857,1.0,1.0,0.5,0.16666666666666666,0.25,1.0,2.0,0.6666666666666666,0.6666666666666666,0.6666666666666666,1.0,6.0,1.0,0.16666666666666666,0.2857142857142857,1.0,1.0,0.75,0.5,0.6,1.0,4.0,"[0, 20, 40, 41, 42, 43]","[5, 10, 22, 24, 30, 31, 42, 54, 71]",[42],"[42, 71]","[0, 20, 41, 42, 67, 71]",[42],"[0, 20, 42, 71]",complete,
cm2,continuous,500,50,10.0,8,3172051366,beta_low,beta,20,0.95,1.0,2.0,0.16666666666666666,0.16666666666666666,0.16666666666666666,1.0,6.0,1.0,0.16666666666666666,0.2857142857142857,1.0,1.0,0.3333333333333333,0.16666666666666666,0.2222222222222222,1.0,3.0,0.375,0.5,0.42857142857142855,1.0,8.0,1.0,0.16666666666666666,0.2857142857142857,1.0,1.0,0.5,0.5,0.5,1.0,6.0,"[0, 20, 40, 41, 42, 43]","[10, 16, 35, 37, 42, 53]",[42],"[35, 37, 42]","[0, 7, 19, 20, 36, 42, 67, 71]",[42],"[0, 19, 20, 36, 42, 71]",complete,
cm2,continuous,500,50,10.0,8,3172051366,beta_high,beta,20,0.95,3.0,2.0,0.2222222222222222,0.3333333333333333,0.26666666666666666,1.0,9.0,0.0,0.0,0.0,1.0,0.0,0.3333333333333333,0.3333333333333333,0.3333333333333333,1.0,6.0,0.4444444444444444,0.6666666666666666,0.5333333333333333,1.0,9.0,1.0,0.16666666666666666,0.2857142857142857,1.0,1.0,0.5714285714285714,0.6666666666666666,0.6153846153846153,1.0,7.0,"[0, 20, 40, 41, 42, 43]","[13, 29, 35, 37, 41, 42, 59, 61, 71]",[],"[13, 35, 37, 41, 42, 71]","[0, 20, 29, 36, 41, 42, 49, 67, 71]",[42],"[0, 20, 29, 41, 42, 67, 71]",complete,
cm2,continuous,500,50,10.0,8,3172051366,k_low,k,20,0.95,2.0,1.0,0.25,0.3333333333333333,0.28571428571428575,1.0,8.0,0.0,0.0,0.0,1.0,0.0,0.5,0.16666666666666666,0.25,1.0,2.0,0.5,0.6666666666666666,0.5714285714285715,1.0,8.0,1.0,0.16666666666666666,0.2857142857142857,1.0,1.0,1.0,0.5,0.6666666666666666,1.0,3.0,"[0, 20, 40, 41, 42, 43]","[10, 33, 41, 42, 56, 59, 63, 71]",[],"[10, 42]","[0, 15, 20, 31, 36, 41, 42, 71]",[42],"[0, 20, 42]",complete,
cm2,continuous,500,50,10.0,8,3172051366,k_high,k,20,0.95,2.0,3.0,0.14285714285714285,0.16666666666666666,0.15384615384615383,1.0,7.0,0.0,0.0,0.0,1.0,0.0,0.3333333333333333,0.16666666666666666,0.2222222222222222,1.0,3.0,0.5714285714285714,0.6666666666666666,0.6153846153846153,1.0,7.0,1.0,0.16666666666666666,0.2857142857142857,1.0,1.0,0.5714285714285714,0.6666666666666666,0.6153846153846153,1.0,7.0,"[0, 20, 40, 41, 42, 43]","[23, 34, 35, 38, 42, 61, 71]",[],"[34, 35, 42]","[0, 20, 41, 42, 56, 67, 71]",[42],"[0, 20, 41, 42, 56, 67, 71]",complete,
cm2,continuous,500,50,10.0,9,2324210880,reference,reference,20,0.95,2.0,2.0,0.25,0.3333333333333333,0.28571428571428575,1.0,8.0,0.0,0.0,0.0,1.0,1.0,0.2,0.16666666666666666,0.1818181818181818,1.0,5.0,0.2727272727272727,0.5,0.3529411764705882,1.0,11.0,0.0,0.0,0.0,1.0,0.0,0.3333333333333333,0.3333333333333333,0.3333333333333333,1.0,6.0,"[0, 20, 40, 41, 42, 43]","[0, 3, 10, 15, 42, 58, 64, 67]",[10],"[10, 15, 42, 64, 67]","[9, 20, 21, 31, 32, 41, 42, 50, 58, 64, 67]",[],"[41, 42, 50, 58, 64, 67]",complete,
cm2,continuous,500,50,10.0,9,2324210880,m_low,m,10,0.95,2.0,2.0,0.16666666666666666,0.5,0.25,1.0,18.0,0.0,0.0,0.0,1.0,0.0,0.1111111111111111,0.16666666666666666,0.13333333333333333,1.0,9.0,0.2222222222222222,0.3333333333333333,0.26666666666666666,1.0,9.0,0.0,0.0,0.0,1.0,0.0,0.25,0.3333333333333333,0.28571428571428575,1.0,8.0,"[0, 20, 40, 41, 42, 43]","[23, 25, 34, 36, 38, 41, 42, 43, 51, 53, 57, 58, 59, 60, 64, 68, 72, 75]",[],"[23, 25, 36, 42, 53, 58, 59, 60, 64]","[6, 13, 36, 41, 42, 50, 58, 64, 75]",[],"[6, 13, 36, 41, 42, 50, 58, 64]",complete,
cm2,continuous,500,50,10.0,9,2324210880,m_high,m,50,0.95,2.0,2.0,0.23076923076923078,0.5,0.3157894736842105,1.0,13.0,0.0,0.0,0.0,1.0,0.0,0.2857142857142857,0.3333333333333333,0.30769230769230765,1.0,7.0,0.2,0.3333333333333333,0.25,1.0,10.0,0.0,0.0,0.0,1.0,0.0,0.4,0.3333333333333333,0.3636363636363636,1.0,5.0,"[0, 20, 40, 41, 42, 43]","[4, 16, 17, 21, 22, 25, 29, 39, 41, 42, 43, 57, 71]",[],"[16, 17, 39, 41, 42, 57, 71]","[9, 22, 39, 41, 42, 57, 58, 67, 71, 75]",[],"[39, 41, 42, 57, 58]",complete,
cm2,continuous,500,50,10.0,9,2324210880,beta_low,beta,20,0.95,1.0,2.0,0.09090909090909091,0.16666666666666666,0.11764705882352942,1.0,11.0,0.0,0.0,0.0,1.0,0.0,0.3333333333333333,0.16666666666666666,0.2222222222222222,1.0,3.0,0.125,0.16666666666666666,0.14285714285714288,1.0,8.0,1.0,0.16666666666666666,0.2857142857142857,1.0,1.0,0.3333333333333333,0.16666666666666666,0.2222222222222222,1.0,3.0,"[0, 20, 40, 41, 42, 43]","[11, 13, 19, 23, 32, 37, 42, 50, 55, 58, 67]",[],"[11, 13, 42]","[11, 13, 42, 50, 58, 64, 67, 75]",[42],"[13, 42, 58]",complete,
cm2,continuous,500,50,10.0,9,2324210880,beta_high,beta,20,0.95,3.0,2.0,0.23076923076923078,0.5,0.3157894736842105,1.0,13.0,0.0,0.0,0.0,1.0,0.0,0.4,0.3333333333333333,0.3636363636363636,1.0,5.0,0.2222222222222222,0.3333333333333333,0.26666666666666666,1.0,9.0,1.0,0.16666666666666666,0.2857142857142857,1.0,1.0,0.2857142857142857,0.3333333333333333,0.30769230769230765,1.0,7.0,"[0, 20, 40, 41, 42, 43]","[0, 2, 6, 14, 32, 39, 41, 42, 50, 57, 58, 65, 71]",[],"[32, 41, 42, 50, 71]","[6, 7, 13, 41, 42, 50, 58, 67, 71]",[42],"[7, 13, 41, 42, 50, 58, 67]",complete,
cm2,continuous,500,50,10.0,9,2324210880,k_low,k,20,0.95,2.0,1.0,0.3,0.5,0.37499999999999994,1.0,10.0,0.0,0.0,0.0,1.0,0.0,0.6666666666666666,0.3333333333333333,0.4444444444444444,1.0,3.0,0.2727272727272727,0.5,0.3529411764705882,1.0,11.0,1.0,0.16666666666666666,0.2857142857142857,1.0,1.0,0.5,0.5,0.5,1.0,6.0,"[0, 20, 40, 41, 42, 43]","[10, 19, 20, 28, 30, 37, 41, 42, 57, 64]",[],"[30, 41, 42]","[6, 7, 13, 20, 30, 41, 42, 50, 58, 64, 67]",[42],"[13, 20, 41, 42, 50, 58]",complete,
cm2,continuous,500,50,10.0,9,2324210880,k_high,k,20,0.95,2.0,3.0,0.1,0.16666666666666666,0.125,1.0,10.0,0.0,0.0,0.0,1.0,0.0,0.0,0.0,0.0,1.0,2.0,0.18181818181818182,0.3333333333333333,0.23529411764705885,1.0,11.0,0.0,0.0,0.0,1.0,0.0,0.16666666666666666,0.16666666666666666,0.16666666666666666,1.0,6.0,"[0, 20, 40, 41, 42, 43]","[5, 11, 26, 33, 36, 42, 50, 53, 74, 75]",[],"[33, 74]","[6, 9, 13, 36, 41, 42, 50, 58, 71, 74, 75]",[],"[9, 13, 42, 50, 58, 74]",complete,
cm2,continuous,500,50,10.0,10,2728254415,reference,reference,20,0.95,2.0,2.0,0.25,0.5,0.3333333333333333,1.0,12.0,0.0,0.0,0.0,1.0,0.0,0.3333333333333333,0.16666666666666666,0.2222222222222222,1.0,3.0,0.5555555555555556,0.8333333333333334,0.6666666666666667,1.0,9.0,1.0,0.16666666666666666,0.2857142857142857,1.0,1.0,0.7142857142857143,0.8333333333333334,0.7692307692307692,1.0,7.0,"[0, 20, 40, 41, 42, 43]","[16, 24, 32, 34, 41, 42, 43, 48, 63, 74, 75, 78]",[],"[32, 42, 74]","[0, 20, 41, 42, 43, 48, 63, 74, 78]",[42],"[0, 20, 41, 42, 43, 74, 78]",complete,
cm2,continuous,500,50,10.0,10,2728254415,m_low,m,10,0.95,2.0,2.0,0.25,0.5,0.3333333333333333,1.0,12.0,0.0,0.0,0.0,1.0,0.0,0.5,0.3333333333333333,0.4,1.0,4.0,0.3333333333333333,0.6666666666666666,0.4444444444444444,1.0,12.0,0.0,0.0,0.0,1.0,0.0,0.3333333333333333,0.5,0.4,1.0,9.0,"[0, 20, 40, 41, 42, 43]","[1, 11, 13, 17, 36, 41, 42, 43, 50, 75, 78, 82]",[],"[17, 41, 42, 78]","[3, 20, 41, 42, 43, 47, 63, 74, 75, 78, 82, 83]",[],"[3, 20, 41, 42, 63, 74, 75, 78, 83]",complete,
cm2,continuous,500,50,10.0,10,2728254415,m_high,m,50,0.95,2.0,2.0,0.14285714285714285,0.3333333333333333,0.2,1.0,14.0,0.0,0.0,0.0,1.0,1.0,0.3333333333333333,0.16666666666666666,0.2222222222222222,1.0,3.0,0.45454545454545453,0.8333333333333334,0.5882352941176471,1.0,11.0,1.0,0.16666666666666666,0.2857142857142857,1.0,1.0,0.8,0.6666666666666666,0.7272727272727272,1.0,5.0,"[0, 20, 40, 41, 42, 43]","[7, 14, 21, 23, 25, 27, 32, 38, 41, 42, 48, 63, 78, 83]",[27],"[27, 42, 78]","[0, 14, 20, 29, 41, 42, 43, 47, 48, 63, 78]",[42],"[0, 20, 41, 42, 78]",complete,
cm2,continuous,500,50,10.0,10,2728254415,beta_low,beta,20,0.95,1.0,2.0,0.16666666666666666,0.3333333333333333,0.2222222222222222,1.0,12.0,0.0,0.0,0.0,1.0,0.0,0.6666666666666666,0.3333333333333333,0.4444444444444444,1.0,3.0,0.4444444444444444,0.6666666666666666,0.5333333333333333,1.0,9.0,1.0,0.16666666666666666,0.2857142857142857,1.0,1.0,0.5714285714285714,0.6666666666666666,0.6153846153846153,1.0,7.0,"[0, 20, 40, 41, 42, 43]","[13, 17, 19, 32, 34, 38, 42, 43, 47, 61, 64, 73]",[],"[42, 43, 61]","[0, 3, 20, 42, 43, 47, 48, 63, 78]",[42],"[0, 3, 20, 42, 43, 63, 78]",complete,
cm2,continuous,500,50,10.0,10,2728254415,beta_high,beta,20,0.95,3.0,2.0,0.2,0.5,0.28571428571428575,1.0,15.0,0.0,0.0,0.0,1.0,0.0,0.375,0.5,0.42857142857142855,1.0,8.0,0.4166666666666667,0.8333333333333334,0.5555555555555556,1.0,12.0,1.0,0.16666666666666666,0.2857142857142857,1.0,1.0,0.5,0.5,0.5,1.0,6.0,"[0, 20, 40, 41, 42, 43]","[1, 2, 11, 17, 25, 41, 42, 43, 47, 48, 54, 73, 75, 78, 83]",[],"[1, 41, 42, 43, 47, 48, 75, 78]","[0, 3, 11, 20, 41, 42, 43, 47, 48, 75, 78, 83]",[42],"[11, 20, 41, 42, 48, 78]",complete,
cm2,continuous,500,50,10.0,10,2728254415,k_low,k,20,0.95,2.0,1.0,0.3333333333333333,0.5,0.4,1.0,9.0,0.0,0.0,0.0,1.0,0.0,0.6,0.5,0.5454545454545454,1.0,5.0,0.5,0.8333333333333334,0.625,1.0,10.0,1.0,0.16666666666666666,0.2857142857142857,1.0,1.0,0.6666666666666666,0.6666666666666666,0.6666666666666666,1.0,6.0,"[0, 20, 40, 41, 42, 43]","[41, 42, 43, 47, 48, 61, 75, 78, 83]",[],"[41, 42, 43, 47, 78]","[0, 20, 41, 42, 43, 47, 48, 74, 75, 78]",[42],"[0, 20, 41, 42, 47, 78]",complete,
cm2,continuous,500,50,10.0,10,2728254415,k_high,k,20,0.95,2.0,3.0,0.3,0.5,0.37499999999999994,1.0,10.0,0.0,0.0,0.0,1.0,0.0,0.3333333333333333,0.16666666666666666,0.2222222222222222,1.0,3.0,0.5555555555555556,0.8333333333333334,0.6666666666666667,1.0,9.0,1.0,0.16666666666666666,0.2857142857142857,1.0,1.0,0.6666666666666666,0.6666666666666666,0.6666666666666666,1.0,6.0,"[0, 20, 40, 41, 42, 43]","[1, 15, 19, 22, 25, 41, 42, 43, 73, 78]",[],"[19, 42, 78]","[0, 3, 20, 41, 42, 43, 48, 78, 83]",[42],"[0, 3, 20, 41, 42, 78]",complete,
cm2,continuous,500,50,10.0,11,4276958574,reference,reference,20,0.95,2.0,2.0,0.25,0.3333333333333333,0.28571428571428575,1.0,8.0,0.0,0.0,0.0,1.0,0.0,0.4,0.3333333333333333,0.3636363636363636,1.0,5.0,0.5,0.6666666666666666,0.5714285714285715,1.0,8.0,1.0,0.16666666666666666,0.2857142857142857,1.0,1.0,0.6666666666666666,0.6666666666666666,0.6666666666666666,1.0,6.0,"[0, 20, 40, 41, 42, 43]","[3, 18, 33, 36, 41, 42, 48, 80]",[],"[36, 41, 42, 48, 80]","[0, 20, 24, 26, 41, 42, 48, 80]",[42],"[0, 20, 24, 41, 42, 80]",complete,
cm2,continuous,500,50,10.0,11,4276958574,m_low,m,10,0.95,2.0,2.0,0.125,0.16666666666666666,0.14285714285714288,1.0,8.0,0.0,0.0,0.0,1.0,0.0,0.0,0.0,0.0,1.0,2.0,0.2857142857142857,0.3333333333333333,0.30769230769230765,1.0,7.0,1.0,0.16666666666666666,0.2857142857142857,1.0,1.0,0.4,0.3333333333333333,0.3636363636363636,1.0,5.0,"[0, 20, 40, 41, 42, 43]","[10, 11, 12, 35, 42, 48, 52, 65]",[],"[35, 48]","[10, 20, 25, 34, 42, 48, 65]",[42],"[20, 25, 42, 48, 65]",complete,
cm2,continuous,500,50,10.0,11,4276958574,m_high,m,50,0.95,2.0,2.0,0.3333333333333333,0.5,0.4,1.0,9.0,1.0,0.16666666666666666,0.2857142857142857,1.0,1.0,0.5,0.3333333333333333,0.4,1.0,4.0,0.8,0.6666666666666666,0.7272727272727272,1.0,5.0,1.0,0.16666666666666666,0.2857142857142857,1.0,1.0,0.75,0.5,0.6,1.0,4.0,"[0, 20, 40, 41, 42, 43]","[6, 10, 16, 32, 41, 42, 43, 70, 82]",[42],"[32, 42, 43, 82]","[0, 20, 42, 43, 82]",[42],"[0, 20, 42, 82]",complete,
cm2,continuous,500,50,10.0,11,4276958574,beta_low,beta,20,0.95,1.0,2.0,0.14285714285714285,0.16666666666666666,0.15384615384615383,1.0,7.0,0.0,0.0,0.0,1.0,0.0,0.25,0.16666666666666666,0.2,1.0,4.0,0.625,0.8333333333333334,0.7142857142857143,1.0,8.0,1.0,0.16666666666666666,0.2857142857142857,1.0,1.0,0.6,0.5,0.5454545454545454,1.0,5.0,"[0, 20, 40, 41, 42, 43]","[6, 19, 23, 32, 42, 63, 68]",[],"[23, 32, 42, 68]","[0, 3, 20, 41, 42, 43, 68, 80]",[42],"[0, 20, 42, 68, 80]",complete,
cm2,continuous,500,50,10.0,11,4276958574,beta_high,beta,20,0.95,3.0,2.0,0.2222222222222222,0.3333333333333333,0.26666666666666666,1.0,9.0,0.0,0.0,0.0,1.0,1.0,0.25,0.16666666666666666,0.2,1.0,4.0,0.5,0.6666666666666666,0.5714285714285715,1.0,8.0,1.0,0.16666666666666666,0.2857142857142857,1.0,1.0,0.75,0.5,0.6,1.0,4.0,"[0, 20, 40, 41, 42, 43]","[4, 7, 12, 16, 32, 41, 42, 48, 68]",[16],"[4, 7, 16, 42]","[20, 25, 41, 42, 43, 48, 68, 80]",[42],"[20, 25, 42, 43]",complete,
cm2,continuous,500,50,10.0,11,4276958574,k_low,k,20,0.95,2.0,1.0,0.3333333333333333,0.5,0.4,1.0,9.0,0.0,0.0,0.0,1.0,0.0,0.5,0.3333333333333333,0.4,1.0,4.0,0.5,0.6666666666666666,0.5714285714285715,1.0,8.0,1.0,0.16666666666666666,0.2857142857142857,1.0,1.0,0.75,0.5,0.6,1.0,4.0,"[0, 20, 40, 41, 42, 43]","[8, 33, 41, 42, 43, 48, 65, 71, 80]",[],"[8, 41, 42, 80]","[0, 6, 20, 25, 42, 43, 48, 80]",[42],"[0, 42, 43, 80]",complete,
cm2,continuous,500,50,10.0,11,4276958574,k_high,k,20,0.95,2.0,3.0,0.08333333333333333,0.16666666666666666,0.1111111111111111,1.0,12.0,0.0,0.0,0.0,1.0,0.0,0.0,0.0,0.0,1.0,1.0,0.5,0.6666666666666666,0.5714285714285715,1.0,8.0,1.0,0.16666666666666666,0.2857142857142857,1.0,1.0,0.5,0.3333333333333333,0.4,1.0,4.0,"[0, 20, 40, 41, 42, 43]","[7, 10, 17, 22, 32, 42, 48, 50, 52, 53, 80, 82]",[],[50],"[0, 20, 25, 42, 43, 48, 53, 80]",[42],"[20, 25, 42, 48]",complete,
cm2,continuous,500,50,10.0,12,1698920350,reference,reference,20,0.95,2.0,2.0,0.2,0.3333333333333333,0.25,1.0,10.0,0.0,0.0,0.0,1.0,0.0,0.3333333333333333,0.16666666666666666,0.2222222222222222,1.0,3.0,0.625,0.8333333333333334,0.7142857142857143,1.0,8.0,1.0,0.3333333333333333,0.5,1.0,2.0,1.0,0.6666666666666666,0.8,1.0,4.0,"[0, 20, 40, 41, 42, 43]","[14, 16, 24, 27, 42, 43, 48, 62, 66, 77]",[],"[14, 42, 48]","[0, 11, 14, 20, 41, 42, 43, 48]","[0, 42]","[0, 20, 42, 43]",complete,
cm2,continuous,500,50,10.0,12,1698920350,m_low,m,10,0.95,2.0,2.0,0.25,0.3333333333333333,0.28571428571428575,1.0,8.0,0.0,0.0,0.0,1.0,0.0,0.6666666666666666,0.3333333333333333,0.4444444444444444,1.0,3.0,0.45454545454545453,0.8333333333333334,0.5882352941176471,1.0,11.0,1.0,0.3333333333333333,0.5,1.0,2.0,0.5555555555555556,0.8333333333333334,0.6666666666666667,1.0,9.0,"[0, 20, 40, 41, 42, 43]","[9, 22, 38, 42, 43, 67, 75, 77]",[],"[42, 43, 75]","[0, 12, 20, 23, 30, 41, 42, 43, 60, 67, 75]","[42, 43]","[0, 12, 20, 30, 41, 42, 43, 60, 75]",complete,
cm2,continuous,500,50,10.0,12,1698920350,m_high,m,50,0.95,2.0,2.0,0.14285714285714285,0.16666666666666666,0.15384615384615383,1.0,7.0,0.0,0.0,0.0,1.0,0.0,0.25,0.16666666666666666,0.2,1.0,4.0,0.7142857142857143,0.8333333333333334,0.7692307692307692,1.0,7.0,1.0,0.16666666666666666,0.2857142857142857,1.0,1.0,1.0,0.6666666666666666,0.8,1.0,4.0,"[0, 20, 40, 41, 42, 43]","[5, 10, 13, 14, 22, 42, 67]",[],"[5, 10, 13, 42]","[0, 3, 11, 20, 41, 42, 43]",[42],"[0, 20, 41, 42]",complete,
cm2,continuous,500,50,10.0,12,1698920350,beta_low,beta,20,0.95,1.0,2.0,0.25,0.3333333333333333,0.28571428571428575,1.0,8.0,0.0,0.0,0.0,1.0,0.0,0.5,0.3333333333333333,0.4,1.0,4.0,0.4,0.6666666666666666,0.5,1.0,10.0,1.0,0.16666666666666666,0.2857142857142857,1.0,1.0,1.0,0.5,0.6666666666666666,1.0,3.0,"[0, 20, 40, 41, 42, 43]","[15, 29, 38, 41, 42, 50, 66, 73]",[],"[41, 42, 66, 73]","[0, 11, 12, 15, 18, 20, 23, 41, 42, 75]",[42],"[0, 41, 42]",complete,
cm2,continuous,500,50,10.0,12,1698920350,beta_high,beta,20,0.95,3.0,2.0,0.3,0.5,0.37499999999999994,1.0,10.0,0.0,0.0,0.0,1.0,0.0,0.5,0.16666666666666666,0.25,1.0,2.0,0.5555555555555556,0.8333333333333334,0.6666666666666667,1.0,9.0,1.0,0.16666666666666666,0.2857142857142857,1.0,1.0,0.6666666666666666,0.6666666666666666,0.6666666666666666,1.0,6.0,"[0, 20, 40, 41, 42, 43]","[2, 4, 22, 23, 41, 42, 43, 66, 75, 81]",[],"[42, 75]","[0, 11, 20, 22, 30, 41, 42, 43, 75]",[42],"[0, 11, 20, 42, 43, 75]",complete,
cm2,continuous,500,50,10.0,12,1698920350,k_low,k,20,0.95,2.0,1.0,0.2222222222222222,0.3333333333333333,0.26666666666666666,1.0,9.0,0.0,0.0,0.0,1.0,0.0,0.5,0.3333333333333333,0.4,1.0,4.0,0.8333333333333334,0.8333333333333334,0.8333333333333334,1.0,6.0,1.0,0.16666666666666666,0.2857142857142857,1.0,1.0,1.0,0.8333333333333334,0.9090909090909091,1.0,5.0,"[0, 20, 40, 41, 42, 43]","[9, 22, 34, 41, 42, 48, 58, 74, 81]",[],"[9, 41, 42, 74]","[0, 12, 20, 41, 42, 43]",[42],"[0, 20, 41, 42, 43]",complete,
cm2,continuous,500,50,10.0,12,1698920350,k_high,k,20,0.95,2.0,3.0,0.2222222222222222,0.3333333333333333,0.26666666666666666,1.0,9.0,0.0,0.0,0.0,1.0,0.0,1.0,0.3333333333333333,0.5,1.0,2.0,0.625,0.8333333333333334,0.7142857142857143,1.0,8.0,1.0,0.16666666666666666,0.2857142857142857,1.0,1.0,0.8,0.6666666666666666,0.7272727272727272,1.0,5.0,"[0, 20, 40, 41, 42, 43]","[19, 24, 33, 34, 41, 42, 50, 60, 77]",[],"[41, 42]","[0, 7, 20, 23, 41, 42, 43, 75]",[42],"[0, 20, 23, 41, 42]",complete,
cm2,continuous,500,50,10.0,13,3246698091,reference,reference,20,0.95,2.0,2.0,0.2222222222222222,0.3333333333333333,0.26666666666666666,1.0,9.0,0.0,0.0,0.0,1.0,0.0,0.0,0.0,0.0,1.0,5.0,0.3,0.5,0.37499999999999994,1.0,10.0,1.0,0.3333333333333333,0.5,1.0,2.0,0.4,0.3333333333333333,0.3636363636363636,1.0,5.0,"[0, 20, 40, 41, 42, 43]","[3, 6, 11, 15, 34, 42, 43, 57, 77]",[],"[3, 6, 34, 57, 77]","[1, 5, 20, 22, 26, 34, 42, 43, 57, 77]","[20, 42]","[1, 20, 22, 34, 42]",complete,
cm2,continuous,500,50,10.0,13,3246698091,m_low,m,10,0.95,2.0,2.0,0.15384615384615385,0.3333333333333333,0.21052631578947367,1.0,13.0,0.0,0.0,0.0,1.0,0.0,0.4,0.3333333333333333,0.3636363636363636,1.0,5.0,0.2727272727272727,0.5,0.3529411764705882,1.0,11.0,1.0,0.16666666666666666,0.2857142857142857,1.0,1.0,0.375,0.5,0.42857142857142855,1.0,8.0,"[0, 20, 40, 41, 42, 43]","[2, 10, 16, 27, 33, 36, 38, 42, 43, 48, 51, 53, 57]",[],"[2, 27, 42, 43, 51]","[1, 2, 13, 16, 20, 22, 42, 43, 48, 63, 77]",[42],"[1, 2, 20, 22, 42, 43, 48, 77]",complete,
cm2,continuous,500,50,10.0,13,3246698091,m_high,m,50,0.95,2.0,2.0,0.375,0.5,0.42857142857142855,1.0,8.0,0.0,0.0,0.0,1.0,0.0,0.0,0.0,0.0,1.0,0.0,0.42857142857142855,0.5,0.4615384615384615,1.0,7.0,1.0,0.3333333333333333,0.5,1.0,2.0,0.75,0.5,0.6,1.0,4.0,"[0, 20, 40, 41, 42, 43]","[10, 19, 40, 42, 43, 46, 50, 73]",[],[],"[1, 3, 13, 20, 42, 43, 77]","[20, 42]","[1, 20, 42, 43]",complete,
cm2,continuous,500,50,10.0,13,3246698091,beta_low,beta,20,0.95,1.0,2.0,0.18181818181818182,0.3333333333333333,0.23529411764705885,1.0,11.0,1.0,0.16666666666666666,0.2857142857142857,1.0,1.0,1.0,0.3333333333333333,0.5,1.0,2.0,0.6,0.5,0.5454545454545454,1.0,5.0,1.0,0.16666666666666666,0.2857142857142857,1.0,1.0,0.75,0.5,0.6,1.0,4.0,"[0, 20, 40, 41, 42, 43]","[25, 33, 42, 43, 46, 57, 64, 65, 67, 77, 83]",[42],"[42, 43]","[1, 20, 26, 42, 43]",[42],"[1, 20, 42, 43]",complete,
cm2,continuous,500,50,10.0,13,3246698091,beta_high,beta,20,0.95,3.0,2.0,0.2,0.3333333333333333,0.25,1.0,10.0,0.0,0.0,0.0,1.0,0.0,0.2857142857142857,0.3333333333333333,0.30769230769230765,1.0,7.0,0.25,0.5,0.3333333333333333,1.0,12.0,1.0,0.3333333333333333,0.5,1.0,2.0,0.42857142857142855,0.5,0.4615384615384615,1.0,7.0,"[0, 20, 40, 41, 42, 43]","[33, 42, 43, 48, 57, 62, 63, 73, 77, 79]",[],"[33, 42, 43, 48, 57, 77, 79]","[1, 2, 13, 20, 22, 23, 37, 42, 43, 48, 57, 77]","[20, 42]","[1, 20, 22, 23, 42, 43, 48]",complete,
cm2,continuous,500,50,10.0,13,3246698091,k_low,k,20,0.95,2.0,1.0,0.16666666666666666,0.3333333333333333,0.2222222222222222,1.0,12.0,0.0,0.0,0.0,1.0,0.0,0.5,0.3333333333333333,0.4,1.0,4.0,0.3,0.5,0.37499999999999994,1.0,10.0,1.0,0.16666666666666666,0.2857142857142857,1.0,1.0,0.6,0.5,0.5454545454545454,1.0,5.0,"[0, 20, 40, 41, 42, 43]","[4, 16, 25, 30, 42, 43, 50, 53, 55, 57, 67, 77]",[],"[16, 25, 42, 43]","[1, 13, 20, 26, 30, 34, 37, 42, 43, 48]",[42],"[1, 20, 30, 42, 43]",complete,
cm2,continuous,500,50,10.0,13,3246698091,k_high,k,20,0.95,2.0,3.0,0.2727272727272727,0.5,0.3529411764705882,1.0,11.0,0.0,0.0,0.0,1.0,0.0,0.6,0.5,0.5454545454545454,1.0,5.0,0.5,0.5,0.5,1.0,6.0,1.0,0.3333333333333333,0.5,1.0,2.0,0.6,0.5,0.5454545454545454,1.0,5.0,"[0, 20, 40, 41, 42, 43]","[12, 14, 31, 36, 40, 42, 43, 51, 55, 57, 62]",[],"[12, 40, 42, 43, 57]","[13, 20, 34, 42, 43, 57]","[20, 42]","[20, 34, 42, 43, 57]",complete,
cm2,continuous,500,50,10.0,14,4007049529,reference,reference,20,0.95,2.0,2.0,0.1111111111111111,0.16666666666666666,0.13333333333333333,1.0,9.0,0.0,0.0,0.0,1.0,1.0,0.2,0.16666666666666666,0.1818181818181818,1.0,5.0,0.3333333333333333,0.5,0.4,1.0,9.0,0.0,0.0,0.0,1.0,0.0,0.42857142857142855,0.5,0.4615384615384615,1.0,7.0,"[0, 20, 40, 41, 42, 43]","[10, 14, 24, 32, 42, 44, 46, 61, 62]",[10],"[10, 24, 42, 44, 61]","[0, 5, 20, 28, 33, 42, 44, 62, 72]",[],"[0, 5, 20, 28, 33, 42, 44]",complete,
cm2,continuous,500,50,10.0,14,4007049529,m_low,m,10,0.95,2.0,2.0,0.2857142857142857,0.3333333333333333,0.30769230769230765,1.0,7.0,0.0,0.0,0.0,1.0,0.0,0.5,0.16666666666666666,0.25,1.0,2.0,0.3,0.5,0.37499999999999994,1.0,10.0,1.0,0.16666666666666666,0.2857142857142857,1.0,1.0,0.375,0.5,0.42857142857142855,1.0,8.0,"[0, 20, 40, 41, 42, 43]","[3, 16, 39, 42, 43, 44, 71]",[],"[3, 42]","[0, 5, 15, 16, 20, 28, 34, 42, 44, 62]",[42],"[0, 5, 16, 20, 28, 34, 42, 44]",complete,
cm2,continuous,500,50,10.0,14,4007049529,m_high,m,50,0.95,2.0,2.0,0.16666666666666666,0.3333333333333333,0.2222222222222222,1.0,12.0,0.0,0.0,0.0,1.0,0.0,0.25,0.16666666666666666,0.2,1.0,4.0,0.2727272727272727,0.5,0.3529411764705882,1.0,11.0,0.0,0.0,0.0,1.0,0.0,0.42857142857142855,0.5,0.4615384615384615,1.0,7.0,"[0, 20, 40, 41, 42, 43]","[12, 16, 23, 24, 25, 41, 42, 44, 46, 65, 68, 78]",[],"[42, 65, 68, 78]","[0, 3, 5, 20, 33, 34, 42, 44, 46, 65, 78]",[],"[0, 5, 20, 34, 42, 44, 65]",complete,
cm2,continuous,500,50,10.0,14,4007049529,beta_low,beta,20,0.95,1.0,2.0,0.09090909090909091,0.16666666666666666,0.11764705882352942,1.0,11.0,0.0,0.0,0.0,1.0,0.0,0.25,0.16666666666666666,0.2,1.0,4.0,0.45454545454545453,0.8333333333333334,0.5882352941176471,1.0,11.0,0.0,0.0,0.0,1.0,0.0,0.5,0.5,0.5,1.0,6.0,"[0, 20, 40, 41, 42, 43]","[4, 9, 18, 19, 36, 42, 44, 45, 56, 65, 68]",[],"[9, 42, 44, 45]","[0, 15, 19, 20, 28, 30, 40, 41, 42, 44, 56]",[],"[0, 19, 20, 28, 42, 44]",complete,
cm2,continuous,500,50,10.0,14,4007049529,beta_high,beta,20,0.95,3.0,2.0,0.09090909090909091,0.16666666666666666,0.11764705882352942,1.0,11.0,0.0,0.0,0.0,1.0,0.0,0.3333333333333333,0.16666666666666666,0.2222222222222222,1.0,3.0,0.25,0.5,0.3333333333333333,1.0,12.0,0.0,0.0,0.0,1.0,0.0,0.3333333333333333,0.5,0.4,1.0,9.0,"[0, 20, 40, 41, 42, 43]","[10, 13, 21, 25, 27, 29, 42, 44, 62, 65, 78]",[],"[42, 62, 65]","[0, 5, 19, 20, 28, 33, 34, 42, 44, 62, 65, 78]",[],"[0, 5, 19, 20, 28, 33, 34, 42, 65]",complete,
cm2,continuous,500,50,10.0,14,4007049529,k_low,k,20,0.95,2.0,1.0,0.14285714285714285,0.16666666666666666,0.15384615384615383,1.0,7.0,0.0,0.0,0.0,1.0,0.0,0.16666666666666666,0.16666666666666666,0.16666666666666666,1.0,6.0,0.2,0.5,0.28571428571428575,1.0,15.0,0.0,0.0,0.0,1.0,0.0,0.2857142857142857,0.3333333333333333,0.30769230769230765,1.0,7.0,"[0, 20, 40, 41, 42, 43]","[27, 30, 35, 42, 44, 62, 65]",[],"[30, 35, 42, 44, 62, 65]","[0, 2, 5, 8, 20, 24, 26, 30, 33, 34, 39, 42, 44, 62, 78]",[],"[5, 20, 24, 26, 33, 42, 44]",complete,
cm2,continuous,500,50,10.0,14,4007049529,k_high,k,20,0.95,2.0,3.0,0.15384615384615385,0.3333333333333333,0.21052631578947367,1.0,13.0,0.0,0.0,0.0,1.0,0.0,0.0,0.0,0.0,1.0,2.0,0.2857142857142857,0.6666666666666666,0.4,1.0,14.0,0.0,0.0,0.0,1.0,0.0,0.5,0.5,0.5,1.0,6.0,"[0, 20, 40, 41, 42, 43]","[40, 42, 44, 46, 56, 59, 62, 65, 68, 72, 73, 78, 82]",[],"[44, 56]","[0, 5, 19, 20, 28, 34, 40, 42, 44, 46, 56, 59, 72, 78]",[],"[0, 5, 20, 28, 42, 44]",complete,
cm2,continuous,500,50,10.0,15,3910883370,reference,reference,20,0.95,2.0,2.0,0.23076923076923078,0.5,0.3157894736842105,1.0,13.0,1.0,0.16666666666666666,0.2857142857142857,1.0,1.0,0.2,0.16666666666666666,0.1818181818181818,1.0,5.0,0.5,0.6666666666666666,0.5714285714285715,1.0,8.0,1.0,0.3333333333333333,0.5,1.0,2.0,0.5,0.3333333333333333,0.4,1.0,4.0,"[0, 20, 40, 41, 42, 43]","[5, 12, 24, 35, 39, 41, 42, 43, 46, 61, 63, 72, 83]",[42],"[39, 42, 46, 63, 83]","[0, 19, 20, 34, 41, 42, 63, 83]","[20, 42]","[20, 34, 42, 63]",complete,
cm2,continuous,500,50,10.0,15,3910883370,m_low,m,10,0.95,2.0,2.0,0.2222222222222222,0.3333333333333333,0.26666666666666666,1.0,9.0,0.0,0.0,0.0,1.0,0.0,0.5,0.16666666666666666,0.25,1.0,2.0,0.3333333333333333,0.5,0.4,1.0,9.0,1.0,0.16666666666666666,0.2857142857142857,1.0,1.0,0.5,0.3333333333333333,0.4,1.0,4.0,"[0, 20, 40, 41, 42, 43]","[4, 17, 26, 39, 42, 43, 61, 68, 83]",[],"[26, 42]","[11, 19, 20, 31, 34, 41, 42, 72, 83]",[42],"[11, 20, 31, 42]",complete,
cm2,continuous,500,50,10.0,15,3910883370,m_high,m,50,0.95,2.0,2.0,0.2,0.3333333333333333,0.25,1.0,10.0,1.0,0.16666666666666666,0.2857142857142857,1.0,1.0,0.5,0.16666666666666666,0.25,1.0,2.0,0.5,0.5,0.5,1.0,6.0,1.0,0.3333333333333333,0.5,1.0,2.0,0.75,0.5,0.6,1.0,4.0,"[0, 20, 40, 41, 42, 43]","[3, 8, 12, 14, 18, 29, 41, 42, 63, 83]",[42],"[42, 83]","[6, 20, 41, 42, 63, 83]","[20, 42]","[20, 41, 42, 83]",complete,
cm2,continuous,500,50,10.0,15,3910883370,beta_low,beta,20,0.95,1.0,2.0,0.09090909090909091,0.16666666666666666,0.11764705882352942,1.0,11.0,1.0,0.16666666666666666,0.2857142857142857,1.0,1.0,0.5,0.16666666666666666,0.25,1.0,2.0,0.4,0.3333333333333333,0.3636363636363636,1.0,5.0,1.0,0.3333333333333333,0.5,1.0,2.0,1.0,0.3333333333333333,0.5,1.0,2.0,"[0, 20, 40, 41, 42, 43]","[2, 8, 15, 23, 27, 37, 42, 45, 58, 61, 67]",[42],"[42, 45]","[11, 20, 27, 42, 83]","[20, 42]","[20, 42]",complete,
cm2,continuous,500,50,10.0,15,3910883370,beta_high,beta,20,0.95,3.0,2.0,0.2727272727272727,0.5,0.3529411764705882,1.0,11.0,0.0,0.0,0.0,1.0,0.0,0.5,0.3333333333333333,0.4,1.0,4.0,0.5,0.6666666666666666,0.5714285714285715,1.0,8.0,1.0,0.16666666666666666,0.2857142857142857,1.0,1.0,0.5,0.5,0.5,1.0,6.0,"[0, 20, 40, 41, 42, 43]","[16, 21, 23, 41, 42, 43, 57, 61, 63, 75, 83]",[],"[21, 42, 43, 61]","[0, 11, 20, 23, 34, 41, 42, 83]",[42],"[11, 20, 23, 41, 42, 83]",complete,
cm2,continuous,500,50,10.0,15,3910883370,k_low,k,20,0.95,2.0,1.0,0.125,0.16666666666666666,0.14285714285714288,1.0,8.0,0.0,0.0,0.0,1.0,0.0,0.3333333333333333,0.16666666666666666,0.2222222222222222,1.0,3.0,0.3333333333333333,0.5,0.4,1.0,9.0,1.0,0.16666666666666666,0.2857142857142857,1.0,1.0,0.5,0.3333333333333333,0.4,1.0,4.0,"[0, 20, 40, 41, 42, 43]","[1, 7, 10, 42, 56, 63, 72, 83]",[],"[42, 63, 83]","[0, 7, 11, 20, 42, 63, 68, 72, 83]",[42],"[20, 42, 72, 83]",complete,
cm2,continuous,500,50,10.0,15,3910883370,k_high,k,20,0.95,2.0,3.0,0.2,0.3333333333333333,0.25,1.0,10.0,1.0,0.16666666666666666,0.2857142857142857,1.0,1.0,0.5,0.16666666666666666,0.25,1.0,2.0,0.42857142857142855,0.5,0.4615384615384615,1.0,7.0,1.0,0.16666666666666666,0.2857142857142857,1.0,1.0,0.4,0.3333333333333333,0.3636363636363636,1.0,5.0,"[0, 20, 40, 41, 42, 43]","[7, 8, 13, 15, 41, 42, 48, 57, 63, 83]",[42],"[42, 83]","[11, 20, 31, 41, 42, 73, 83]",[42],"[11, 20, 31, 42, 83]",complete,
cm2,continuous,500,50,10.0,16,4202923404,reference,reference,20,0.95,2.0,2.0,0.06666666666666667,0.16666666666666666,0.09523809523809522,1.0,15.0,0.0,0.0,0.0,1.0,0.0,0.3333333333333333,0.16666666666666666,0.2222222222222222,1.0,3.0,0.4166666666666667,0.8333333333333334,0.5555555555555556,1.0,12.0,1.0,0.5,0.6666666666666666,1.0,3.0,0.4,0.6666666666666666,0.5,1.0,10.0,"[0, 20, 40, 41, 42, 43]","[4, 5, 8, 13, 18, 21, 23, 29, 42, 45, 50, 55, 60, 74, 78]",[],"[18, 42, 55]","[0, 1, 3, 20, 22, 40, 42, 43, 45, 50, 55, 78]","[0, 42, 43]","[0, 3, 20, 22, 42, 43, 45, 50, 55, 78]",complete,
cm2,continuous,500,50,10.0,16,4202923404,m_low,m,10,0.95,2.0,2.0,0.2,0.3333333333333333,0.25,1.0,10.0,0.0,0.0,0.0,1.0,0.0,0.5,0.3333333333333333,0.4,1.0,4.0,0.4166666666666667,0.8333333333333334,0.5555555555555556,1.0,12.0,1.0,0.3333333333333333,0.5,1.0,2.0,0.5714285714285714,0.6666666666666666,0.6153846153846153,1.0,7.0,"[0, 20, 40, 41, 42, 43]","[1, 12, 21, 27, 35, 42, 43, 45, 59, 66]",[],"[1, 42, 43, 66]","[0, 1, 3, 20, 22, 40, 42, 43, 45, 50, 66, 67]","[42, 43]","[0, 3, 20, 22, 42, 43, 45]",complete,
cm2,continuous,500,50,10.0,16,4202923404,m_high,m,50,0.95,2.0,2.0,0.2,0.3333333333333333,0.25,1.0,10.0,1.0,0.16666666666666666,0.2857142857142857,1.0,1.0,0.25,0.16666666666666666,0.2,1.0,4.0,0.5,0.6666666666666666,0.5714285714285715,1.0,8.0,1.0,0.5,0.6666666666666666,1.0,3.0,0.6666666666666666,0.6666666666666666,0.6666666666666666,1.0,6.0,"[0, 20, 40, 41, 42, 43]","[13, 26, 29, 33, 42, 43, 45, 47, 50, 55]",[42],"[26, 42, 45, 50]","[0, 3, 20, 42, 43, 45, 50, 55]","[0, 42, 43]","[0, 20, 42, 43, 45, 50]",complete,
cm2,continuous,500,50,10.0,16,4202923404,beta_low,beta,20,0.95,1.0,2.0,0.25,0.3333333333333333,0.28571428571428575,1.0,8.0,0.0,0.0,0.0,1.0,0.0,0.6666666666666666,0.3333333333333333,0.4444444444444444,1.0,3.0,0.625,0.8333333333333334,0.7142857142857143,1.0,8.0,1.0,0.5,0.6666666666666666,1.0,3.0,0.6666666666666666,0.6666666666666666,0.6666666666666666,1.0,6.0,"[0, 20, 40, 41, 42, 43]","[5, 36, 42, 43, 45, 48, 55, 74]",[],"[5, 42, 43]","[0, 5, 20, 40, 42, 43, 45, 66]","[0, 42, 43]","[0, 5, 20, 42, 43, 45]",complete,
cm2,continuous,500,50,10.0,16,4202923404,beta_high,beta,20,0.95,3.0,2.0,0.23076923076923078,0.5,0.3157894736842105,1.0,13.0,0.0,0.0,0.0,1.0,0.0,0.4,0.3333333333333333,0.3636363636363636,1.0,5.0,0.5,0.6666666666666666,0.5714285714285715,1.0,8.0,1.0,0.16666666666666666,0.2857142857142857,1.0,1.0,0.5714285714285714,0.6666666666666666,0.6153846153846153,1.0,7.0,"[0, 20, 40, 41, 42, 43]","[2, 24, 36, 41, 42, 43, 45, 46, 50, 54, 55, 63, 66]",[],"[41, 42, 45, 50, 66]","[0, 20, 22, 42, 43, 45, 50, 55]",[42],"[0, 20, 22, 42, 43, 45, 55]",complete,
cm2,continuous,500,50,10.0,16,4202923404,k_low,k,20,0.95,2.0,1.0,0.2857142857142857,0.3333333333333333,0.30769230769230765,1.0,7.0,0.0,0.0,0.0,1.0,0.0,0.3333333333333333,0.16666666666666666,0.2222222222222222,1.0,3.0,0.4444444444444444,0.6666666666666666,0.5333333333333333,1.0,9.0,1.0,0.3333333333333333,0.5,1.0,2.0,0.5714285714285714,0.6666666666666666,0.6153846153846153,1.0,7.0,"[0, 20, 40, 41, 42, 43]","[38, 42, 43, 45, 50, 66, 79]",[],"[42, 45, 50]","[0, 20, 22, 38, 42, 43, 45, 50, 66]","[42, 43]","[0, 20, 38, 42, 43, 45, 50]",complete,
cm2,continuous,500,50,10.0,16,4202923404,k_high,k,20,0.95,2.0,3.0,0.2222222222222222,0.3333333333333333,0.26666666666666666,1.0,9.0,0.0,0.0,0.0,1.0,1.0,0.4,0.3333333333333333,0.3636363636363636,1.0,5.0,0.4444444444444444,0.6666666666666666,0.5333333333333333,1.0,9.0,1.0,0.3333333333333333,0.5,1.0,2.0,0.5714285714285714,0.6666666666666666,0.6153846153846153,1.0,7.0,"[0, 20, 40, 41, 42, 43]","[4, 21, 42, 43, 45, 50, 59, 66, 67]",[4],"[4, 42, 43, 45, 50]","[0, 17, 20, 22, 42, 43, 45, 50, 66]","[42, 43]","[0, 20, 22, 42, 43, 45, 50]",complete,
cm2,continuous,500,50,10.0,17,480305596,reference,reference,20,0.95,2.0,2.0,0.18181818181818182,0.3333333333333333,0.23529411764705885,1.0,11.0,0.0,0.0,0.0,1.0,0.0,0.5,0.16666666666666666,0.25,1.0,2.0,0.4444444444444444,0.6666666666666666,0.5333333333333333,1.0,9.0,1.0,0.16666666666666666,0.2857142857142857,1.0,1.0,0.6666666666666666,0.6666666666666666,0.6666666666666666,1.0,6.0,"[0, 20, 40, 41, 42, 43]","[18, 23, 25, 41, 42, 55, 62, 69, 75, 76, 77]",[],"[42, 77]","[20, 22, 41, 42, 43, 57, 62, 75, 77]",[42],"[20, 41, 42, 43, 75, 77]",complete,
cm2,continuous,500,50,10.0,17,480305596,m_low,m,10,0.95,2.0,2.0,0.25,0.3333333333333333,0.28571428571428575,1.0,8.0,0.0,0.0,0.0,1.0,0.0,1.0,0.3333333333333333,0.5,1.0,2.0,0.375,0.5,0.42857142857142855,1.0,8.0,1.0,0.3333333333333333,0.5,1.0,2.0,0.5,0.5,0.5,1.0,6.0,"[0, 20, 40, 41, 42, 43]","[2, 8, 27, 35, 42, 43, 59, 77]",[],"[42, 43]","[7, 20, 42, 43, 48, 57, 75, 77]","[42, 43]","[20, 42, 43, 57, 75, 77]",complete,
cm2,continuous,500,50,10.0,17,480305596,m_high,m,50,0.95,2.0,2.0,0.23076923076923078,0.5,0.3157894736842105,1.0,13.0,0.0,0.0,0.0,1.0,0.0,0.5,0.5,0.5,1.0,6.0,0.5555555555555556,0.8333333333333334,0.6666666666666667,1.0,9.0,1.0,0.16666666666666666,0.2857142857142857,1.0,1.0,0.5,0.5,0.5,1.0,6.0,"[0, 20, 40, 41, 42, 43]","[1, 7, 8, 16, 24, 31, 39, 41, 42, 43, 69, 75, 77]",[],"[1, 7, 41, 42, 43, 69]","[0, 7, 20, 41, 42, 43, 57, 69, 75]",[42],"[20, 42, 43, 57, 69, 75]",complete,
cm2,continuous,500,50,10.0,17,480305596,beta_low,beta,20,0.95,1.0,2.0,0.14285714285714285,0.3333333333333333,0.2,1.0,14.0,0.0,0.0,0.0,1.0,0.0,0.5,0.16666666666666666,0.25,1.0,2.0,0.3076923076923077,0.6666666666666666,0.42105263157894735,1.0,13.0,1.0,0.16666666666666666,0.2857142857142857,1.0,1.0,0.42857142857142855,0.5,0.4615384615384615,1.0,7.0,"[0, 20, 40, 41, 42, 43]","[7, 13, 15, 24, 26, 28, 32, 38, 42, 43, 62, 75, 77, 83]",[],"[42, 62]","[0, 6, 20, 21, 38, 42, 43, 57, 62, 71, 75, 77, 83]",[42],"[6, 20, 42, 43, 62, 71, 75]",complete,
cm2,continuous,500,50,10.0,17,480305596,beta_high,beta,20,0.95,3.0,2.0,0.42857142857142855,0.5,0.4615384615384615,1.0,7.0,0.0,0.0,0.0,1.0,0.0,0.6666666666666666,0.3333333333333333,0.4444444444444444,1.0,3.0,0.5714285714285714,0.6666666666666666,0.6153846153846153,1.0,7.0,1.0,0.16666666666666666,0.2857142857142857,1.0,1.0,0.6,0.5,0.5454545454545454,1.0,5.0,"[0, 20, 40, 41, 42, 43]","[6, 30, 41, 42, 43, 75, 77]",[],"[42, 43, 75]","[20, 41, 42, 43, 57, 75, 77]",[42],"[20, 42, 43, 75, 77]",complete,
cm2,continuous,500,50,10.0,17,480305596,k_low,k,20,0.95,2.0,1.0,0.18181818181818182,0.3333333333333333,0.23529411764705885,1.0,11.0,0.0,0.0,0.0,1.0,0.0,1.0,0.16666666666666666,0.2857142857142857,1.0,1.0,0.3076923076923077,0.6666666666666666,0.42105263157894735,1.0,13.0,1.0,0.16666666666666666,0.2857142857142857,1.0,1.0,0.42857142857142855,0.5,0.4615384615384615,1.0,7.0,"[0, 20, 40, 41, 42, 43]","[6, 7, 10, 26, 39, 42, 43, 57, 75, 77, 81]",[],[42],"[0, 6, 7, 20, 21, 27, 34, 42, 43, 57, 75, 77, 81]",[42],"[6, 20, 34, 42, 43, 57, 75]",complete,
cm2,continuous,500,50,10.0,17,480305596,k_high,k,20,0.95,2.0,3.0,0.375,0.5,0.42857142857142855,1.0,8.0,0.0,0.0,0.0,1.0,0.0,0.0,0.0,0.0,1.0,2.0,0.5555555555555556,0.8333333333333334,0.6666666666666667,1.0,9.0,1.0,0.3333333333333333,0.5,1.0,2.0,0.6,0.5,0.5454545454545454,1.0,5.0,"[0, 20, 40, 41, 42, 43]","[5, 10, 25, 41, 42, 43, 47, 75]",[],"[25, 75]","[0, 20, 41, 42, 43, 57, 62, 75, 77]","[20, 42]","[20, 42, 43, 57, 75]",complete,
cm2,continuous,500,50,10.0,18,782933190,reference,reference,20,0.95,2.0,2.0,0.18181818181818182,0.3333333333333333,0.23529411764705885,1.0,11.0,0.0,0.0,0.0,1.0,0.0,0.5,0.16666666666666666,0.25,1.0,2.0,0.6666666666666666,0.6666666666666666,0.6666666666666666,1.0,6.0,1.0,0.5,0.6666666666666666,1.0,3.0,1.0,0.5,0.6666666666666666,1.0,3.0,"[0, 20, 40, 41, 42, 43]","[7, 24, 26, 42, 43, 45, 46, 62, 68, 75, 77]",[],"[7, 42]","[0, 20, 42, 43, 66, 68]","[20, 42, 43]","[20, 42, 43]",complete,
cm2,continuous,500,50,10.0,18,782933190,m_low,m,10,0.95,2.0,2.0,0.3333333333333333,0.5,0.4,1.0,9.0,0.0,0.0,0.0,1.0,0.0,0.4,0.3333333333333333,0.3636363636363636,1.0,5.0,0.625,0.8333333333333334,0.7142857142857143,1.0,8.0,1.0,0.3333333333333333,0.5,1.0,2.0,0.6666666666666666,0.6666666666666666,0.6666666666666666,1.0,6.0,"[0, 20, 40, 41, 42, 43]","[32, 35, 41, 42, 43, 45, 46, 47, 68]",[],"[32, 42, 43, 45, 46]","[0, 20, 32, 41, 42, 43, 45, 68]","[42, 43]","[0, 20, 32, 42, 43, 45]",complete,
cm2,continuous,500,50,10.0,18,782933190,m_high,m,50,0.95,2.0,2.0,0.16666666666666666,0.3333333333333333,0.2222222222222222,1.0,12.0,0.0,0.0,0.0,1.0,0.0,0.5,0.3333333333333333,0.4,1.0,4.0,0.6666666666666666,0.6666666666666666,0.6666666666666666,1.0,6.0,1.0,0.5,0.6666666666666666,1.0,3.0,0.75,0.5,0.6,1.0,4.0,"[0, 20, 40, 41, 42, 43]","[1, 10, 13, 15, 16, 27, 35, 36, 42, 43, 46, 62]",[],"[15, 16, 42, 43]","[0, 20, 21, 36, 42, 43]","[20, 42, 43]","[20, 21, 42, 43]",complete,
cm2,continuous,500,50,10.0,18,782933190,beta_low,beta,20,0.95,1.0,2.0,0.2,0.3333333333333333,0.25,1.0,10.0,1.0,0.16666666666666666,0.2857142857142857,1.0,1.0,0.6666666666666666,0.3333333333333333,0.4444444444444444,1.0,3.0,0.4444444444444444,0.6666666666666666,0.5333333333333333,1.0,9.0,1.0,0.3333333333333333,0.5,1.0,2.0,0.6,0.5,0.5454545454545454,1.0,5.0,"[0, 20, 40, 41, 42, 43]","[15, 27, 42, 43, 62, 66, 68, 69, 76, 77]",[42],"[42, 43, 68]","[0, 20, 32, 39, 42, 43, 62, 66, 68]","[20, 42]","[20, 32, 42, 43, 68]",complete,
cm2,continuous,500,50,10.0,18,782933190,beta_high,beta,20,0.95,3.0,2.0,0.2857142857142857,0.3333333333333333,0.30769230769230765,1.0,7.0,0.0,0.0,0.0,1.0,0.0,0.6666666666666666,0.3333333333333333,0.4444444444444444,1.0,3.0,0.5714285714285714,0.6666666666666666,0.6153846153846153,1.0,7.0,1.0,0.16666666666666666,0.2857142857142857,1.0,1.0,0.6666666666666666,0.6666666666666666,0.6666666666666666,1.0,6.0,"[0, 20, 40, 41, 42, 43]","[27, 42, 43, 45, 58, 69, 73]",[],"[42, 43, 58]","[0, 20, 21, 30, 42, 43, 76]",[42],"[0, 20, 21, 30, 42, 43]",complete,
cm2,continuous,500,50,10.0,18,782933190,k_low,k,20,0.95,2.0,1.0,0.25,0.3333333333333333,0.28571428571428575,1.0,8.0,0.0,0.0,0.0,1.0,0.0,0.6666666666666666,0.3333333333333333,0.4444444444444444,1.0,3.0,0.375,0.5,0.42857142857142855,1.0,8.0,1.0,0.3333333333333333,0.5,1.0,2.0,0.75,0.5,0.6,1.0,4.0,"[0, 20, 40, 41, 42, 43]","[5, 10, 26, 29, 42, 43, 58, 68]",[],"[5, 42, 43]","[20, 21, 26, 42, 43, 45, 58, 68]","[20, 42]","[20, 26, 42, 43]",complete,
cm2,continuous,500,50,10.0,18,782933190,k_high,k,20,0.95,2.0,3.0,0.3333333333333333,0.5,0.4,1.0,9.0,0.0,0.0,0.0,1.0,0.0,0.4,0.3333333333333333,0.3636363636363636,1.0,5.0,0.4444444444444444,0.6666666666666666,0.5333333333333333,1.0,9.0,1.0,0.5,0.6666666666666666,1.0,3.0,0.42857142857142855,0.5,0.4615384615384615,1.0,7.0,"[0, 20, 40, 41, 42, 43]","[10, 27, 39, 41, 42, 43, 68, 70, 82]",[],"[10, 42, 43, 68, 82]","[0, 10, 20, 21, 30, 39, 42, 43, 68]","[20, 42, 43]","[10, 20, 21, 30, 39, 42, 43]",complete,
cm2,continuous,500,50,10.0,19,1062823872,reference,reference,20,0.95,2.0,2.0,0.25,0.5,0.3333333333333333,1.0,12.0,1.0,0.16666666666666666,0.2857142857142857,1.0,1.0,0.6666666666666666,0.3333333333333333,0.4444444444444444,1.0,3.0,0.2857142857142857,0.3333333333333333,0.30769230769230765,1.0,7.0,1.0,0.16666666666666666,0.2857142857142857,1.0,1.0,0.4,0.3333333333333333,0.3636363636363636,1.0,5.0,"[0, 20, 40, 41, 42, 43]","[11, 14, 21, 35, 40, 42, 43, 51, 56, 68, 69, 83]",[42],"[11, 40, 42]","[5, 19, 23, 29, 40, 42, 69]",[42],"[19, 29, 40, 42, 69]",complete,
cm2,continuous,500,50,10.0,19,1062823872,m_low,m,10,0.95,2.0,2.0,0.3333333333333333,0.5,0.4,1.0,9.0,0.0,0.0,0.0,1.0,0.0,0.5,0.16666666666666666,0.25,1.0,2.0,0.3076923076923077,0.6666666666666666,0.42105263157894735,1.0,13.0,0.0,0.0,0.0,1.0,0.0,0.3333333333333333,0.3333333333333333,0.3333333333333333,1.0,6.0,"[0, 20, 40, 41, 42, 43]","[9, 10, 32, 41, 42, 43, 60, 63, 69]",[],"[10, 43]","[12, 20, 22, 28, 29, 39, 40, 42, 43, 50, 57, 66, 69]",[],"[12, 28, 29, 39, 42, 43]",complete,
cm2,continuous,500,50,10.0,19,1062823872,m_high,m,50,0.95,2.0,2.0,0.3333333333333333,0.6666666666666666,0.4444444444444444,1.0,12.0,1.0,0.16666666666666666,0.2857142857142857,1.0,1.0,0.75,0.5,0.6,1.0,4.0,0.5,0.6666666666666666,0.5714285714285715,1.0,8.0,1.0,0.16666666666666666,0.2857142857142857,1.0,1.0,0.6666666666666666,0.3333333333333333,0.4444444444444444,1.0,3.0,"[0, 20, 40, 41, 42, 43]","[10, 16, 23, 24, 27, 38, 40, 41, 42, 43, 50, 69]",[42],"[24, 41, 42, 43]","[4, 19, 29, 40, 41, 42, 43, 69]",[42],"[29, 40, 42]",complete,
cm2,continuous,500,50,10.0,19,1062823872,beta_low,beta,20,0.95,1.0,2.0,0.2222222222222222,0.3333333333333333,0.26666666666666666,1.0,9.0,1.0,0.16666666666666666,0.2857142857142857,1.0,1.0,0.4,0.3333333333333333,0.3636363636363636,1.0,5.0,0.375,0.5,0.42857142857142855,1.0,8.0,1.0,0.16666666666666666,0.2857142857142857,1.0,1.0,0.4,0.3333333333333333,0.3636363636363636,1.0,5.0,"[0, 20, 40, 41, 42, 43]","[4, 18, 22, 31, 40, 42, 50, 54, 67]",[42],"[18, 40, 42, 50, 54]","[20, 29, 40, 42, 50, 54, 69, 70]",[42],"[40, 42, 50, 54, 70]",complete,
cm2,continuous,500,50,10.0,19,1062823872,beta_high,beta,20,0.95,3.0,2.0,0.1111111111111111,0.16666666666666666,0.13333333333333333,1.0,9.0,0.0,0.0,0.0,1.0,1.0,0.25,0.16666666666666666,0.2,1.0,4.0,0.25,0.3333333333333333,0.28571428571428575,1.0,8.0,1.0,0.16666666666666666,0.2857142857142857,1.0,1.0,0.5,0.3333333333333333,0.4,1.0,4.0,"[0, 20, 40, 41, 42, 43]","[3, 12, 15, 23, 27, 35, 39, 42, 51]",[12],"[12, 15, 27, 42]","[9, 10, 12, 19, 29, 40, 42, 51]",[42],"[12, 19, 40, 42]",complete,
cm2,continuous,500,50,10.0,19,1062823872,k_low,k,20,0.95,2.0,1.0,0.375,0.5,0.42857142857142855,1.0,8.0,1.0,0.16666666666666666,0.2857142857142857,1.0,1.0,0.6666666666666666,0.3333333333333333,0.4444444444444444,1.0,3.0,0.375,0.5,0.42857142857142855,1.0,8.0,1.0,0.16666666666666666,0.2857142857142857,1.0,1.0,0.3333333333333333,0.16666666666666666,0.2222222222222222,1.0,3.0,"[0, 20, 40, 41, 42, 43]","[8, 18, 21, 26, 40, 42, 43, 63]",[42],"[8, 40, 42]","[4, 8, 18, 19, 29, 40, 42, 43]",[42],"[4, 29, 42]",complete,
cm2,continuous,500,50,10.0,19,1062823872,k_high,k,20,0.95,2.0,3.0,0.25,0.5,0.3333333333333333,1.0,12.0,0.0,0.0,0.0,1.0,0.0,0.2,0.16666666666666666,0.1818181818181818,1.0,5.0,0.5,0.5,0.5,1.0,6.0,1.0,0.16666666666666666,0.2857142857142857,1.0,1.0,1.0,0.3333333333333333,0.5,1.0,2.0,"[0, 20, 40, 41, 42, 43]","[3, 14, 23, 25, 31, 33, 40, 42, 43, 51, 66, 79]",[],"[23, 25, 31, 42, 66]","[19, 29, 40, 42, 43, 51]",[42],"[40, 42]",complete,
cm2,continuous,500,50,10.0,20,3654937624,reference,reference,20,0.95,2.0,2.0,0.25,0.5,0.3333333333333333,1.0,12.0,0.0,0.0,0.0,1.0,0.0,0.3333333333333333,0.3333333333333333,0.3333333333333333,1.0,6.0,0.45454545454545453,0.8333333333333334,0.5882352941176471,1.0,11.0,1.0,0.16666666666666666,0.2857142857142857,1.0,1.0,0.6666666666666666,0.6666666666666666,0.6666666666666666,1.0,6.0,"[0, 20, 40, 41, 42, 43]","[3, 9, 10, 16, 18, 19, 39, 41, 42, 43, 51, 81]",[],"[9, 10, 42, 43, 51, 81]","[0, 13, 14, 20, 36, 39, 41, 42, 43, 51, 63]",[42],"[0, 20, 36, 39, 42, 43]",complete,
cm2,continuous,500,50,10.0,20,3654937624,m_low,m,10,0.95,2.0,2.0,0.21428571428571427,0.5,0.3,1.0,14.0,0.0,0.0,0.0,1.0,0.0,0.3333333333333333,0.3333333333333333,0.3333333333333333,1.0,6.0,0.5,0.8333333333333334,0.625,1.0,10.0,1.0,0.16666666666666666,0.2857142857142857,1.0,1.0,0.6666666666666666,0.6666666666666666,0.6666666666666666,1.0,6.0,"[0, 20, 40, 41, 42, 43]","[8, 15, 31, 36, 41, 42, 43, 44, 51, 57, 61, 62, 71, 79]",[],"[15, 41, 43, 51, 57, 61]","[0, 13, 20, 22, 36, 41, 42, 43, 51, 61]",[43],"[20, 36, 41, 42, 43, 51]",complete,
cm2,continuous,500,50,10.0,20,3654937624,m_high,m,50,0.95,2.0,2.0,0.2222222222222222,0.3333333333333333,0.26666666666666666,1.0,9.0,0.5,0.16666666666666666,0.25,1.0,2.0,0.4,0.3333333333333333,0.3636363636363636,1.0,5.0,0.5714285714285714,0.6666666666666666,0.6153846153846153,1.0,7.0,1.0,0.3333333333333333,0.5,1.0,2.0,0.6,0.5,0.5454545454545454,1.0,5.0,"[0, 20, 40, 41, 42, 43]","[2, 8, 10, 23, 24, 29, 42, 43, 51]","[2, 42]","[2, 10, 24, 42, 43]","[0, 20, 42, 43, 51, 54, 69]","[42, 43]","[20, 42, 43, 54, 69]",complete,
cm2,continuous,500,50,10.0,20,3654937624,beta_low,beta,20,0.95,1.0,2.0,0.2857142857142857,0.3333333333333333,0.30769230769230765,1.0,7.0,0.0,0.0,0.0,1.0,0.0,0.5,0.16666666666666666,0.25,1.0,2.0,0.4444444444444444,0.6666666666666666,0.5333333333333333,1.0,9.0,1.0,0.3333333333333333,0.5,1.0,2.0,0.75,0.5,0.6,1.0,4.0,"[0, 20, 40, 41, 42, 43]","[20, 21, 28, 29, 34, 42, 54]",[],"[34, 42]","[0, 7, 20, 34, 35, 42, 43, 44, 54]","[20, 42]","[20, 42, 43, 54]",complete,
cm2,continuous,500,50,10.0,20,3654937624,beta_high,beta,20,0.95,3.0,2.0,0.3,0.5,0.37499999999999994,1.0,10.0,0.0,0.0,0.0,1.0,0.0,0.5,0.3333333333333333,0.4,1.0,4.0,0.5555555555555556,0.8333333333333334,0.6666666666666667,1.0,9.0,1.0,0.16666666666666666,0.2857142857142857,1.0,1.0,0.5,0.5,0.5,1.0,6.0,"[0, 20, 40, 41, 42, 43]","[14, 23, 32, 33, 41, 42, 43, 51, 54, 63]",[],"[23, 42, 43, 51]","[0, 13, 20, 36, 41, 42, 43, 51, 54]",[42],"[13, 20, 42, 43, 51, 54]",complete,
cm2,continuous,500,50,10.0,20,3654937624,k_low,k,20,0.95,2.0,1.0,0.5,0.5,0.5,1.0,6.0,0.0,0.0,0.0,1.0,0.0,0.5,0.3333333333333333,0.4,1.0,4.0,0.375,0.5,0.42857142857142855,1.0,8.0,1.0,0.16666666666666666,0.2857142857142857,1.0,1.0,0.75,0.5,0.6,1.0,4.0,"[0, 20, 40, 41, 42, 43]","[17, 41, 42, 43, 51, 60]",[],"[42, 43, 51, 60]","[13, 20, 27, 35, 36, 42, 43, 51]",[42],"[20, 42, 43, 51]",complete,
cm2,continuous,500,50,10.0,20,3654937624,k_high,k,20,0.95,2.0,3.0,0.375,0.5,0.42857142857142855,1.0,8.0,0.0,0.0,0.0,1.0,0.0,0.75,0.5,0.6,1.0,4.0,0.6666666666666666,0.6666666666666666,0.6666666666666666,1.0,6.0,1.0,0.3333333333333333,0.5,1.0,2.0,0.6666666666666666,0.6666666666666666,0.6666666666666666,1.0,6.0,"[0, 20, 40, 41, 42, 43]","[3, 8, 39, 40, 42, 43, 59, 71]",[],"[39, 40, 42, 43]","[0, 13, 20, 36, 42, 43]","[42, 43]","[0, 13, 20, 36, 42, 43]",complete,
cm2,continuous,500,50,10.0,21,3237819489,reference,reference,20,0.95,2.0,2.0,0.2857142857142857,0.3333333333333333,0.30769230769230765,1.0,7.0,0.0,0.0,0.0,1.0,0.0,1.0,0.16666666666666666,0.2857142857142857,1.0,1.0,0.2857142857142857,0.3333333333333333,0.30769230769230765,1.0,7.0,1.0,0.16666666666666666,0.2857142857142857,1.0,1.0,0.3333333333333333,0.16666666666666666,0.2222222222222222,1.0,3.0,"[0, 20, 40, 41, 42, 43]","[11, 18, 21, 39, 42, 43, 54]",[],[42],"[0, 5, 11, 12, 14, 42, 54]",[42],"[12, 42, 54]",complete,
cm2,continuous,500,50,10.0,21,3237819489,m_low,m,10,0.95,2.0,2.0,0.18181818181818182,0.3333333333333333,0.23529411764705885,1.0,11.0,0.0,0.0,0.0,1.0,0.0,0.3333333333333333,0.16666666666666666,0.2222222222222222,1.0,3.0,0.1,0.16666666666666666,0.125,1.0,10.0,1.0,0.16666666666666666,0.2857142857142857,1.0,1.0,0.16666666666666666,0.16666666666666666,0.16666666666666666,1.0,6.0,"[0, 20, 40, 41, 42, 43]","[2, 7, 13, 33, 41, 42, 53, 54, 68, 70, 80]",[],"[42, 54, 70]","[5, 12, 13, 32, 42, 54, 61, 70, 71, 80]",[42],"[5, 12, 42, 54, 61, 80]",complete,
cm2,continuous,500,50,10.0,21,3237819489,m_high,m,50,0.95,2.0,2.0,0.09090909090909091,0.16666666666666666,0.11764705882352942,1.0,11.0,1.0,0.16666666666666666,0.2857142857142857,1.0,1.0,0.25,0.16666666666666666,0.2,1.0,4.0,0.2222222222222222,0.3333333333333333,0.26666666666666666,1.0,9.0,0.5,0.16666666666666666,0.25,1.0,2.0,0.3333333333333333,0.3333333333333333,0.3333333333333333,1.0,6.0,"[0, 20, 40, 41, 42, 43]","[1, 4, 29, 30, 33, 36, 42, 50, 54, 70, 73]",[42],"[1, 42, 70, 73]","[0, 1, 12, 36, 42, 50, 54, 70, 71]","[12, 42]","[0, 12, 42, 50, 54, 70]",complete,
cm2,continuous,500,50,10.0,21,3237819489,beta_low,beta,20,0.95,1.0,2.0,0.2,0.3333333333333333,0.25,1.0,10.0,0.0,0.0,0.0,1.0,0.0,0.5,0.16666666666666666,0.25,1.0,2.0,0.2857142857142857,0.3333333333333333,0.30769230769230765,1.0,7.0,1.0,0.16666666666666666,0.2857142857142857,1.0,1.0,0.16666666666666666,0.16666666666666666,0.16666666666666666,1.0,6.0,"[0, 20, 40, 41, 42, 43]","[21, 31, 33, 42, 43, 45, 46, 48, 54, 56]",[],"[21, 42]","[12, 21, 42, 43, 46, 54, 70]",[42],"[12, 21, 42, 46, 54, 70]",complete,
cm2,continuous,500,50,10.0,21,3237819489,beta_high,beta,20,0.95,3.0,2.0,0.2222222222222222,0.3333333333333333,0.26666666666666666,1.0,9.0,0.0,0.0,0.0,1.0,0.0,0.4,0.3333333333333333,0.3636363636363636,1.0,5.0,0.3,0.5,0.37499999999999994,1.0,10.0,1.0,0.16666666666666666,0.2857142857142857,1.0,1.0,0.3333333333333333,0.16666666666666666,0.2222222222222222,1.0,3.0,"[0, 20, 40, 41, 42, 43]","[13, 17, 23, 31, 42, 43, 54, 70, 83]",[],"[17, 31, 42, 43, 70]","[0, 5, 12, 32, 37, 38, 42, 43, 54, 65]",[42],"[37, 42, 54]",complete,
cm2,continuous,500,50,10.0,21,3237819489,k_low,k,20,0.95,2.0,1.0,0.125,0.16666666666666666,0.14285714285714288,1.0,8.0,0.0,0.0,0.0,1.0,1.0,0.0,0.0,0.0,1.0,1.0,0.25,0.3333333333333333,0.28571428571428575,1.0,8.0,1.0,0.16666666666666666,0.2857142857142857,1.0,1.0,0.2857142857142857,0.3333333333333333,0.30769230769230765,1.0,7.0,"[0, 20, 40, 41, 42, 43]","[7, 13, 27, 42, 54, 57, 71, 83]",[7],[54],"[0, 5, 12, 27, 42, 54, 70, 71]",[42],"[0, 5, 12, 27, 42, 54, 71]",complete,
cm2,continuous,500,50,10.0,21,3237819489,k_high,k,20,0.95,2.0,3.0,0.07142857142857142,0.16666666666666666,0.1,1.0,14.0,0.0,0.0,0.0,1.0,0.0,0.2,0.16666666666666666,0.1818181818181818,1.0,5.0,0.2222222222222222,0.3333333333333333,0.26666666666666666,1.0,9.0,1.0,0.16666666666666666,0.2857142857142857,1.0,1.0,0.5,0.3333333333333333,0.4,1.0,4.0,"[0, 20, 40, 41, 42, 43]","[3, 9, 16, 18, 28, 39, 42, 45, 54, 68, 70, 71, 80, 83]",[],"[3, 42, 45, 54, 83]","[0, 1, 12, 14, 42, 54, 68, 70, 83]",[42],"[0, 12, 42, 54]",complete,
cm2,continuous,500,50,10.0,22,3408046135,reference,reference,20,0.95,2.0,2.0,0.42857142857142855,0.5,0.4615384615384615,1.0,7.0,0.0,0.0,0.0,1.0,0.0,0.5,0.16666666666666666,0.25,1.0,2.0,0.5,0.5,0.5,1.0,6.0,1.0,0.16666666666666666,0.2857142857142857,1.0,1.0,0.5,0.16666666666666666,0.25,1.0,2.0,"[0, 20, 40, 41, 42, 43]","[8, 10, 17, 31, 41, 42, 43]",[],"[31, 42]","[0, 16, 23, 42, 43, 61]",[42],"[23, 42]",complete,
cm2,continuous,500,50,10.0,22,3408046135,m_low,m,10,0.95,2.0,2.0,0.25,0.3333333333333333,0.28571428571428575,1.0,8.0,0.0,0.0,0.0,1.0,0.0,0.5,0.3333333333333333,0.4,1.0,4.0,0.42857142857142855,0.5,0.4615384615384615,1.0,7.0,1.0,0.16666666666666666,0.2857142857142857,1.0,1.0,0.6,0.5,0.5454545454545454,1.0,5.0,"[0, 20, 40, 41, 42, 43]","[2, 18, 24, 29, 42, 43, 71, 81]",[],"[18, 29, 42, 43]","[18, 20, 22, 23, 25, 42, 43]",[42],"[20, 23, 25, 42, 43]",complete,
cm2,continuous,500,50,10.0,22,3408046135,m_high,m,50,0.95,2.0,2.0,0.42857142857142855,0.5,0.4615384615384615,1.0,7.0,1.0,0.16666666666666666,0.2857142857142857,1.0,1.0,1.0,0.5,0.6666666666666666,1.0,3.0,0.4444444444444444,0.6666666666666666,0.5333333333333333,1.0,9.0,1.0,0.16666666666666666,0.2857142857142857,1.0,1.0,0.6666666666666666,0.3333333333333333,0.4444444444444444,1.0,3.0,"[0, 20, 40, 41, 42, 43]","[2, 6, 7, 41, 42, 43, 68]",[42],"[41, 42, 43]","[0, 9, 19, 20, 22, 23, 25, 42, 43]",[42],"[23, 42, 43]",complete,
cm2,continuous,500,50,10.0,22,3408046135,beta_low,beta,20,0.95,1.0,2.0,0.2,0.3333333333333333,0.25,1.0,10.0,0.0,0.0,0.0,1.0,0.0,0.25,0.16666666666666666,0.2,1.0,4.0,0.16666666666666666,0.16666666666666666,0.16666666666666666,1.0,6.0,1.0,0.16666666666666666,0.2857142857142857,1.0,1.0,0.5,0.16666666666666666,0.25,1.0,2.0,"[0, 20, 40, 41, 42, 43]","[10, 11, 16, 17, 18, 26, 39, 42, 43, 66]",[],"[16, 17, 39, 42]","[18, 23, 42, 55, 61, 81]",[42],"[23, 42]",complete,
cm2,continuous,500,50,10.0,22,3408046135,beta_high,beta,20,0.95,3.0,2.0,0.2222222222222222,0.3333333333333333,0.26666666666666666,1.0,9.0,0.0,0.0,0.0,1.0,0.0,0.25,0.16666666666666666,0.2,1.0,4.0,0.25,0.3333333333333333,0.28571428571428575,1.0,8.0,1.0,0.16666666666666666,0.2857142857142857,1.0,1.0,0.5,0.3333333333333333,0.4,1.0,4.0,"[0, 20, 40, 41, 42, 43]","[12, 28, 42, 43, 45, 55, 56, 72, 81]",[],"[12, 42, 45, 55]","[9, 19, 23, 42, 43, 45, 55, 61]",[42],"[19, 23, 42, 43]",complete,
cm2,continuous,500,50,10.0,22,3408046135,k_low,k,20,0.95,2.0,1.0,0.16666666666666666,0.16666666666666666,0.16666666666666666,1.0,6.0,1.0,0.16666666666666666,0.2857142857142857,1.0,1.0,0.5,0.16666666666666666,0.25,1.0,2.0,0.375,0.5,0.42857142857142855,1.0,8.0,1.0,0.16666666666666666,0.2857142857142857,1.0,1.0,0.25,0.16666666666666666,0.2,1.0,4.0,"[0, 20, 40, 41, 42, 43]","[26, 33, 38, 42, 45, 61]",[42],"[42, 45]","[0, 13, 20, 23, 33, 42, 45, 61]",[42],"[13, 23, 42, 45]",complete,
cm2,continuous,500,50,10.0,22,3408046135,k_high,k,20,0.95,2.0,3.0,0.16666666666666666,0.3333333333333333,0.2222222222222222,1.0,12.0,0.0,0.0,0.0,1.0,0.0,0.3333333333333333,0.16666666666666666,0.2222222222222222,1.0,3.0,0.23076923076923078,0.5,0.3157894736842105,1.0,13.0,1.0,0.16666666666666666,0.2857142857142857,1.0,1.0,0.375,0.5,0.42857142857142855,1.0,8.0,"[0, 20, 40, 41, 42, 43]","[1, 8, 12, 14, 15, 17, 18, 42, 43, 45, 61, 80]",[],"[17, 42, 45]","[9, 18, 19, 20, 22, 23, 25, 28, 42, 43, 45, 61, 80]",[42],"[9, 20, 22, 23, 42, 43, 45, 61]",complete,
cm2,continuous,500,50,10.0,23,2821771288,reference,reference,20,0.95,2.0,2.0,0.25,0.3333333333333333,0.28571428571428575,1.0,8.0,0.0,0.0,0.0,1.0,0.0,0.25,0.16666666666666666,0.2,1.0,4.0,0.5,0.8333333333333334,0.625,1.0,10.0,0.0,0.0,0.0,1.0,0.0,0.5,0.5,0.5,1.0,6.0,"[0, 20, 40, 41, 42, 43]","[5, 26, 29, 41, 42, 63, 69, 75]",[],"[26, 41, 69, 75]","[0, 8, 20, 29, 40, 41, 42, 45, 63, 75]",[],"[0, 20, 29, 42, 63, 75]",complete,
cm2,continuous,500,50,10.0,23,2821771288,m_low,m,10,0.95,2.0,2.0,0.2727272727272727,0.5,0.3529411764705882,1.0,11.0,0.0,0.0,0.0,1.0,0.0,0.0,0.0,0.0,1.0,2.0,0.5,1.0,0.6666666666666666,0.0,12.0,0.0,0.0,0.0,1.0,0.0,0.6666666666666666,1.0,0.8,0.0,9.0,"[0, 20, 40, 41, 42, 43]","[6, 32, 41, 42, 43, 45, 48, 63, 64, 78, 79]",[],"[48, 64]","[0, 6, 8, 20, 40, 41, 42, 43, 45, 57, 63, 78]",[],"[0, 8, 20, 40, 41, 42, 43, 63, 78]",complete,
cm2,continuous,500,50,10.0,23,2821771288,m_high,m,50,0.95,2.0,2.0,0.1,0.16666666666666666,0.125,1.0,10.0,1.0,0.16666666666666666,0.2857142857142857,1.0,1.0,1.0,0.16666666666666666,0.2857142857142857,1.0,1.0,0.42857142857142855,0.5,0.4615384615384615,1.0,7.0,1.0,0.16666666666666666,0.2857142857142857,1.0,1.0,1.0,0.5,0.6666666666666666,1.0,3.0,"[0, 20, 40, 41, 42, 43]","[1, 9, 21, 22, 26, 34, 42, 45, 63, 78]",[42],[42],"[0, 8, 20, 42, 55, 63, 73]",[42],"[0, 20, 42]",complete,
cm2,continuous,500,50,10.0,23,2821771288,beta_low,beta,20,0.95,1.0,2.0,0.18181818181818182,0.3333333333333333,0.23529411764705885,1.0,11.0,0.0,0.0,0.0,1.0,1.0,0.25,0.16666666666666666,0.2,1.0,4.0,0.3333333333333333,0.5,0.4,1.0,9.0,1.0,0.16666666666666666,0.2857142857142857,1.0,1.0,0.375,0.5,0.42857142857142855,1.0,8.0,"[0, 20, 40, 41, 42, 43]","[1, 11, 13, 15, 27, 41, 42, 45, 53, 54, 76]",[13],"[11, 13, 42, 45]","[0, 2, 8, 13, 15, 20, 42, 45, 78]",[42],"[0, 2, 8, 13, 15, 20, 42, 45]",complete,
cm2,continuous,500,50,10.0,23,2821771288,beta_high,beta,20,0.95,3.0,2.0,0.2727272727272727,0.5,0.3529411764705882,1.0,11.0,0.0,0.0,0.0,1.0,0.0,0.75,0.5,0.6,1.0,4.0,0.625,0.8333333333333334,0.7142857142857143,1.0,8.0,1.0,0.16666666666666666,0.2857142857142857,1.0,1.0,0.8333333333333334,0.8333333333333334,0.8333333333333334,1.0,6.0,"[0, 20, 40, 41, 42, 43]","[13, 16, 29, 37, 40, 42, 43, 49, 58, 64, 78]",[],"[37, 40, 42, 43]","[0, 8, 20, 40, 42, 43, 58, 75]",[42],"[0, 8, 20, 40, 42, 43]",complete,
cm2,continuous,500,50,10.0,23,2821771288,k_low,k,20,0.95,2.0,1.0,0.4,0.6666666666666666,0.5,1.0,10.0,0.0,0.0,0.0,1.0,0.0,0.6,0.5,0.5454545454545454,1.0,5.0,0.4,0.6666666666666666,0.5,1.0,10.0,0.0,0.0,0.0,1.0,0.0,0.5,0.5,0.5,1.0,6.0,"[0, 20, 40, 41, 42, 43]","[6, 18, 29, 31, 40, 41, 42, 43, 69, 78]",[],"[6, 40, 42, 43, 78]","[0, 6, 8, 20, 24, 40, 42, 57, 63, 78]",[],"[0, 6, 8, 20, 24, 42]",complete,
cm2,continuous,500,50,10.0,23,2821771288,k_high,k,20,0.95,2.0,3.0,0.25,0.3333333333333333,0.28571428571428575,1.0,8.0,0.0,0.0,0.0,1.0,0.0,0.6666666666666666,0.3333333333333333,0.4444444444444444,1.0,3.0,0.5,0.6666666666666666,0.5714285714285715,1.0,8.0,1.0,0.16666666666666666,0.2857142857142857,1.0,1.0,0.5714285714285714,0.6666666666666666,0.6153846153846153,1.0,7.0,"[0, 20, 40, 41, 42, 43]","[11, 16, 17, 41, 42, 63, 64, 69]",[],"[41, 42, 64]","[0, 8, 20, 41, 42, 63, 64, 75]",[42],"[0, 8, 20, 41, 42, 63, 64]",complete,
cm2,continuous,500,50,10.0,24,1735798279,reference,reference,20,0.95,2.0,2.0,0.2727272727272727,0.5,0.3529411764705882,1.0,11.0,0.0,0.0,0.0,1.0,1.0,0.42857142857142855,0.5,0.4615384615384615,1.0,7.0,0.42857142857142855,0.5,0.4615384615384615,1.0,7.0,1.0,0.16666666666666666,0.2857142857142857,1.0,1.0,0.75,0.5,0.6,1.0,4.0,"[0, 20, 40, 41, 42, 43]","[7, 9, 10, 16, 24, 41, 42, 43, 60, 61, 72]",[16],"[7, 9, 10, 16, 41, 42, 43]","[27, 41, 42, 43, 60, 61, 70]",[42],"[41, 42, 43, 61]",complete,
cm2,continuous,500,50,10.0,24,1735798279,m_low,m,10,0.95,2.0,2.0,0.25,0.3333333333333333,0.28571428571428575,1.0,8.0,0.0,0.0,0.0,1.0,0.0,0.25,0.16666666666666666,0.2,1.0,4.0,0.375,0.5,0.42857142857142855,1.0,8.0,0.6666666666666666,0.3333333333333333,0.4444444444444444,1.0,3.0,0.42857142857142855,0.5,0.4615384615384615,1.0,7.0,"[0, 20, 40, 41, 42, 43]","[14, 19, 31, 42, 43, 46, 61, 66]",[],"[19, 42, 61, 66]","[27, 41, 42, 43, 60, 61, 66, 81]","[42, 43, 61]","[27, 41, 42, 43, 61, 66, 81]",complete,
cm2,continuous,500,50,10.0,24,1735798279,m_high,m,50,0.95,2.0,2.0,0.375,0.5,0.42857142857142855,1.0,8.0,1.0,0.16666666666666666,0.2857142857142857,1.0,1.0,0.6666666666666666,0.3333333333333333,0.4444444444444444,1.0,3.0,0.7142857142857143,0.8333333333333334,0.7692307692307692,1.0,7.0,1.0,0.16666666666666666,0.2857142857142857,1.0,1.0,0.75,0.5,0.6,1.0,4.0,"[0, 20, 40, 41, 42, 43]","[13, 14, 23, 29, 40, 42, 43, 61]",[42],"[42, 43, 61]","[0, 27, 40, 41, 42, 43, 61]",[42],"[0, 40, 42, 61]",complete,
cm2,continuous,500,50,10.0,24,1735798279,beta_low,beta,20,0.95,1.0,2.0,0.25,0.5,0.3333333333333333,1.0,12.0,0.0,0.0,0.0,1.0,0.0,1.0,0.3333333333333333,0.5,1.0,2.0,0.8,0.6666666666666666,0.7272727272727272,1.0,5.0,0.5,0.16666666666666666,0.25,1.0,2.0,0.75,0.5,0.6,1.0,4.0,"[0, 20, 40, 41, 42, 43]","[12, 17, 19, 20, 23, 30, 32, 39, 42, 43, 51, 61]",[],"[42, 43]","[0, 41, 42, 43, 61]","[42, 61]","[0, 42, 43, 61]",complete,
cm2,continuous,500,50,10.0,24,1735798279,beta_high,beta,20,0.95,3.0,2.0,0.23076923076923078,0.5,0.3157894736842105,1.0,13.0,0.0,0.0,0.0,1.0,0.0,0.3333333333333333,0.16666666666666666,0.2222222222222222,1.0,3.0,0.5,0.5,0.5,1.0,6.0,0.5,0.16666666666666666,0.25,1.0,2.0,0.5,0.16666666666666666,0.25,1.0,2.0,"[0, 20, 40, 41, 42, 43]","[4, 11, 21, 39, 41, 42, 43, 57, 60, 61, 65, 70, 72]",[],"[39, 42, 61]","[21, 27, 41, 42, 43, 61]","[42, 61]","[42, 61]",complete,
cm2,continuous,500,50,10.0,24,1735798279,k_low,k,20,0.95,2.0,1.0,0.18181818181818182,0.3333333333333333,0.23529411764705885,1.0,11.0,1.0,0.16666666666666666,0.2857142857142857,1.0,1.0,0.3333333333333333,0.16666666666666666,0.2222222222222222,1.0,3.0,0.5,0.5,0.5,1.0,6.0,0.5,0.16666666666666666,0.25,1.0,2.0,0.5,0.3333333333333333,0.4,1.0,4.0,"[0, 20, 40, 41, 42, 43]","[1, 6, 21, 31, 32, 34, 42, 43, 57, 61, 81]",[42],"[42, 61, 81]","[27, 41, 42, 43, 57, 61]","[42, 61]","[41, 42, 57, 61]",complete,
cm2,continuous,500,50,10.0,24,1735798279,k_high,k,20,0.95,2.0,3.0,0.4,0.6666666666666666,0.5,1.0,10.0,0.0,0.0,0.0,1.0,1.0,0.3333333333333333,0.16666666666666666,0.2222222222222222,1.0,3.0,0.5714285714285714,0.6666666666666666,0.6153846153846153,1.0,7.0,0.6666666666666666,0.3333333333333333,0.4444444444444444,1.0,3.0,0.6666666666666666,0.3333333333333333,0.4444444444444444,1.0,3.0,"[0, 20, 40, 41, 42, 43]","[7, 9, 10, 13, 20, 26, 41, 42, 43, 61]",[7],"[7, 42, 61]","[0, 27, 41, 42, 43, 44, 61]","[42, 43, 61]","[42, 43, 61]",complete,
cm2,continuous,500,50,10.0,25,1989366834,reference,reference,20,0.95,2.0,2.0,0.21428571428571427,0.5,0.3,1.0,14.0,0.0,0.0,0.0,1.0,0.0,0.5,0.5,0.5,1.0,6.0,0.5,0.6666666666666666,0.5714285714285715,1.0,8.0,1.0,0.16666666666666666,0.2857142857142857,1.0,1.0,0.5714285714285714,0.6666666666666666,0.6153846153846153,1.0,7.0,"[0, 20, 40, 41, 42, 43]","[6, 10, 14, 22, 39, 40, 42, 43, 48, 55, 58, 74, 79, 81]",[],"[14, 40, 42, 43, 48, 74]","[0, 40, 42, 43, 48, 49, 58, 74]",[42],"[0, 40, 42, 43, 49, 58, 74]",complete,
cm2,continuous,500,50,10.0,25,1989366834,m_low,m,10,0.95,2.0,2.0,0.2857142857142857,0.3333333333333333,0.30769230769230765,1.0,7.0,0.0,0.0,0.0,1.0,0.0,0.6666666666666666,0.3333333333333333,0.4444444444444444,1.0,3.0,0.42857142857142855,0.5,0.4615384615384615,1.0,7.0,1.0,0.3333333333333333,0.5,1.0,2.0,0.5,0.5,0.5,1.0,6.0,"[0, 20, 40, 41, 42, 43]","[42, 43, 53, 70, 72, 74, 83]",[],"[42, 43, 74]","[0, 3, 4, 42, 43, 74, 77]","[42, 43]","[0, 3, 4, 42, 43, 74]",complete,
cm2,continuous,500,50,10.0,25,1989366834,m_high,m,50,0.95,2.0,2.0,0.3,0.5,0.37499999999999994,1.0,10.0,1.0,0.16666666666666666,0.2857142857142857,1.0,1.0,0.5,0.3333333333333333,0.4,1.0,4.0,0.5714285714285714,0.6666666666666666,0.6153846153846153,1.0,7.0,1.0,0.16666666666666666,0.2857142857142857,1.0,1.0,0.75,0.5,0.6,1.0,4.0,"[0, 20, 40, 41, 42, 43]","[13, 26, 37, 40, 42, 43, 48, 58, 74, 83]",[42],"[37, 42, 43, 74]","[0, 26, 40, 42, 43, 48, 74]",[42],"[0, 42, 43, 74]",complete,
cm2,continuous,500,50,10.0,25,1989366834,beta_low,beta,20,0.95,1.0,2.0,0.23076923076923078,0.5,0.3157894736842105,1.0,13.0,1.0,0.16666666666666666,0.2857142857142857,1.0,1.0,0.6666666666666666,0.3333333333333333,0.4444444444444444,1.0,3.0,0.4444444444444444,0.6666666666666666,0.5333333333333333,1.0,9.0,1.0,0.16666666666666666,0.2857142857142857,1.0,1.0,0.6666666666666666,0.6666666666666666,0.6666666666666666,1.0,6.0,"[0, 20, 40, 41, 42, 43]","[6, 15, 34, 35, 39, 40, 42, 43, 46, 49, 58, 69, 74]",[42],"[40, 42, 49]","[0, 3, 15, 40, 42, 43, 49, 58, 74]",[42],"[0, 40, 42, 43, 49, 74]",complete,
cm2,continuous,500,50,10.0,25,1989366834,beta_high,beta,20,0.95,3.0,2.0,0.2,0.3333333333333333,0.25,1.0,10.0,0.0,0.0,0.0,1.0,0.0,0.4,0.3333333333333333,0.3636363636363636,1.0,5.0,0.375,0.5,0.42857142857142855,1.0,8.0,1.0,0.3333333333333333,0.5,1.0,2.0,0.6,0.5,0.5454545454545454,1.0,5.0,"[0, 20, 40, 41, 42, 43]","[1, 6, 10, 14, 31, 33, 39, 42, 43, 74]",[],"[6, 10, 42, 43, 74]","[0, 3, 4, 42, 43, 49, 74, 79]","[42, 43]","[0, 3, 42, 43, 74]",complete,
cm2,continuous,500,50,10.0,25,1989366834,k_low,k,20,0.95,2.0,1.0,0.3,0.5,0.37499999999999994,1.0,10.0,0.0,0.0,0.0,1.0,0.0,0.75,0.5,0.6,1.0,4.0,0.5,0.5,0.5,1.0,6.0,1.0,0.3333333333333333,0.5,1.0,2.0,0.5,0.5,0.5,1.0,6.0,"[0, 20, 40, 41, 42, 43]","[8, 13, 34, 37, 40, 42, 43, 49, 53, 74]",[],"[37, 40, 42, 43]","[0, 42, 43, 49, 74, 77]","[42, 43]","[0, 42, 43, 49, 74, 77]",complete,
cm2,continuous,500,50,10.0,25,1989366834,k_high,k,20,0.95,2.0,3.0,0.25,0.3333333333333333,0.28571428571428575,1.0,8.0,0.0,0.0,0.0,1.0,2.0,0.6666666666666666,0.3333333333333333,0.4444444444444444,1.0,3.0,0.6666666666666666,0.6666666666666666,0.6666666666666666,1.0,6.0,1.0,0.16666666666666666,0.2857142857142857,1.0,1.0,0.8,0.6666666666666666,0.7272727272727272,1.0,5.0,"[0, 20, 40, 41, 42, 43]","[5, 7, 11, 23, 42, 43, 74, 78]","[5, 11]","[11, 42, 43]","[0, 1, 40, 42, 43, 74]",[42],"[0, 40, 42, 43, 74]",complete,
cm2,continuous,500,50,10.0,26,3300048755,reference,reference,20,0.95,2.0,2.0,0.16666666666666666,0.3333333333333333,0.2222222222222222,1.0,12.0,0.0,0.0,0.0,1.0,0.0,0.2857142857142857,0.3333333333333333,0.30769230769230765,1.0,7.0,0.42857142857142855,0.5,0.4615384615384615,1.0,7.0,1.0,0.3333333333333333,0.5,1.0,2.0,0.5,0.5,0.5,1.0,6.0,"[0, 20, 40, 41, 42, 43]","[5, 19, 21, 22, 24, 42, 43, 49, 51, 63, 64, 69]",[],"[5, 19, 22, 42, 43, 51, 64]","[1, 20, 42, 43, 51, 64, 69]","[42, 43]","[1, 20, 42, 43, 64, 69]",complete,
cm2,continuous,500,50,10.0,26,3300048755,m_low,m,10,0.95,2.0,2.0,0.23076923076923078,0.5,0.3157894736842105,1.0,13.0,0.0,0.0,0.0,1.0,0.0,0.5,0.3333333333333333,0.4,1.0,4.0,0.5714285714285714,0.6666666666666666,0.6153846153846153,1.0,7.0,1.0,0.3333333333333333,0.5,1.0,2.0,0.6666666666666666,0.6666666666666666,0.6666666666666666,1.0,6.0,"[0, 20, 40, 41, 42, 43]","[9, 18, 22, 31, 33, 40, 42, 43, 62, 70, 71, 74, 80]",[],"[33, 42, 43, 71]","[0, 20, 26, 34, 42, 43, 69]","[42, 43]","[0, 20, 26, 34, 42, 43]",complete,
cm2,continuous,500,50,10.0,26,3300048755,m_high,m,50,0.95,2.0,2.0,0.25,0.3333333333333333,0.28571428571428575,1.0,8.0,1.0,0.16666666666666666,0.2857142857142857,1.0,1.0,0.5,0.3333333333333333,0.4,1.0,4.0,0.42857142857142855,0.5,0.4615384615384615,1.0,7.0,1.0,0.3333333333333333,0.5,1.0,2.0,0.42857142857142855,0.5,0.4615384615384615,1.0,7.0,"[0, 20, 40, 41, 42, 43]","[3, 24, 42, 43, 49, 62, 64, 69]",[43],"[42, 43, 64, 69]","[1, 20, 34, 42, 43, 62, 64]","[42, 43]","[1, 20, 34, 42, 43, 62, 64]",complete,
cm2,continuous,500,50,10.0,26,3300048755,beta_low,beta,20,0.95,1.0,2.0,0.2,0.3333333333333333,0.25,1.0,10.0,0.5,0.16666666666666666,0.25,1.0,2.0,0.25,0.16666666666666666,0.2,1.0,4.0,0.3,0.5,0.37499999999999994,1.0,10.0,1.0,0.16666666666666666,0.2857142857142857,1.0,1.0,0.5,0.5,0.5,1.0,6.0,"[0, 20, 40, 41, 42, 43]","[11, 12, 13, 17, 39, 42, 43, 49, 64, 68]","[12, 43]","[12, 17, 39, 43]","[1, 12, 13, 17, 20, 39, 42, 43, 63, 64]",[43],"[1, 20, 39, 42, 43, 64]",complete,
cm2,continuous,500,50,10.0,26,3300048755,beta_high,beta,20,0.95,3.0,2.0,0.18181818181818182,0.3333333333333333,0.23529411764705885,1.0,11.0,0.0,0.0,0.0,1.0,0.0,0.6666666666666666,0.3333333333333333,0.4444444444444444,1.0,3.0,0.4444444444444444,0.6666666666666666,0.5333333333333333,1.0,9.0,1.0,0.3333333333333333,0.5,1.0,2.0,0.6666666666666666,0.6666666666666666,0.6666666666666666,1.0,6.0,"[0, 20, 40, 41, 42, 43]","[4, 17, 19, 24, 42, 43, 46, 55, 64, 69, 70]",[],"[19, 42, 43]","[0, 1, 20, 34, 42, 43, 53, 64, 69]","[42, 43]","[0, 1, 20, 42, 43, 64]",complete,
cm2,continuous,500,50,10.0,26,3300048755,k_low,k,20,0.95,2.0,1.0,0.2,0.3333333333333333,0.25,1.0,10.0,0.0,0.0,0.0,1.0,0.0,0.6666666666666666,0.3333333333333333,0.4444444444444444,1.0,3.0,0.4444444444444444,0.6666666666666666,0.5333333333333333,1.0,9.0,1.0,0.3333333333333333,0.5,1.0,2.0,0.8,0.6666666666666666,0.7272727272727272,1.0,5.0,"[0, 20, 40, 41, 42, 43]","[5, 11, 18, 42, 43, 51, 55, 62, 64, 70]",[],"[42, 43, 64]","[0, 1, 20, 34, 42, 43, 49, 62, 64]","[42, 43]","[0, 1, 20, 42, 43]",complete,
cm2,continuous,500,50,10.0,26,3300048755,k_high,k,20,0.95,2.0,3.0,0.16666666666666666,0.3333333333333333,0.2222222222222222,1.0,12.0,0.0,0.0,0.0,1.0,0.0,0.5,0.3333333333333333,0.4,1.0,4.0,0.36363636363636365,0.6666666666666666,0.4705882352941177,1.0,11.0,1.0,0.3333333333333333,0.5,1.0,2.0,0.8,0.6666666666666666,0.7272727272727272,1.0,5.0,"[0, 20, 40, 41, 42, 43]","[8, 16, 28, 31, 42, 43, 59, 62, 63, 68, 70, 79]",[],"[28, 42, 43, 62]","[0, 1, 20, 26, 34, 42, 43, 62, 63, 69, 70]","[42, 43]","[0, 1, 20, 42, 43]",complete,
cm2,continuous,500,50,10.0,27,370392292,reference,reference,20,0.95,2.0,2.0,0.2222222222222222,0.3333333333333333,0.26666666666666666,1.0,9.0,0.0,0.0,0.0,1.0,0.0,0.5,0.16666666666666666,0.25,1.0,2.0,0.3,0.5,0.37499999999999994,1.0,10.0,1.0,0.16666666666666666,0.2857142857142857,1.0,1.0,0.2,0.16666666666666666,0.1818181818181818,1.0,5.0,"[0, 20, 40, 41, 42, 43]","[5, 6, 16, 26, 41, 42, 63, 68, 82]",[],"[42, 68]","[3, 11, 18, 32, 41, 42, 43, 63, 68, 74]",[42],"[3, 18, 42, 68, 74]",complete,
cm2,continuous,500,50,10.0,27,370392292,m_low,m,10,0.95,2.0,2.0,0.2727272727272727,0.5,0.3529411764705882,1.0,11.0,0.0,0.0,0.0,1.0,0.0,0.3333333333333333,0.16666666666666666,0.2222222222222222,1.0,3.0,0.2222222222222222,0.3333333333333333,0.26666666666666666,1.0,9.0,1.0,0.16666666666666666,0.2857142857142857,1.0,1.0,0.2,0.16666666666666666,0.1818181818181818,1.0,5.0,"[0, 20, 40, 41, 42, 43]","[8, 24, 35, 40, 41, 42, 48, 61, 63, 64, 68]",[],"[42, 61, 68]","[3, 11, 42, 43, 53, 63, 64, 68, 74]",[42],"[3, 11, 42, 63, 68]",complete,
cm2,continuous,500,50,10.0,27,370392292,m_high,m,50,0.95,2.0,2.0,0.1,0.16666666666666666,0.125,1.0,10.0,0.5,0.16666666666666666,0.25,1.0,2.0,0.5,0.16666666666666666,0.25,1.0,2.0,0.16666666666666666,0.16666666666666666,0.16666666666666666,1.0,6.0,1.0,0.16666666666666666,0.2857142857142857,1.0,1.0,0.25,0.16666666666666666,0.2,1.0,4.0,"[0, 20, 40, 41, 42, 43]","[4, 10, 16, 17, 22, 30, 42, 48, 68, 76]","[17, 42]","[42, 68]","[3, 32, 42, 68, 74, 76]",[42],"[3, 32, 42, 68]",complete,
cm2,continuous,500,50,10.0,27,370392292,beta_low,beta,20,0.95,1.0,2.0,0.14285714285714285,0.16666666666666666,0.15384615384615383,1.0,7.0,1.0,0.16666666666666666,0.2857142857142857,1.0,1.0,0.5,0.16666666666666666,0.25,1.0,2.0,0.4,0.3333333333333333,0.3636363636363636,1.0,5.0,1.0,0.16666666666666666,0.2857142857142857,1.0,1.0,1.0,0.16666666666666666,0.2857142857142857,1.0,1.0,"[0, 20, 40, 41, 42, 43]","[5, 35, 42, 63, 74, 78, 79]",[42],"[42, 74]","[3, 20, 42, 63, 68]",[42],[42],complete,
cm2,continuous,500,50,10.0,27,370392292,beta_high,beta,20,0.95,3.0,2.0,0.125,0.16666666666666666,0.14285714285714288,1.0,8.0,0.0,0.0,0.0,1.0,2.0,0.25,0.16666666666666666,0.2,1.0,4.0,0.2727272727272727,0.5,0.3529411764705882,1.0,11.0,1.0,0.16666666666666666,0.2857142857142857,1.0,1.0,0.16666666666666666,0.16666666666666666,0.16666666666666666,1.0,6.0,"[0, 20, 40, 41, 42, 43]","[1, 12, 13, 14, 16, 42, 74, 76]","[12, 16]","[12, 16, 42, 74]","[1, 3, 6, 11, 20, 32, 42, 43, 63, 74, 76]",[42],"[3, 11, 42, 63, 74, 76]",complete,
cm2,continuous,500,50,10.0,27,370392292,k_low,k,20,0.95,2.0,1.0,0.36363636363636365,0.6666666666666666,0.4705882352941177,1.0,11.0,1.0,0.16666666666666666,0.2857142857142857,1.0,1.0,0.5,0.16666666666666666,0.25,1.0,2.0,0.2222222222222222,0.3333333333333333,0.26666666666666666,1.0,9.0,1.0,0.16666666666666666,0.2857142857142857,1.0,1.0,0.2,0.16666666666666666,0.1818181818181818,1.0,5.0,"[0, 20, 40, 41, 42, 43]","[0, 1, 5, 8, 13, 36, 41, 42, 43, 74, 76]",[42],"[42, 74]","[3, 20, 28, 32, 42, 63, 68, 74, 76]",[42],"[3, 28, 32, 42, 74]",complete,
cm2,continuous,500,50,10.0,27,370392292,k_high,k,20,0.95,2.0,3.0,0.125,0.16666666666666666,0.14285714285714288,1.0,8.0,0.0,0.0,0.0,1.0,0.0,0.3333333333333333,0.16666666666666666,0.2222222222222222,1.0,3.0,0.375,0.5,0.42857142857142855,1.0,8.0,1.0,0.16666666666666666,0.2857142857142857,1.0,1.0,0.3333333333333333,0.16666666666666666,0.2222222222222222,1.0,3.0,"[0, 20, 40, 41, 42, 43]","[15, 16, 28, 30, 31, 42, 75, 76]",[],"[28, 42, 76]","[3, 18, 20, 32, 42, 43, 68, 76]",[42],"[3, 42, 76]",complete,
cm2,continuous,500,50,10.0,28,2049640623,reference,reference,20,0.95,2.0,2.0,0.3,0.5,0.37499999999999994,1.0,10.0,1.0,0.16666666666666666,0.2857142857142857,1.0,1.0,0.5,0.16666666666666666,0.25,1.0,2.0,0.6,0.5,0.5454545454545454,1.0,5.0,1.0,0.16666666666666666,0.2857142857142857,1.0,1.0,0.75,0.5,0.6,1.0,4.0,"[0, 20, 40, 41, 42, 43]","[6, 7, 23, 31, 33, 41, 42, 43, 69, 70]",[42],"[31, 42]","[7, 41, 42, 43, 69]",[42],"[41, 42, 43, 69]",complete,
cm2,continuous,500,50,10.0,28,2049640623,m_low,m,10,0.95,2.0,2.0,0.2727272727272727,0.5,0.3529411764705882,1.0,11.0,0.0,0.0,0.0,1.0,0.0,1.0,0.3333333333333333,0.5,1.0,2.0,0.5,0.6666666666666666,0.5714285714285715,1.0,8.0,1.0,0.16666666666666666,0.2857142857142857,1.0,1.0,0.6666666666666666,0.6666666666666666,0.6666666666666666,1.0,6.0,"[0, 20, 40, 41, 42, 43]","[23, 29, 38, 41, 42, 43, 51, 55, 66, 70, 78]",[],"[41, 42]","[0, 19, 26, 41, 42, 43, 51, 78]",[42],"[0, 26, 41, 42, 43, 51]",complete,
cm2,continuous,500,50,10.0,28,2049640623,m_high,m,50,0.95,2.0,2.0,0.375,0.5,0.42857142857142855,1.0,8.0,1.0,0.16666666666666666,0.2857142857142857,1.0,1.0,0.75,0.5,0.6,1.0,4.0,0.75,0.5,0.6,1.0,4.0,1.0,0.16666666666666666,0.2857142857142857,1.0,1.0,1.0,0.5,0.6666666666666666,1.0,3.0,"[0, 20, 40, 41, 42, 43]","[8, 28, 41, 42, 43, 45, 75, 80]",[42],"[41, 42, 43, 80]","[41, 42, 43, 69]",[42],"[41, 42, 43]",complete,
cm2,continuous,500,50,10.0,28,2049640623,beta_low,beta,20,0.95,1.0,2.0,0.25,0.5,0.3333333333333333,1.0,12.0,1.0,0.16666666666666666,0.2857142857142857,1.0,1.0,0.5,0.16666666666666666,0.25,1.0,2.0,0.6,0.5,0.5454545454545454,1.0,5.0,1.0,0.16666666666666666,0.2857142857142857,1.0,1.0,0.6666666666666666,0.3333333333333333,0.4444444444444444,1.0,3.0,"[0, 20, 40, 41, 42, 43]","[3, 10, 14, 24, 38, 41, 42, 43, 54, 57, 70, 83]",[42],"[24, 42]","[38, 41, 42, 43, 69]",[42],"[41, 42, 69]",complete,
cm2,continuous,500,50,10.0,28,2049640623,beta_high,beta,20,0.95,3.0,2.0,0.5,0.5,0.5,1.0,6.0,0.0,0.0,0.0,1.0,0.0,1.0,0.5,0.6666666666666666,1.0,3.0,0.375,0.5,0.42857142857142855,1.0,8.0,1.0,0.16666666666666666,0.2857142857142857,1.0,1.0,0.75,0.5,0.6,1.0,4.0,"[0, 20, 40, 41, 42, 43]","[2, 27, 37, 41, 42, 43]",[],"[41, 42, 43]","[38, 41, 42, 43, 51, 61, 69, 78]",[42],"[38, 41, 42, 43]",complete,
cm2,continuous,500,50,10.0,28,2049640623,k_low,k,20,0.95,2.0,1.0,0.375,0.5,0.42857142857142855,1.0,8.0,1.0,0.16666666666666666,0.2857142857142857,1.0,1.0,0.5,0.3333333333333333,0.4,1.0,4.0,0.75,0.5,0.6,1.0,4.0,1.0,0.16666666666666666,0.2857142857142857,1.0,1.0,0.75,0.5,0.6,1.0,4.0,"[0, 20, 40, 41, 42, 43]","[7, 34, 41, 42, 43, 45, 51, 61]",[42],"[34, 41, 42, 51]","[41, 42, 43, 61]",[42],"[41, 42, 43, 61]",complete,
cm2,continuous,500,50,10.0,28,2049640623,k_high,k,20,0.95,2.0,3.0,0.2727272727272727,0.5,0.3529411764705882,1.0,11.0,0.0,0.0,0.0,1.0,0.0,0.5,0.3333333333333333,0.4,1.0,4.0,0.5,0.5,0.5,1.0,6.0,1.0,0.16666666666666666,0.2857142857142857,1.0,1.0,0.6666666666666666,0.3333333333333333,0.4444444444444444,1.0,3.0,"[0, 20, 40, 41, 42, 43]","[2, 6, 11, 12, 19, 25, 41, 42, 43, 51, 76]",[],"[19, 41, 42, 51]","[41, 42, 43, 51, 69, 78]",[42],"[41, 42, 51]",complete,
cm2,continuous,500,50,10.0,29,2659148717,reference,reference,20,0.95,2.0,2.0,0.4444444444444444,0.6666666666666666,0.5333333333333333,1.0,9.0,0.0,0.0,0.0,1.0,0.0,0.5,0.5,0.5,1.0,6.0,0.45454545454545453,0.8333333333333334,0.5882352941176471,1.0,11.0,1.0,0.16666666666666666,0.2857142857142857,1.0,1.0,0.6,0.5,0.5454545454545454,1.0,5.0,"[0, 20, 40, 41, 42, 43]","[0, 17, 28, 41, 42, 43, 45, 67, 68]",[],"[41, 42, 43, 45, 67, 68]","[17, 20, 24, 37, 40, 41, 42, 43, 48, 67, 68]",[42],"[20, 41, 42, 48, 68]",complete,
cm2,continuous,500,50,10.0,29,2659148717,m_low,m,10,0.95,2.0,2.0,0.25,0.5,0.3333333333333333,1.0,12.0,0.0,0.0,0.0,1.0,0.0,0.6666666666666666,0.3333333333333333,0.4444444444444444,1.0,3.0,0.3,0.5,0.37499999999999994,1.0,10.0,1.0,0.16666666666666666,0.2857142857142857,1.0,1.0,0.5,0.5,0.5,1.0,6.0,"[0, 20, 40, 41, 42, 43]","[0, 15, 17, 24, 26, 30, 38, 42, 43, 52, 69, 81]",[],"[38, 42, 43]","[8, 20, 24, 27, 31, 37, 42, 43, 68, 76]",[42],"[20, 24, 37, 42, 43, 76]",complete,
cm2,continuous,500,50,10.0,29,2659148717,m_high,m,50,0.95,2.0,2.0,0.2222222222222222,0.3333333333333333,0.26666666666666666,1.0,9.0,1.0,0.16666666666666666,0.2857142857142857,1.0,1.0,0.5,0.16666666666666666,0.25,1.0,2.0,0.5555555555555556,0.8333333333333334,0.6666666666666667,1.0,9.0,1.0,0.16666666666666666,0.2857142857142857,1.0,1.0,0.75,0.5,0.6,1.0,4.0,"[0, 20, 40, 41, 42, 43]","[4, 5, 15, 18, 23, 25, 27, 41, 42]",[42],"[25, 42]","[0, 6, 20, 24, 26, 41, 42, 43, 68]",[42],"[20, 24, 41, 42]",complete,
cm2,continuous,500,50,10.0,29,2659148717,beta_low,beta,20,0.95,1.0,2.0,0.23076923076923078,0.5,0.3157894736842105,1.0,13.0,1.0,0.16666666666666666,0.2857142857142857,1.0,1.0,1.0,0.3333333333333333,0.5,1.0,2.0,0.5714285714285714,0.6666666666666666,0.6153846153846153,1.0,7.0,1.0,0.16666666666666666,0.2857142857142857,1.0,1.0,0.6666666666666666,0.6666666666666666,0.6666666666666666,1.0,6.0,"[0, 20, 40, 41, 42, 43]","[15, 17, 25, 28, 41, 42, 43, 45, 56, 61, 64, 69, 76]",[42],"[42, 43]","[20, 24, 41, 42, 43, 68, 76]",[42],"[20, 24, 41, 42, 43, 76]",complete,
cm2,continuous,500,50,10.0,29,2659148717,beta_high,beta,20,0.95,3.0,2.0,0.14285714285714285,0.16666666666666666,0.15384615384615383,1.0,7.0,0.0,0.0,0.0,1.0,0.0,0.3333333333333333,0.16666666666666666,0.2222222222222222,1.0,3.0,0.38461538461538464,0.8333333333333334,0.5263157894736842,1.0,13.0,1.0,0.16666666666666666,0.2857142857142857,1.0,1.0,0.4,0.3333333333333333,0.3636363636363636,1.0,5.0,"[0, 20, 40, 41, 42, 43]","[5, 9, 25, 30, 42, 48, 79]",[],"[25, 42, 48]","[11, 13, 20, 24, 37, 39, 40, 41, 42, 43, 68, 75, 76]",[42],"[11, 13, 20, 42, 68]",complete,
cm2,continuous,500,50,10.0,29,2659148717,k_low,k,20,0.95,2.0,1.0,0.3333333333333333,0.5,0.4,1.0,9.0,0.0,0.0,0.0,1.0,0.0,0.6,0.5,0.5454545454545454,1.0,5.0,0.4,0.6666666666666666,0.5,1.0,10.0,1.0,0.16666666666666666,0.2857142857142857,1.0,1.0,0.5,0.6666666666666666,0.5714285714285715,1.0,8.0,"[0, 20, 40, 41, 42, 43]","[11, 19, 35, 41, 42, 43, 48, 67, 75]",[],"[35, 41, 42, 43, 48]","[20, 21, 24, 39, 41, 42, 43, 45, 48, 68]",[42],"[20, 21, 24, 41, 42, 43, 48, 68]",complete,
cm2,continuous,500,50,10.0,29,2659148717,k_high,k,20,0.95,2.0,3.0,0.2,0.3333333333333333,0.25,1.0,10.0,0.0,0.0,0.0,1.0,0.0,0.25,0.16666666666666666,0.2,1.0,4.0,0.3333333333333333,0.6666666666666666,0.4444444444444444,1.0,12.0,1.0,0.16666666666666666,0.2857142857142857,1.0,1.0,0.3333333333333333,0.3333333333333333,0.3333333333333333,1.0,6.0,"[0, 20, 40, 41, 42, 43]","[4, 11, 34, 36, 42, 43, 48, 59, 68, 69]",[],"[42, 48, 59, 68]","[6, 13, 20, 24, 37, 41, 42, 43, 45, 48, 68, 76]",[42],"[6, 20, 37, 42, 48, 68]",complete,
cm2,continuous,500,50,10.0,30,4282063699,reference,reference,20,0.95,2.0,2.0,0.16666666666666666,0.3333333333333333,0.2222222222222222,1.0,12.0,0.0,0.0,0.0,1.0,0.0,0.3333333333333333,0.3333333333333333,0.3333333333333333,1.0,6.0,0.2857142857142857,0.3333333333333333,0.30769230769230765,1.0,7.0,1.0,0.16666666666666666,0.2857142857142857,1.0,1.0,0.3333333333333333,0.3333333333333333,0.3333333333333333,1.0,6.0,"[0, 20, 40, 41, 42, 43]","[19, 27, 31, 42, 43, 45, 46, 49, 57, 61, 66, 78]",[],"[19, 31, 42, 43, 45, 49]","[9, 12, 16, 26, 29, 42, 43]",[42],"[12, 16, 26, 29, 42, 43]",complete,
cm2,continuous,500,50,10.0,30,4282063699,m_low,m,10,0.95,2.0,2.0,0.23076923076923078,0.5,0.3157894736842105,1.0,13.0,0.0,0.0,0.0,1.0,0.0,0.5,0.5,0.5,1.0,6.0,0.42857142857142855,0.5,0.4615384615384615,1.0,7.0,1.0,0.16666666666666666,0.2857142857142857,1.0,1.0,0.5,0.5,0.5,1.0,6.0,"[0, 20, 40, 41, 42, 43]","[2, 6, 41, 42, 43, 45, 49, 57, 58, 59, 66, 78, 80]",[],"[41, 42, 43, 49, 57, 78]","[0, 9, 16, 26, 42, 43, 49]",[42],"[0, 9, 16, 26, 42, 43]",complete,
cm2,continuous,500,50,10.0,30,4282063699,m_high,m,50,0.95,2.0,2.0,0.18181818181818182,0.3333333333333333,0.23529411764705885,1.0,11.0,1.0,0.3333333333333333,0.5,1.0,2.0,0.5,0.3333333333333333,0.4,1.0,4.0,0.25,0.3333333333333333,0.28571428571428575,1.0,8.0,1.0,0.3333333333333333,0.5,1.0,2.0,0.6666666666666666,0.3333333333333333,0.4444444444444444,1.0,3.0,"[0, 20, 40, 41, 42, 43]","[2, 8, 11, 30, 33, 34, 42, 43, 49, 56, 79]","[42, 43]","[33, 42, 43, 79]","[12, 14, 16, 26, 27, 42, 43, 79]","[42, 43]","[26, 42, 43]",complete,
cm2,continuous,500,50,10.0,30,4282063699,beta_low,beta,20,0.95,1.0,2.0,0.18181818181818182,0.3333333333333333,0.23529411764705885,1.0,11.0,1.0,0.3333333333333333,0.5,1.0,2.0,0.3333333333333333,0.3333333333333333,0.3333333333333333,1.0,6.0,0.2857142857142857,0.3333333333333333,0.30769230769230765,1.0,7.0,1.0,0.16666666666666666,0.2857142857142857,1.0,1.0,0.5,0.3333333333333333,0.4,1.0,4.0,"[0, 20, 40, 41, 42, 43]","[6, 17, 31, 32, 42, 43, 45, 50, 56, 63, 79]","[42, 43]","[17, 42, 43, 45, 63, 79]","[12, 14, 16, 26, 42, 43, 45]",[42],"[14, 16, 42, 43]",complete,
cm2,continuous,500,50,10.0,30,4282063699,beta_high,beta,20,0.95,3.0,2.0,0.23076923076923078,0.5,0.3157894736842105,1.0,13.0,0.0,0.0,0.0,1.0,0.0,1.0,0.16666666666666666,0.2857142857142857,1.0,1.0,0.3333333333333333,0.5,0.4,1.0,9.0,1.0,0.16666666666666666,0.2857142857142857,1.0,1.0,0.3333333333333333,0.3333333333333333,0.3333333333333333,1.0,6.0,"[0, 20, 40, 41, 42, 43]","[2, 4, 25, 30, 31, 36, 41, 42, 43, 49, 54, 57, 67]",[],[42],"[0, 14, 16, 26, 29, 30, 42, 43, 49]",[42],"[14, 16, 29, 42, 43, 49]",complete,
cm2,continuous,500,50,10.0,30,4282063699,k_low,k,20,0.95,2.0,1.0,0.375,0.5,0.42857142857142855,1.0,8.0,1.0,0.16666666666666666,0.2857142857142857,1.0,1.0,0.4,0.3333333333333333,0.3636363636363636,1.0,5.0,0.2727272727272727,0.5,0.3529411764705882,1.0,11.0,1.0,0.16666666666666666,0.2857142857142857,1.0,1.0,0.42857142857142855,0.5,0.4615384615384615,1.0,7.0,"[0, 20, 40, 41, 42, 43]","[5, 20, 37, 42, 43, 49, 56, 77]",[42],"[5, 37, 42, 43, 49]","[3, 9, 14, 16, 20, 26, 29, 30, 42, 43, 49]",[42],"[3, 9, 16, 20, 26, 42, 43]",complete,
cm2,continuous,500,50,10.0,30,4282063699,k_high,k,20,0.95,2.0,3.0,0.2222222222222222,0.3333333333333333,0.26666666666666666,1.0,9.0,0.5,0.16666666666666666,0.25,1.0,2.0,0.4,0.3333333333333333,0.3636363636363636,1.0,5.0,0.3,0.5,0.37499999999999994,1.0,10.0,1.0,0.16666666666666666,0.2857142857142857,1.0,1.0,0.4,0.3333333333333333,0.3636363636363636,1.0,5.0,"[0, 20, 40, 41, 42, 43]","[8, 17, 33, 38, 42, 43, 49, 57, 67]","[33, 42]","[33, 42, 43, 49, 57]","[14, 16, 17, 20, 26, 29, 30, 35, 42, 43]",[42],"[16, 26, 29, 42, 43]",complete,
cm2,continuous,500,50,10.0,31,4031627987,reference,reference,20,0.95,2.0,2.0,0.125,0.16666666666666666,0.14285714285714288,1.0,8.0,0.0,0.0,0.0,1.0,0.0,1.0,0.16666666666666666,0.2857142857142857,1.0,1.0,0.25,0.3333333333333333,0.28571428571428575,1.0,8.0,1.0,0.16666666666666666,0.2857142857142857,1.0,1.0,0.2,0.16666666666666666,0.1818181818181818,1.0,5.0,"[0, 20, 40, 41, 42, 43]","[4, 6, 27, 35, 37, 42, 44, 79]",[],[42],"[0, 6, 14, 23, 35, 42, 44, 52]",[42],"[6, 14, 23, 42, 44]",complete,
cm2,continuous,500,50,10.0,31,4031627987,m_low,m,10,0.95,2.0,2.0,0.09090909090909091,0.16666666666666666,0.11764705882352942,1.0,11.0,0.0,0.0,0.0,1.0,0.0,0.3333333333333333,0.16666666666666666,0.2222222222222222,1.0,3.0,0.3,0.5,0.37499999999999994,1.0,10.0,1.0,0.16666666666666666,0.2857142857142857,1.0,1.0,0.42857142857142855,0.5,0.4615384615384615,1.0,7.0,"[0, 20, 40, 41, 42, 43]","[5, 12, 24, 25, 26, 27, 42, 50, 59, 75, 76]",[],"[5, 25, 42]","[0, 5, 20, 23, 42, 50, 52, 56, 75, 76]",[42],"[0, 5, 20, 23, 42, 75, 76]",complete,
cm2,continuous,500,50,10.0,31,4031627987,m_high,m,50,0.95,2.0,2.0,0.2222222222222222,0.3333333333333333,0.26666666666666666,1.0,9.0,1.0,0.16666666666666666,0.2857142857142857,1.0,1.0,1.0,0.16666666666666666,0.2857142857142857,1.0,1.0,0.2,0.16666666666666666,0.1818181818181818,1.0,5.0,1.0,0.16666666666666666,0.2857142857142857,1.0,1.0,1.0,0.16666666666666666,0.2857142857142857,1.0,1.0,"[0, 20, 40, 41, 42, 43]","[5, 21, 27, 38, 41, 42, 50, 52, 60]",[42],[42],"[3, 35, 42, 77, 81]",[42],[42],complete,
cm2,continuous,500,50,10.0,31,4031627987,beta_low,beta,20,0.95,1.0,2.0,0.2857142857142857,0.3333333333333333,0.30769230769230765,1.0,7.0,0.0,0.0,0.0,1.0,0.0,0.5,0.16666666666666666,0.25,1.0,2.0,0.25,0.3333333333333333,0.28571428571428575,1.0,8.0,1.0,0.16666666666666666,0.2857142857142857,1.0,1.0,0.3333333333333333,0.16666666666666666,0.2222222222222222,1.0,3.0,"[0, 20, 40, 41, 42, 43]","[12, 22, 41, 42, 65, 67, 73]",[],"[12, 42]","[0, 12, 14, 23, 42, 44, 77, 81]",[42],"[42, 44, 81]",complete,
cm2,continuous,500,50,10.0,31,4031627987,beta_high,beta,20,0.95,3.0,2.0,0.1111111111111111,0.16666666666666666,0.13333333333333333,1.0,9.0,0.0,0.0,0.0,1.0,0.0,0.5,0.16666666666666666,0.25,1.0,2.0,0.14285714285714285,0.16666666666666666,0.15384615384615383,1.0,7.0,1.0,0.16666666666666666,0.2857142857142857,1.0,1.0,0.2,0.16666666666666666,0.1818181818181818,1.0,5.0,"[0, 20, 40, 41, 42, 43]","[13, 15, 32, 42, 50, 52, 62, 73, 75]",[],"[15, 42]","[19, 23, 42, 60, 62, 75, 81]",[42],"[19, 23, 42, 60, 75]",complete,
cm2,continuous,500,50,10.0,31,4031627987,k_low,k,20,0.95,2.0,1.0,0.1,0.16666666666666666,0.125,1.0,10.0,0.0,0.0,0.0,1.0,0.0,0.3333333333333333,0.16666666666666666,0.2222222222222222,1.0,3.0,0.3333333333333333,0.3333333333333333,0.3333333333333333,1.0,6.0,1.0,0.16666666666666666,0.2857142857142857,1.0,1.0,0.6666666666666666,0.3333333333333333,0.4444444444444444,1.0,3.0,"[0, 20, 40, 41, 42, 43]","[1, 2, 19, 34, 42, 44, 49, 51, 52, 59]",[],"[42, 44, 52]","[0, 23, 42, 52, 56, 59]",[42],"[0, 23, 42]",complete,
cm2,continuous,500,50,10.0,31,4031627987,k_high,k,20,0.95,2.0,3.0,0.18181818181818182,0.3333333333333333,0.23529411764705885,1.0,11.0,0.0,0.0,0.0,1.0,1.0,1.0,0.16666666666666666,0.2857142857142857,1.0,1.0,0.25,0.3333333333333333,0.28571428571428575,1.0,8.0,1.0,0.16666666666666666,0.2857142857142857,1.0,1.0,0.5,0.3333333333333333,0.4,1.0,4.0,"[0, 20, 40, 41, 42, 43]","[4, 7, 24, 27, 34, 41, 42, 44, 57, 66, 71]",[7],[42],"[0, 14, 23, 25, 42, 44, 71, 81]",[42],"[0, 23, 42, 44]",complete,
cm2,continuous,500,50,10.0,32,530024476,reference,reference,20,0.95,2.0,2.0,0.3,0.5,0.37499999999999994,1.0,10.0,0.0,0.0,0.0,1.0,0.0,0.4,0.3333333333333333,0.3636363636363636,1.0,5.0,0.42857142857142855,0.5,0.4615384615384615,1.0,7.0,1.0,0.16666666666666666,0.2857142857142857,1.0,1.0,0.6,0.5,0.5454545454545454,1.0,5.0,"[0, 20, 40, 41, 42, 43]","[4, 18, 21, 40, 42, 43, 48, 51, 64, 80]",[],"[18, 42, 43, 48, 80]","[0, 37, 42, 43, 48, 62, 81]",[42],"[0, 42, 43, 48, 81]",complete,
cm2,continuous,500,50,10.0,32,530024476,m_low,m,10,0.95,2.0,2.0,0.25,0.3333333333333333,0.28571428571428575,1.0,8.0,0.0,0.0,0.0,1.0,0.0,1.0,0.3333333333333333,0.5,1.0,2.0,0.375,0.5,0.42857142857142855,1.0,8.0,1.0,0.16666666666666666,0.2857142857142857,1.0,1.0,0.75,0.5,0.6,1.0,4.0,"[0, 20, 40, 41, 42, 43]","[11, 17, 18, 24, 29, 42, 43, 58]",[],"[42, 43]","[0, 8, 23, 42, 43, 45, 48, 62]",[42],"[0, 8, 42, 43]",complete,
cm2,continuous,500,50,10.0,32,530024476,m_high,m,50,0.95,2.0,2.0,0.25,0.5,0.3333333333333333,1.0,12.0,1.0,0.16666666666666666,0.2857142857142857,1.0,1.0,0.5,0.3333333333333333,0.4,1.0,4.0,0.42857142857142855,0.5,0.4615384615384615,1.0,7.0,1.0,0.16666666666666666,0.2857142857142857,1.0,1.0,0.75,0.5,0.6,1.0,4.0,"[0, 20, 40, 41, 42, 43]","[5, 13, 29, 32, 40, 42, 43, 60, 62, 65, 78, 80]",[42],"[32, 42, 43, 78]","[5, 20, 37, 42, 43, 62, 80]",[42],"[20, 37, 42, 43]",complete,
cm2,continuous,500,50,10.0,32,530024476,beta_low,beta,20,0.95,1.0,2.0,0.3,0.5,0.37499999999999994,1.0,10.0,0.0,0.0,0.0,1.0,0.0,0.6666666666666666,0.3333333333333333,0.4444444444444444,1.0,3.0,0.2857142857142857,0.3333333333333333,0.30769230769230765,1.0,7.0,1.0,0.16666666666666666,0.2857142857142857,1.0,1.0,0.5,0.3333333333333333,0.4,1.0,4.0,"[0, 20, 40, 41, 42, 43]","[11, 25, 40, 42, 43, 46, 48, 54, 74, 80]",[],"[25, 42, 43]","[8, 14, 37, 42, 43, 48, 62]",[42],"[8, 42, 43, 48]",complete,
cm2,continuous,500,50,10.0,32,530024476,beta_high,beta,20,0.95,3.0,2.0,0.375,0.5,0.42857142857142855,1.0,8.0,0.0,0.0,0.0,1.0,0.0,1.0,0.5,0.6666666666666666,1.0,3.0,0.5714285714285714,0.6666666666666666,0.6153846153846153,1.0,7.0,1.0,0.16666666666666666,0.2857142857142857,1.0,1.0,0.6666666666666666,0.3333333333333333,0.4444444444444444,1.0,3.0,"[0, 20, 40, 41, 42, 43]","[19, 27, 28, 40, 42, 43, 65, 80]",[],"[40, 42, 43]","[0, 8, 14, 20, 42, 43, 48]",[42],"[8, 42, 43]",complete,
cm2,continuous,500,50,10.0,32,530024476,k_low,k,20,0.95,2.0,1.0,0.2857142857142857,0.3333333333333333,0.30769230769230765,1.0,7.0,0.0,0.0,0.0,1.0,0.0,0.3333333333333333,0.16666666666666666,0.2222222222222222,1.0,3.0,0.2,0.3333333333333333,0.25,1.0,10.0,1.0,0.16666666666666666,0.2857142857142857,1.0,1.0,0.3333333333333333,0.3333333333333333,0.3333333333333333,1.0,6.0,"[0, 20, 40, 41, 42, 43]","[4, 5, 27, 42, 43, 62, 66]",[],"[5, 43, 66]","[3, 8, 10, 22, 23, 37, 42, 43, 48, 62]",[42],"[3, 8, 23, 37, 42, 43]",complete,
cm2,continuous,500,50,10.0,32,530024476,k_high,k,20,0.95,2.0,3.0,0.18181818181818182,0.3333333333333333,0.23529411764705885,1.0,11.0,0.0,0.0,0.0,1.0,0.0,0.3333333333333333,0.3333333333333333,0.3333333333333333,1.0,6.0,0.36363636363636365,0.6666666666666666,0.4705882352941177,1.0,11.0,1.0,0.16666666666666666,0.2857142857142857,1.0,1.0,0.6,0.5,0.5454545454545454,1.0,5.0,"[0, 20, 40, 41, 42, 43]","[19, 23, 26, 28, 35, 38, 39, 42, 43, 57, 65]",[],"[19, 28, 38, 42, 43, 65]","[0, 8, 20, 23, 42, 43, 45, 48, 57, 65, 80]",[42],"[0, 8, 23, 42, 43]",complete,
cm2,continuous,500,50,10.0,33,1260488022,reference,reference,20,0.95,2.0,2.0,0.25,0.3333333333333333,0.28571428571428575,1.0,8.0,0.0,0.0,0.0,1.0,0.0,0.16666666666666666,0.16666666666666666,0.16666666666666666,1.0,6.0,0.3333333333333333,0.6666666666666666,0.4444444444444444,1.0,12.0,1.0,0.16666666666666666,0.2857142857142857,1.0,1.0,0.8,0.6666666666666666,0.7272727272727272,1.0,5.0,"[0, 20, 40, 41, 42, 43]","[11, 14, 42, 43, 45, 46, 57, 80]",[],"[11, 14, 42, 45, 46, 80]","[0, 6, 16, 17, 20, 42, 43, 45, 46, 49, 57, 80]",[42],"[0, 20, 42, 43, 45]",complete,
cm2,continuous,500,50,10.0,33,1260488022,m_low,m,10,0.95,2.0,2.0,0.2222222222222222,0.3333333333333333,0.26666666666666666,1.0,9.0,0.0,0.0,0.0,1.0,0.0,0.4,0.3333333333333333,0.3636363636363636,1.0,5.0,0.4,0.3333333333333333,0.3636363636363636,1.0,5.0,1.0,0.16666666666666666,0.2857142857142857,1.0,1.0,0.4,0.3333333333333333,0.3636363636363636,1.0,5.0,"[0, 20, 40, 41, 42, 43]","[3, 9, 13, 26, 42, 43, 45, 46, 70]",[],"[13, 42, 43, 45, 70]","[17, 42, 43, 45, 46]",[42],"[17, 42, 43, 45, 46]",complete,
cm2,continuous,500,50,10.0,33,1260488022,m_high,m,50,0.95,2.0,2.0,0.25,0.3333333333333333,0.28571428571428575,1.0,8.0,1.0,0.16666666666666666,0.2857142857142857,1.0,1.0,1.0,0.3333333333333333,0.5,1.0,2.0,0.5,0.5,0.5,1.0,6.0,1.0,0.16666666666666666,0.2857142857142857,1.0,1.0,0.5,0.5,0.5,1.0,6.0,"[0, 20, 40, 41, 42, 43]","[9, 14, 15, 29, 42, 43, 45, 46]",[42],"[42, 43]","[0, 17, 42, 43, 45, 46]",[42],"[0, 17, 42, 43, 45, 46]",complete,
cm2,continuous,500,50,10.0,33,1260488022,beta_low,beta,20,0.95,1.0,2.0,0.25,0.5,0.3333333333333333,1.0,12.0,1.0,0.16666666666666666,0.2857142857142857,1.0,1.0,0.6666666666666666,0.3333333333333333,0.4444444444444444,1.0,3.0,0.42857142857142855,0.5,0.4615384615384615,1.0,7.0,1.0,0.16666666666666666,0.2857142857142857,1.0,1.0,0.4,0.3333333333333333,0.3636363636363636,1.0,5.0,"[0, 20, 40, 41, 42, 43]","[10, 13, 27, 29, 40, 42, 43, 45, 52, 65, 67, 80]",[42],"[27, 40, 42]","[17, 20, 38, 42, 43, 45, 67]",[42],"[17, 38, 42, 43, 45]",complete,
cm2,continuous,500,50,10.0,33,1260488022,beta_high,beta,20,0.95,3.0,2.0,0.16666666666666666,0.3333333333333333,0.2222222222222222,1.0,12.0,0.0,0.0,0.0,1.0,0.0,0.2857142857142857,0.3333333333333333,0.30769230769230765,1.0,7.0,0.5,0.6666666666666666,0.5714285714285715,1.0,8.0,1.0,0.16666666666666666,0.2857142857142857,1.0,1.0,0.8,0.6666666666666666,0.7272727272727272,1.0,5.0,"[0, 20, 40, 41, 42, 43]","[8, 16, 29, 42, 43, 45, 49, 56, 57, 64, 79, 80]",[],"[8, 29, 42, 43, 45, 49, 80]","[0, 6, 17, 20, 42, 43, 45, 80]",[42],"[0, 20, 42, 43, 45]",complete,
cm2,continuous,500,50,10.0,33,1260488022,k_low,k,20,0.95,2.0,1.0,0.2222222222222222,0.3333333333333333,0.26666666666666666,1.0,9.0,1.0,0.16666666666666666,0.2857142857142857,1.0,1.0,0.6666666666666666,0.3333333333333333,0.4444444444444444,1.0,3.0,0.4,0.3333333333333333,0.3636363636363636,1.0,5.0,1.0,0.3333333333333333,0.5,1.0,2.0,0.5,0.3333333333333333,0.4,1.0,4.0,"[0, 20, 40, 41, 42, 43]","[2, 5, 10, 28, 32, 42, 43, 45, 46]",[42],"[28, 42, 43]","[17, 42, 43, 45, 46]","[42, 43]","[17, 42, 43, 45]",complete,
cm2,continuous,500,50,10.0,33,1260488022,k_high,k,20,0.95,2.0,3.0,0.15384615384615385,0.3333333333333333,0.21052631578947367,1.0,13.0,0.0,0.0,0.0,1.0,0.0,0.4,0.3333333333333333,0.3636363636363636,1.0,5.0,0.3,0.5,0.37499999999999994,1.0,10.0,1.0,0.16666666666666666,0.2857142857142857,1.0,1.0,0.6,0.5,0.5454545454545454,1.0,5.0,"[0, 20, 40, 41, 42, 43]","[4, 9, 11, 12, 22, 26, 27, 37, 39, 42, 43, 45, 82]",[],"[26, 42, 43, 45, 82]","[0, 17, 19, 22, 42, 43, 45, 46, 49, 82]",[42],"[0, 17, 42, 43, 45]",complete,
cm2,continuous,500,50,10.0,34,1737506231,reference,reference,20,0.95,2.0,2.0,0.1,0.16666666666666666,0.125,1.0,10.0,0.0,0.0,0.0,1.0,1.0,0.0,0.0,0.0,1.0,2.0,0.4,0.6666666666666666,0.5,1.0,10.0,1.0,0.16666666666666666,0.2857142857142857,1.0,1.0,0.6666666666666666,0.6666666666666666,0.6666666666666666,1.0,6.0,"[0, 20, 40, 41, 42, 43]","[2, 18, 23, 24, 36, 38, 42, 58, 68, 72]",[24],"[24, 72]","[0, 6, 19, 20, 28, 36, 38, 41, 42, 59]",[42],"[0, 6, 20, 38, 41, 42]",complete,
cm2,continuous,500,50,10.0,34,1737506231,m_low,m,10,0.95,2.0,2.0,0.1111111111111111,0.16666666666666666,0.13333333333333333,1.0,9.0,0.0,0.0,0.0,1.0,0.0,0.3333333333333333,0.16666666666666666,0.2222222222222222,1.0,3.0,0.36363636363636365,0.6666666666666666,0.4705882352941177,1.0,11.0,1.0,0.16666666666666666,0.2857142857142857,1.0,1.0,0.2857142857142857,0.3333333333333333,0.30769230769230765,1.0,7.0,"[0, 20, 40, 41, 42, 43]","[24, 26, 35, 42, 50, 59, 66, 74, 80]",[],"[42, 50, 59]","[0, 6, 17, 20, 36, 38, 41, 42, 59, 62, 65]",[42],"[0, 6, 36, 38, 42, 59, 62]",complete,
cm2,continuous,500,50,10.0,34,1737506231,m_high,m,50,0.95,2.0,2.0,0.18181818181818182,0.3333333333333333,0.23529411764705885,1.0,11.0,1.0,0.16666666666666666,0.2857142857142857,1.0,1.0,0.5,0.16666666666666666,0.25,1.0,2.0,0.5714285714285714,0.6666666666666666,0.6153846153846153,1.0,7.0,1.0,0.16666666666666666,0.2857142857142857,1.0,1.0,0.6666666666666666,0.6666666666666666,0.6666666666666666,1.0,6.0,"[0, 20, 40, 41, 42, 43]","[2, 11, 18, 26, 29, 41, 42, 46, 59, 69, 72]",[42],"[42, 59]","[0, 6, 17, 20, 41, 42, 59]",[42],"[0, 6, 20, 41, 42, 59]",complete,
cm2,continuous,500,50,10.0,34,1737506231,beta_low,beta,20,0.95,1.0,2.0,0.25,0.3333333333333333,0.28571428571428575,1.0,8.0,0.0,0.0,0.0,1.0,0.0,0.0,0.0,0.0,1.0,2.0,0.42857142857142855,0.5,0.4615384615384615,1.0,7.0,1.0,0.16666666666666666,0.2857142857142857,1.0,1.0,0.5,0.5,0.5,1.0,6.0,"[0, 20, 40, 41, 42, 43]","[29, 30, 32, 34, 41, 42, 59, 83]",[],"[34, 59]","[0, 6, 20, 27, 42, 59, 65]",[42],"[0, 6, 20, 27, 42, 59]",complete,
cm2,continuous,500,50,10.0,34,1737506231,beta_high,beta,20,0.95,3.0,2.0,0.2222222222222222,0.3333333333333333,0.26666666666666666,1.0,9.0,0.0,0.0,0.0,1.0,0.0,0.3333333333333333,0.16666666666666666,0.2222222222222222,1.0,3.0,0.6666666666666666,0.6666666666666666,0.6666666666666666,1.0,6.0,1.0,0.16666666666666666,0.2857142857142857,1.0,1.0,0.8,0.6666666666666666,0.7272727272727272,1.0,5.0,"[0, 20, 40, 41, 42, 43]","[18, 19, 30, 35, 41, 42, 46, 59, 80]",[],"[19, 42, 59]","[0, 6, 20, 41, 42, 59]",[42],"[0, 6, 20, 41, 42]",complete,
cm2,continuous,500,50,10.0,34,1737506231,k_low,k,20,0.95,2.0,1.0,0.15384615384615385,0.3333333333333333,0.21052631578947367,1.0,13.0,0.0,0.0,0.0,1.0,0.0,0.2,0.16666666666666666,0.1818181818181818,1.0,5.0,0.5,0.5,0.5,1.0,6.0,1.0,0.3333333333333333,0.5,1.0,2.0,0.6666666666666666,0.3333333333333333,0.4444444444444444,1.0,3.0,"[0, 20, 40, 41, 42, 43]","[7, 15, 23, 25, 30, 31, 41, 42, 50, 58, 59, 66, 83]",[],"[7, 15, 25, 31, 42]","[0, 6, 20, 26, 42, 59]","[0, 42]","[0, 6, 42]",complete,
cm2,continuous,500,50,10.0,34,1737506231,k_high,k,20,0.95,2.0,3.0,0.1111111111111111,0.16666666666666666,0.13333333333333333,1.0,9.0,0.0,0.0,0.0,1.0,0.0,0.25,0.16666666666666666,0.2,1.0,4.0,0.4444444444444444,0.6666666666666666,0.5333333333333333,1.0,9.0,1.0,0.16666666666666666,0.2857142857142857,1.0,1.0,0.75,0.5,0.6,1.0,4.0,"[0, 20, 40, 41, 42, 43]","[5, 10, 26, 36, 42, 46, 50, 51, 59]",[],"[26, 42, 46, 59]","[0, 6, 17, 20, 41, 42, 46, 51, 59]",[42],"[0, 20, 42, 59]",complete,
cm2,continuous,500,50,10.0,35,1715524230,reference,reference,20,0.95,2.0,2.0,0.3,0.5,0.37499999999999994,1.0,10.0,0.0,0.0,0.0,1.0,0.0,1.0,0.16666666666666666,0.2857142857142857,1.0,1.0,0.42857142857142855,0.5,0.4615384615384615,1.0,7.0,1.0,0.3333333333333333,0.5,1.0,2.0,0.75,0.5,0.6,1.0,4.0,"[0, 20, 40, 41, 42, 43]","[0, 22, 26, 31, 42, 43, 51, 53, 75, 78]",[],[42],"[0, 26, 28, 30, 42, 43, 82]","[0, 42]","[0, 30, 42, 43]",complete,
cm2,continuous,500,50,10.0,35,1715524230,m_low,m,10,0.95,2.0,2.0,0.2,0.3333333333333333,0.25,1.0,10.0,0.0,0.0,0.0,1.0,0.0,0.5,0.3333333333333333,0.4,1.0,4.0,0.5,0.5,0.5,1.0,6.0,1.0,0.3333333333333333,0.5,1.0,2.0,0.75,0.5,0.6,1.0,4.0,"[0, 20, 40, 41, 42, 43]","[9, 26, 42, 43, 46, 50, 56, 69, 75, 82]",[],"[26, 42, 43, 82]","[0, 26, 35, 42, 43, 82]","[42, 43]","[0, 42, 43, 82]",complete,
cm2,continuous,500,50,10.0,35,1715524230,m_high,m,50,0.95,2.0,2.0,0.18181818181818182,0.3333333333333333,0.23529411764705885,1.0,11.0,1.0,0.3333333333333333,0.5,1.0,2.0,0.4,0.3333333333333333,0.3636363636363636,1.0,5.0,0.6,0.5,0.5454545454545454,1.0,5.0,1.0,0.3333333333333333,0.5,1.0,2.0,0.6,0.5,0.5454545454545454,1.0,5.0,"[0, 20, 40, 41, 42, 43]","[3, 8, 18, 42, 43, 46, 50, 69, 75, 79, 82]","[42, 43]","[42, 43, 50, 79, 82]","[0, 42, 43, 50, 82]","[42, 43]","[0, 42, 43, 50, 82]",complete,
cm2,continuous,500,50,10.0,35,1715524230,beta_low,beta,20,0.95,1.0,2.0,0.3,0.5,0.37499999999999994,1.0,10.0,1.0,0.16666666666666666,0.2857142857142857,1.0,1.0,0.5,0.3333333333333333,0.4,1.0,4.0,0.5714285714285714,0.6666666666666666,0.6153846153846153,1.0,7.0,1.0,0.16666666666666666,0.2857142857142857,1.0,1.0,0.6,0.5,0.5454545454545454,1.0,5.0,"[0, 20, 40, 41, 42, 43]","[3, 13, 16, 17, 25, 34, 40, 42, 43, 75]",[42],"[3, 13, 42, 43]","[0, 34, 36, 40, 42, 43, 82]",[42],"[34, 36, 40, 42, 43]",complete,
cm2,continuous,500,50,10.0,35,1715524230,beta_high,beta,20,0.95,3.0,2.0,0.25,0.3333333333333333,0.28571428571428575,1.0,8.0,0.0,0.0,0.0,1.0,0.0,0.6666666666666666,0.3333333333333333,0.4444444444444444,1.0,3.0,0.5,0.5,0.5,1.0,6.0,1.0,0.3333333333333333,0.5,1.0,2.0,0.75,0.5,0.6,1.0,4.0,"[0, 20, 40, 41, 42, 43]","[10, 33, 39, 42, 43, 59, 75, 82]",[],"[42, 43, 82]","[0, 18, 28, 42, 43, 82]","[42, 43]","[0, 42, 43, 82]",complete,
cm2,continuous,500,50,10.0,35,1715524230,k_low,k,20,0.95,2.0,1.0,0.2222222222222222,0.3333333333333333,0.26666666666666666,1.0,9.0,0.0,0.0,0.0,1.0,0.0,0.5,0.3333333333333333,0.4,1.0,4.0,0.6,0.5,0.5454545454545454,1.0,5.0,1.0,0.16666666666666666,0.2857142857142857,1.0,1.0,0.6,0.5,0.5454545454545454,1.0,5.0,"[0, 20, 40, 41, 42, 43]","[1, 27, 37, 42, 43, 50, 58, 69, 82]",[],"[37, 42, 43, 82]","[0, 35, 42, 43, 82]",[42],"[0, 35, 42, 43, 82]",complete,
cm2,continuous,500,50,10.0,35,1715524230,k_high,k,20,0.95,2.0,3.0,0.3333333333333333,0.5,0.4,1.0,9.0,0.0,0.0,0.0,1.0,0.0,0.6666666666666666,0.3333333333333333,0.4444444444444444,1.0,3.0,0.3333333333333333,0.3333333333333333,0.3333333333333333,1.0,6.0,1.0,0.3333333333333333,0.5,1.0,2.0,0.4,0.3333333333333333,0.3636363636363636,1.0,5.0,"[0, 20, 40, 41, 42, 43]","[2, 5, 6, 15, 19, 28, 41, 42, 43]",[],"[6, 42, 43]","[28, 38, 42, 43, 50, 82]","[42, 43]","[28, 38, 42, 43, 50]",complete,
cm2,continuous,500,50,10.0,36,2317996216,reference,reference,20,0.95,2.0,2.0,0.1111111111111111,0.16666666666666666,0.13333333333333333,1.0,9.0,0.0,0.0,0.0,1.0,1.0,0.25,0.16666666666666666,0.2,1.0,4.0,0.4444444444444444,0.6666666666666666,0.5333333333333333,1.0,9.0,1.0,0.16666666666666666,0.2857142857142857,1.0,1.0,0.6,0.5,0.5454545454545454,1.0,5.0,"[0, 20, 40, 41, 42, 43]","[2, 6, 10, 11, 42, 65, 71, 73, 76]",[2],"[2, 42, 73, 76]","[0, 4, 18, 20, 32, 42, 43, 73, 76]",[42],"[4, 20, 42, 43, 76]",complete,
cm2,continuous,500,50,10.0,36,2317996216,m_low,m,10,0.95,2.0,2.0,0.1875,0.5,0.2727272727272727,1.0,16.0,0.0,0.0,0.0,1.0,0.0,0.4,0.3333333333333333,0.3636363636363636,1.0,5.0,0.4,0.6666666666666666,0.5,1.0,10.0,1.0,0.16666666666666666,0.2857142857142857,1.0,1.0,0.42857142857142855,0.5,0.4615384615384615,1.0,7.0,"[0, 20, 40, 41, 42, 43]","[3, 30, 34, 41, 42, 43, 45, 52, 59, 65, 66, 68, 71, 76, 78, 82]",[],"[3, 42, 43, 52, 71]","[4, 18, 20, 32, 41, 42, 43, 66, 71, 76]",[42],"[4, 32, 41, 42, 43, 66, 76]",complete,
cm2,continuous,500,50,10.0,36,2317996216,m_high,m,50,0.95,2.0,2.0,0.18181818181818182,0.3333333333333333,0.23529411764705885,1.0,11.0,1.0,0.16666666666666666,0.2857142857142857,1.0,1.0,0.6666666666666666,0.3333333333333333,0.4444444444444444,1.0,3.0,0.5,0.6666666666666666,0.5714285714285715,1.0,8.0,1.0,0.16666666666666666,0.2857142857142857,1.0,1.0,0.6,0.5,0.5454545454545454,1.0,5.0,"[0, 20, 40, 41, 42, 43]","[2, 5, 6, 25, 27, 34, 42, 43, 45, 52, 76]",[42],"[42, 43, 76]","[2, 4, 18, 20, 41, 42, 43, 76]",[42],"[4, 20, 42, 43, 76]",complete,
cm2,continuous,500,50,10.0,36,2317996216,beta_low,beta,20,0.95,1.0,2.0,0.2,0.3333333333333333,0.25,1.0,10.0,0.0,0.0,0.0,1.0,0.0,0.25,0.16666666666666666,0.2,1.0,4.0,0.5714285714285714,0.6666666666666666,0.6153846153846153,1.0,7.0,1.0,0.16666666666666666,0.2857142857142857,1.0,1.0,1.0,0.6666666666666666,0.8,1.0,4.0,"[0, 20, 40, 41, 42, 43]","[9, 19, 26, 29, 30, 34, 42, 43, 52, 70]",[],"[26, 42, 52, 70]","[0, 4, 14, 20, 42, 43, 76]",[42],"[0, 20, 42, 43]",complete,
cm2,continuous,500,50,10.0,36,2317996216,beta_high,beta,20,0.95,3.0,2.0,0.16666666666666666,0.3333333333333333,0.2222222222222222,1.0,12.0,0.0,0.0,0.0,1.0,0.0,0.4,0.3333333333333333,0.3636363636363636,1.0,5.0,0.375,0.5,0.42857142857142855,1.0,8.0,1.0,0.16666666666666666,0.2857142857142857,1.0,1.0,0.42857142857142855,0.5,0.4615384615384615,1.0,7.0,"[0, 20, 40, 41, 42, 43]","[13, 25, 42, 43, 50, 59, 63, 68, 73, 74, 75, 76]",[],"[13, 42, 43, 68, 76]","[4, 18, 20, 23, 32, 42, 43, 76]",[42],"[4, 18, 20, 32, 42, 43, 76]",complete,
cm2,continuous,500,50,10.0,36,2317996216,k_low,k,20,0.95,2.0,1.0,0.25,0.3333333333333333,0.28571428571428575,1.0,8.0,0.0,0.0,0.0,1.0,0.0,1.0,0.3333333333333333,0.5,1.0,2.0,0.375,0.5,0.42857142857142855,1.0,8.0,1.0,0.3333333333333333,0.5,1.0,2.0,0.6,0.5,0.5454545454545454,1.0,5.0,"[0, 20, 40, 41, 42, 43]","[33, 36, 37, 42, 43, 66, 71, 76]",[],"[42, 43]","[4, 14, 18, 20, 42, 43, 73, 76]","[20, 42]","[18, 20, 42, 43, 76]",complete,
cm2,continuous,500,50,10.0,36,2317996216,k_high,k,20,0.95,2.0,3.0,0.3,0.5,0.37499999999999994,1.0,10.0,0.0,0.0,0.0,1.0,0.0,0.3333333333333333,0.16666666666666666,0.2222222222222222,1.0,3.0,0.3333333333333333,0.6666666666666666,0.4444444444444444,1.0,12.0,1.0,0.16666666666666666,0.2857142857142857,1.0,1.0,0.5,0.5,0.5,1.0,6.0,"[0, 20, 40, 41, 42, 43]","[11, 14, 19, 32, 41, 42, 43, 71, 74, 76]",[],"[14, 42, 74]","[4, 7, 18, 20, 29, 32, 41, 42, 43, 71, 74, 76]",[42],"[4, 18, 20, 42, 43, 76]",complete,
cm2,continuous,500,50,10.0,37,3897610035,reference,reference,20,0.95,2.0,2.0,0.16666666666666666,0.3333333333333333,0.2222222222222222,1.0,12.0,0.0,0.0,0.0,1.0,0.0,0.3333333333333333,0.16666666666666666,0.2222222222222222,1.0,3.0,0.5,0.6666666666666666,0.5714285714285715,1.0,8.0,1.0,0.16666666666666666,0.2857142857142857,1.0,1.0,0.6666666666666666,0.6666666666666666,0.6666666666666666,1.0,6.0,"[0, 20, 40, 41, 42, 43]","[1, 6, 17, 28, 32, 39, 41, 42, 48, 60, 70, 81]",[],"[42, 70, 81]","[0, 6, 20, 41, 42, 48, 70, 81]",[42],"[0, 20, 41, 42, 70, 81]",complete,
cm2,continuous,500,50,10.0,37,3897610035,m_low,m,10,0.95,2.0,2.0,0.1111111111111111,0.16666666666666666,0.13333333333333333,1.0,9.0,0.0,0.0,0.0,1.0,0.0,0.2,0.16666666666666666,0.1818181818181818,1.0,5.0,0.4444444444444444,0.6666666666666666,0.5333333333333333,1.0,9.0,1.0,0.16666666666666666,0.2857142857142857,1.0,1.0,0.6666666666666666,0.6666666666666666,0.6666666666666666,1.0,6.0,"[0, 20, 40, 41, 42, 43]","[5, 14, 23, 28, 31, 38, 42, 53, 60]",[],"[5, 14, 28, 42, 60]","[0, 6, 20, 31, 41, 42, 53, 54, 74]",[42],"[0, 20, 41, 42, 53, 74]",complete,
cm2,continuous,500,50,10.0,37,3897610035,m_high,m,50,0.95,2.0,2.0,0.2222222222222222,0.3333333333333333,0.26666666666666666,1.0,9.0,0.5,0.16666666666666666,0.25,1.0,2.0,0.5,0.16666666666666666,0.25,1.0,2.0,0.3333333333333333,0.5,0.4,1.0,9.0,1.0,0.16666666666666666,0.2857142857142857,1.0,1.0,0.5,0.5,0.5,1.0,6.0,"[0, 20, 40, 41, 42, 43]","[8, 9, 23, 31, 32, 42, 43, 73, 81]","[31, 42]","[31, 42]","[0, 20, 21, 31, 42, 48, 70, 73, 81]",[42],"[0, 20, 31, 42, 70, 81]",complete,
cm2,continuous,500,50,10.0,37,3897610035,beta_low,beta,20,0.95,1.0,2.0,0.2222222222222222,0.3333333333333333,0.26666666666666666,1.0,9.0,0.0,0.0,0.0,1.0,0.0,0.3333333333333333,0.16666666666666666,0.2222222222222222,1.0,3.0,0.42857142857142855,0.5,0.4615384615384615,1.0,7.0,1.0,0.16666666666666666,0.2857142857142857,1.0,1.0,0.6,0.5,0.5454545454545454,1.0,5.0,"[0, 20, 40, 41, 42, 43]","[1, 28, 30, 38, 40, 42, 44, 60, 70]",[],"[28, 42, 70]","[0, 15, 20, 28, 37, 42, 70]",[42],"[0, 20, 37, 42, 70]",complete,
cm2,continuous,500,50,10.0,37,3897610035,beta_high,beta,20,0.95,3.0,2.0,0.2222222222222222,0.3333333333333333,0.26666666666666666,1.0,9.0,0.0,0.0,0.0,1.0,0.0,1.0,0.16666666666666666,0.2857142857142857,1.0,1.0,0.36363636363636365,0.6666666666666666,0.4705882352941177,1.0,11.0,1.0,0.16666666666666666,0.2857142857142857,1.0,1.0,0.6666666666666666,0.6666666666666666,0.6666666666666666,1.0,6.0,"[0, 20, 40, 41, 42, 43]","[1, 5, 19, 21, 30, 41, 42, 53, 73]",[],[42],"[0, 1, 20, 21, 29, 30, 41, 42, 53, 70, 81]",[42],"[0, 20, 41, 42, 53, 70]",complete,
cm2,continuous,500,50,10.0,37,3897610035,k_low,k,20,0.95,2.0,1.0,0.2,0.3333333333333333,0.25,1.0,10.0,0.0,0.0,0.0,1.0,0.0,0.3333333333333333,0.16666666666666666,0.2222222222222222,1.0,3.0,0.5,0.6666666666666666,0.5714285714285715,1.0,8.0,1.0,0.16666666666666666,0.2857142857142857,1.0,1.0,0.6666666666666666,0.6666666666666666,0.6666666666666666,1.0,6.0,"[0, 20, 40, 41, 42, 43]","[3, 6, 28, 32, 39, 42, 43, 55, 70, 81]",[],"[42, 55, 81]","[0, 20, 39, 42, 43, 47, 70, 81]",[42],"[0, 20, 42, 43, 70, 81]",complete,
cm2,continuous,500,50,10.0,37,3897610035,k_high,k,20,0.95,2.0,3.0,0.125,0.16666666666666666,0.14285714285714288,1.0,8.0,0.0,0.0,0.0,1.0,0.0,0.2,0.16666666666666666,0.1818181818181818,1.0,5.0,0.5,0.6666666666666666,0.5714285714285715,1.0,8.0,1.0,0.16666666666666666,0.2857142857142857,1.0,1.0,0.6,0.5,0.5454545454545454,1.0,5.0,"[0, 20, 40, 41, 42, 43]","[9, 12, 21, 22, 36, 37, 42, 70]",[],"[9, 12, 36, 42, 70]","[0, 20, 36, 37, 41, 42, 53, 70]",[42],"[0, 20, 36, 42, 70]",complete,
cm2,continuous,500,50,10.0,38,1975381087,reference,reference,20,0.95,2.0,2.0,0.18181818181818182,0.3333333333333333,0.23529411764705885,1.0,11.0,0.0,0.0,0.0,1.0,0.0,0.5,0.16666666666666666,0.25,1.0,2.0,0.4,0.6666666666666666,0.5,1.0,10.0,1.0,0.16666666666666666,0.2857142857142857,1.0,1.0,0.42857142857142855,0.5,0.4615384615384615,1.0,7.0,"[0, 20, 40, 41, 42, 43]","[4, 7, 9, 16, 19, 22, 30, 39, 42, 43, 49]",[],"[19, 42]","[12, 20, 22, 23, 40, 42, 43, 49, 56, 75]",[42],"[12, 20, 22, 40, 42, 56, 75]",complete,
cm2,continuous,500,50,10.0,38,1975381087,m_low,m,10,0.95,2.0,2.0,0.25,0.3333333333333333,0.28571428571428575,1.0,8.0,0.0,0.0,0.0,1.0,1.0,0.3333333333333333,0.16666666666666666,0.2222222222222222,1.0,3.0,0.3076923076923077,0.6666666666666666,0.42105263157894735,1.0,13.0,1.0,0.16666666666666666,0.2857142857142857,1.0,1.0,0.2,0.16666666666666666,0.1818181818181818,1.0,5.0,"[0, 20, 40, 41, 42, 43]","[10, 16, 17, 31, 39, 40, 42, 60]",[16],"[16, 39, 42]","[0, 10, 12, 16, 20, 22, 25, 40, 42, 53, 56, 60, 75]",[42],"[12, 22, 42, 56, 75]",complete,
cm2,continuous,500,50,10.0,38,1975381087,m_high,m,50,0.95,2.0,2.0,0.2857142857142857,0.3333333333333333,0.30769230769230765,1.0,7.0,1.0,0.16666666666666666,0.2857142857142857,1.0,1.0,0.5,0.16666666666666666,0.25,1.0,2.0,0.5,0.8333333333333334,0.625,1.0,10.0,1.0,0.16666666666666666,0.2857142857142857,1.0,1.0,0.75,0.5,0.6,1.0,4.0,"[0, 20, 40, 41, 42, 43]","[0, 6, 16, 21, 26, 35, 42]",[42],"[16, 42]","[0, 12, 16, 20, 40, 42, 43, 45, 56, 75]",[42],"[0, 20, 42, 56]",complete,
cm2,continuous,500,50,10.0,38,1975381087,beta_low,beta,20,0.95,1.0,2.0,0.1111111111111111,0.16666666666666666,0.13333333333333333,1.0,9.0,1.0,0.16666666666666666,0.2857142857142857,1.0,1.0,0.3333333333333333,0.16666666666666666,0.2222222222222222,1.0,3.0,0.25,0.3333333333333333,0.28571428571428575,1.0,8.0,1.0,0.16666666666666666,0.2857142857142857,1.0,1.0,0.3333333333333333,0.16666666666666666,0.2222222222222222,1.0,3.0,"[0, 20, 40, 41, 42, 43]","[1, 3, 5, 7, 28, 31, 42, 49, 75]",[42],"[3, 5, 42]","[12, 22, 38, 40, 42, 45, 56, 75]",[42],"[38, 42, 56]",complete,
cm2,continuous,500,50,10.0,38,1975381087,beta_high,beta,20,0.95,3.0,2.0,0.36363636363636365,0.6666666666666666,0.4705882352941177,1.0,11.0,0.0,0.0,0.0,1.0,0.0,0.6666666666666666,0.3333333333333333,0.4444444444444444,1.0,3.0,0.4166666666666667,0.8333333333333334,0.5555555555555556,1.0,12.0,1.0,0.16666666666666666,0.2857142857142857,1.0,1.0,0.5,0.5,0.5,1.0,6.0,"[0, 20, 40, 41, 42, 43]","[13, 15, 28, 32, 40, 41, 42, 43, 49, 51, 75]",[],"[15, 41, 42]","[12, 13, 18, 20, 22, 40, 41, 42, 43, 49, 56, 75]",[42],"[12, 13, 20, 40, 42, 56]",complete,
cm2,continuous,500,50,10.0,38,1975381087,k_low,k,20,0.95,2.0,1.0,0.2222222222222222,0.3333333333333333,0.26666666666666666,1.0,9.0,0.0,0.0,0.0,1.0,1.0,0.5,0.3333333333333333,0.4,1.0,4.0,0.5714285714285714,0.6666666666666666,0.6153846153846153,1.0,7.0,1.0,0.16666666666666666,0.2857142857142857,1.0,1.0,0.5,0.16666666666666666,0.25,1.0,2.0,"[0, 20, 40, 41, 42, 43]","[3, 16, 17, 25, 31, 41, 42, 45, 53]",[17],"[17, 41, 42, 53]","[12, 20, 41, 42, 43, 53, 56]",[42],"[12, 42]",complete,
cm2,continuous,500,50,10.0,38,1975381087,k_high,k,20,0.95,2.0,3.0,0.3076923076923077,0.6666666666666666,0.42105263157894735,1.0,13.0,0.0,0.0,0.0,1.0,0.0,1.0,0.3333333333333333,0.5,1.0,2.0,0.5,0.5,0.5,1.0,6.0,1.0,0.16666666666666666,0.2857142857142857,1.0,1.0,0.6,0.5,0.5454545454545454,1.0,5.0,"[0, 20, 40, 41, 42, 43]","[0, 2, 3, 13, 19, 20, 21, 39, 42, 43, 47, 56, 57]",[],"[42, 43]","[20, 42, 43, 45, 56, 60]",[42],"[20, 42, 43, 45, 56]",complete,
cm2,continuous,500,50,10.0,39,2447127173,reference,reference,20,0.95,2.0,2.0,0.2727272727272727,0.5,0.3529411764705882,1.0,11.0,0.0,0.0,0.0,1.0,0.0,0.3333333333333333,0.16666666666666666,0.2222222222222222,1.0,3.0,0.625,0.8333333333333334,0.7142857142857143,1.0,8.0,1.0,0.16666666666666666,0.2857142857142857,1.0,1.0,0.8,0.6666666666666666,0.7272727272727272,1.0,5.0,"[0, 20, 40, 41, 42, 43]","[18, 22, 24, 29, 30, 32, 38, 41, 42, 43, 82]",[],"[22, 38, 42]","[0, 20, 27, 41, 42, 43, 73, 82]",[42],"[0, 27, 41, 42, 43]",complete,
cm2,continuous,500,50,10.0,39,2447127173,m_low,m,10,0.95,2.0,2.0,0.2727272727272727,0.5,0.3529411764705882,1.0,11.0,0.0,0.0,0.0,1.0,0.0,0.6,0.5,0.5454545454545454,1.0,5.0,0.5714285714285714,0.6666666666666666,0.6153846153846153,1.0,7.0,1.0,0.16666666666666666,0.2857142857142857,1.0,1.0,0.6666666666666666,0.6666666666666666,0.6666666666666666,1.0,6.0,"[0, 20, 40, 41, 42, 43]","[19, 32, 38, 41, 42, 43, 56, 57, 65, 74, 82]",[],"[41, 42, 43, 56, 65]","[12, 20, 27, 41, 42, 43, 76]",[42],"[12, 20, 27, 41, 42, 43]",complete,
cm2,continuous,500,50,10.0,39,2447127173,m_high,m,50,0.95,2.0,2.0,0.25,0.5,0.3333333333333333,1.0,12.0,0.5,0.16666666666666666,0.25,1.0,2.0,0.3333333333333333,0.3333333333333333,0.3333333333333333,1.0,6.0,0.45454545454545453,0.8333333333333334,0.5882352941176471,1.0,11.0,1.0,0.3333333333333333,0.5,1.0,2.0,0.75,0.5,0.6,1.0,4.0,"[0, 20, 40, 41, 42, 43]","[5, 11, 14, 18, 19, 38, 41, 42, 43, 45, 75, 82]","[11, 42]","[11, 18, 19, 41, 42, 75]","[0, 11, 14, 18, 20, 27, 30, 41, 42, 43, 82]","[20, 42]","[18, 20, 42, 43]",complete,
cm2,continuous,500,50,10.0,39,2447127173,beta_low,beta,20,0.95,1.0,2.0,0.23076923076923078,0.5,0.3157894736842105,1.0,13.0,1.0,0.16666666666666666,0.2857142857142857,1.0,1.0,0.5,0.3333333333333333,0.4,1.0,4.0,0.6666666666666666,0.6666666666666666,0.6666666666666666,1.0,6.0,1.0,0.16666666666666666,0.2857142857142857,1.0,1.0,1.0,0.5,0.6666666666666666,1.0,3.0,"[0, 20, 40, 41, 42, 43]","[5, 12, 13, 25, 26, 31, 33, 34, 36, 41, 42, 43, 44]",[42],"[33, 36, 41, 42]","[12, 20, 31, 41, 42, 43]",[42],"[20, 42, 43]",complete,
cm2,continuous,500,50,10.0,39,2447127173,beta_high,beta,20,0.95,3.0,2.0,0.3333333333333333,0.5,0.4,1.0,9.0,0.0,0.0,0.0,1.0,0.0,0.75,0.5,0.6,1.0,4.0,0.8,0.6666666666666666,0.7272727272727272,1.0,5.0,1.0,0.16666666666666666,0.2857142857142857,1.0,1.0,1.0,0.5,0.6666666666666666,1.0,3.0,"[0, 20, 40, 41, 42, 43]","[9, 12, 22, 41, 42, 43, 47, 73, 75]",[],"[41, 42, 43, 75]","[20, 41, 42, 43, 45]",[42],"[20, 41, 42]",complete,
cm2,continuous,500,50,10.0,39,2447127173,k_low,k,20,0.95,2.0,1.0,0.3333333333333333,0.5,0.4,1.0,9.0,0.0,0.0,0.0,1.0,0.0,0.6666666666666666,0.3333333333333333,0.4444444444444444,1.0,3.0,0.6666666666666666,0.6666666666666666,0.6666666666666666,1.0,6.0,1.0,0.3333333333333333,0.5,1.0,2.0,0.8,0.6666666666666666,0.7272727272727272,1.0,5.0,"[0, 20, 40, 41, 42, 43]","[8, 11, 21, 26, 41, 42, 43, 74, 75]",[],"[11, 41, 42]","[20, 27, 30, 41, 42, 43]","[20, 42]","[20, 27, 41, 42, 43]",complete,
cm2,continuous,500,50,10.0,39,2447127173,k_high,k,20,0.95,2.0,3.0,0.3333333333333333,0.5,0.4,1.0,9.0,0.0,0.0,0.0,1.0,0.0,1.0,0.3333333333333333,0.5,1.0,2.0,1.0,0.8333333333333334,0.9090909090909091,1.0,5.0,1.0,0.3333333333333333,0.5,1.0,2.0,1.0,0.5,0.6666666666666666,1.0,3.0,"[0, 20, 40, 41, 42, 43]","[19, 30, 33, 36, 41, 42, 43, 55, 74]",[],"[42, 43]","[0, 20, 41, 42, 43]","[20, 42]","[20, 42, 43]",complete,
cm2,continuous,500,50,10.0,40,2206491507,reference,reference,20,0.95,2.0,2.0,0.2222222222222222,0.3333333333333333,0.26666666666666666,1.0,9.0,0.0,0.0,0.0,1.0,0.0,0.25,0.16666666666666666,0.2,1.0,4.0,0.2,0.3333333333333333,0.25,1.0,10.0,1.0,0.16666666666666666,0.2857142857142857,1.0,1.0,0.5,0.3333333333333333,0.4,1.0,4.0,"[0, 20, 40, 41, 42, 43]","[0, 10, 11, 14, 21, 35, 42, 44, 83]",[],"[14, 21, 35, 42]","[4, 5, 14, 20, 30, 36, 42, 46, 66, 80]",[42],"[14, 20, 42, 46]",complete,
cm2,continuous,500,50,10.0,40,2206491507,m_low,m,10,0.95,2.0,2.0,0.1111111111111111,0.16666666666666666,0.13333333333333333,1.0,9.0,0.0,0.0,0.0,1.0,0.0,0.0,0.0,0.0,1.0,2.0,0.25,0.3333333333333333,0.28571428571428575,1.0,8.0,1.0,0.16666666666666666,0.2857142857142857,1.0,1.0,0.5,0.3333333333333333,0.4,1.0,4.0,"[0, 20, 40, 41, 42, 43]","[2, 6, 23, 27, 37, 42, 44, 66, 80]",[],"[37, 44]","[4, 5, 20, 30, 37, 42, 44, 66]",[42],"[20, 42, 44, 66]",complete,
cm2,continuous,500,50,10.0,40,2206491507,m_high,m,50,0.95,2.0,2.0,0.2,0.3333333333333333,0.25,1.0,10.0,1.0,0.16666666666666666,0.2857142857142857,1.0,1.0,1.0,0.16666666666666666,0.2857142857142857,1.0,1.0,0.25,0.16666666666666666,0.2,1.0,4.0,1.0,0.16666666666666666,0.2857142857142857,1.0,1.0,0.5,0.16666666666666666,0.25,1.0,2.0,"[0, 20, 40, 41, 42, 43]","[0, 4, 27, 29, 32, 35, 42, 60, 70, 76]",[42],[42],"[4, 42, 47, 80]",[42],"[4, 42]",complete,
cm2,continuous,500,50,10.0,40,2206491507,beta_low,beta,20,0.95,1.0,2.0,0.125,0.3333333333333333,0.18181818181818182,1.0,16.0,0.0,0.0,0.0,1.0,0.0,0.4,0.3333333333333333,0.3636363636363636,1.0,5.0,0.25,0.3333333333333333,0.28571428571428575,1.0,8.0,1.0,0.16666666666666666,0.2857142857142857,1.0,1.0,0.3333333333333333,0.16666666666666666,0.2222222222222222,1.0,3.0,"[0, 20, 40, 41, 42, 43]","[1, 17, 18, 22, 28, 30, 34, 37, 42, 43, 44, 53, 55, 61, 76, 81]",[],"[30, 37, 42, 43, 44]","[20, 28, 30, 34, 42, 44, 46, 75]",[42],"[28, 42, 75]",complete,
cm2,continuous,500,50,10.0,40,2206491507,beta_high,beta,20,0.95,3.0,2.0,0.2222222222222222,0.3333333333333333,0.26666666666666666,1.0,9.0,0.0,0.0,0.0,1.0,0.0,0.3333333333333333,0.16666666666666666,0.2222222222222222,1.0,3.0,0.3333333333333333,0.3333333333333333,0.3333333333333333,1.0,6.0,1.0,0.16666666666666666,0.2857142857142857,1.0,1.0,0.6666666666666666,0.3333333333333333,0.4444444444444444,1.0,3.0,"[0, 20, 40, 41, 42, 43]","[7, 11, 28, 33, 40, 42, 50, 56, 80]",[],"[28, 33, 42]","[4, 20, 42, 45, 66, 74]",[42],"[4, 20, 42]",complete,
cm2,continuous,500,50,10.0,40,2206491507,k_low,k,20,0.95,2.0,1.0,0.14285714285714285,0.16666666666666666,0.15384615384615383,1.0,7.0,0.0,0.0,0.0,1.0,0.0,0.3333333333333333,0.16666666666666666,0.2222222222222222,1.0,3.0,0.3333333333333333,0.3333333333333333,0.3333333333333333,1.0,6.0,1.0,0.16666666666666666,0.2857142857142857,1.0,1.0,1.0,0.3333333333333333,0.5,1.0,2.0,"[0, 20, 40, 41, 42, 43]","[1, 15, 24, 27, 32, 42, 46]",[],"[15, 32, 42]","[20, 31, 34, 42, 66, 77]",[42],"[20, 42]",complete,
cm2,continuous,500,50,10.0,40,2206491507,k_high,k,20,0.95,2.0,3.0,0.25,0.16666666666666666,0.2,1.0,4.0,0.0,0.0,0.0,1.0,0.0,1.0,0.16666666666666666,0.2857142857142857,1.0,1.0,0.5,0.3333333333333333,0.4,1.0,4.0,1.0,0.16666666666666666,0.2857142857142857,1.0,1.0,0.6666666666666666,0.3333333333333333,0.4444444444444444,1.0,3.0,"[0, 20, 40, 41, 42, 43]","[17, 42, 54, 76]",[],[42],"[4, 20, 42, 46]",[42],"[4, 20, 42]",complete,
cm2,continuous,500,50,10.0,41,3319596780,reference,reference,20,0.95,2.0,2.0,0.25,0.3333333333333333,0.28571428571428575,1.0,8.0,1.0,0.16666666666666666,0.2857142857142857,1.0,1.0,1.0,0.3333333333333333,0.5,1.0,2.0,0.5,0.5,0.5,1.0,6.0,1.0,0.3333333333333333,0.5,1.0,2.0,0.5,0.5,0.5,1.0,6.0,"[0, 20, 40, 41, 42, 43]","[3, 32, 33, 42, 43, 45, 69, 79]",[42],"[42, 43]","[0, 7, 23, 42, 43, 79]","[42, 43]","[0, 7, 23, 42, 43, 79]",complete,
cm2,continuous,500,50,10.0,41,3319596780,m_low,m,10,0.95,2.0,2.0,0.2727272727272727,0.5,0.3529411764705882,1.0,11.0,0.0,0.0,0.0,1.0,0.0,0.6,0.5,0.5454545454545454,1.0,5.0,0.42857142857142855,0.5,0.4615384615384615,1.0,7.0,1.0,0.3333333333333333,0.5,1.0,2.0,0.5,0.5,0.5,1.0,6.0,"[0, 20, 40, 41, 42, 43]","[4, 11, 41, 42, 43, 47, 54, 64, 65, 79, 83]",[],"[4, 41, 42, 43, 79]","[4, 7, 41, 42, 43, 54, 65]","[42, 43]","[4, 7, 41, 42, 43, 54]",complete,
cm2,continuous,500,50,10.0,41,3319596780,m_high,m,50,0.95,2.0,2.0,0.18181818181818182,0.3333333333333333,0.23529411764705885,1.0,11.0,1.0,0.16666666666666666,0.2857142857142857,1.0,1.0,0.5,0.3333333333333333,0.4,1.0,4.0,0.2727272727272727,0.5,0.3529411764705882,1.0,11.0,1.0,0.3333333333333333,0.5,1.0,2.0,0.6,0.5,0.5454545454545454,1.0,5.0,"[0, 20, 40, 41, 42, 43]","[6, 9, 24, 26, 36, 42, 43, 46, 62, 64, 83]",[42],"[9, 42, 43, 46]","[0, 7, 17, 24, 31, 42, 43, 46, 64, 69, 79]","[42, 43]","[0, 7, 17, 42, 43]",complete,
cm2,continuous,500,50,10.0,41,3319596780,beta_low,beta,20,0.95,1.0,2.0,0.08333333333333333,0.16666666666666666,0.1111111111111111,1.0,12.0,0.0,0.0,0.0,1.0,0.0,0.5,0.16666666666666666,0.25,1.0,2.0,0.25,0.3333333333333333,0.28571428571428575,1.0,8.0,1.0,0.16666666666666666,0.2857142857142857,1.0,1.0,0.6666666666666666,0.3333333333333333,0.4444444444444444,1.0,3.0,"[0, 20, 40, 41, 42, 43]","[3, 6, 8, 12, 13, 22, 28, 32, 42, 54, 56, 80]",[],"[12, 42]","[7, 8, 27, 42, 43, 54, 56, 80]",[42],"[7, 42, 43]",complete,
cm2,continuous,500,50,10.0,41,3319596780,beta_high,beta,20,0.95,3.0,2.0,0.14285714285714285,0.3333333333333333,0.2,1.0,14.0,0.0,0.0,0.0,1.0,0.0,0.3333333333333333,0.16666666666666666,0.2222222222222222,1.0,3.0,0.4,0.6666666666666666,0.5,1.0,10.0,1.0,0.16666666666666666,0.2857142857142857,1.0,1.0,0.4,0.3333333333333333,0.3636363636363636,1.0,5.0,"[0, 20, 40, 41, 42, 43]","[2, 3, 12, 30, 34, 38, 41, 42, 54, 57, 64, 65, 69, 79]",[],"[42, 65, 79]","[0, 7, 17, 23, 41, 42, 43, 64, 69, 79]",[42],"[7, 17, 42, 43, 79]",complete,
cm2,continuous,500,50,10.0,41,3319596780,k_low,k,20,0.95,2.0,1.0,0.375,0.5,0.42857142857142855,1.0,8.0,0.0,0.0,0.0,1.0,1.0,0.3333333333333333,0.16666666666666666,0.2222222222222222,1.0,3.0,0.375,0.5,0.42857142857142855,1.0,8.0,1.0,0.3333333333333333,0.5,1.0,2.0,0.5,0.3333333333333333,0.4,1.0,4.0,"[0, 20, 40, 41, 42, 43]","[4, 20, 24, 36, 41, 42, 53, 77]",[4],"[4, 36, 42]","[0, 4, 7, 17, 24, 42, 43, 56]","[42, 43]","[7, 17, 42, 43]",complete,
cm2,continuous,500,50,10.0,41,3319596780,k_high,k,20,0.95,2.0,3.0,0.3,0.5,0.37499999999999994,1.0,10.0,0.0,0.0,0.0,1.0,0.0,1.0,0.5,0.6666666666666666,1.0,3.0,0.375,0.5,0.42857142857142855,1.0,8.0,1.0,0.3333333333333333,0.5,1.0,2.0,0.5,0.5,0.5,1.0,6.0,"[0, 20, 40, 41, 42, 43]","[9, 25, 27, 41, 42, 43, 46, 69, 79, 80]",[],"[41, 42, 43]","[7, 17, 41, 42, 43, 46, 69, 79]","[42, 43]","[7, 41, 42, 43, 69, 79]",complete,
cm2,continuous,500,50,10.0,42,2285562797,reference,reference,20,0.95,2.0,2.0,0.2727272727272727,0.5,0.3529411764705882,1.0,11.0,0.0,0.0,0.0,1.0,0.0,0.4,0.3333333333333333,0.3636363636363636,1.0,5.0,0.5555555555555556,0.8333333333333334,0.6666666666666667,1.0,9.0,1.0,0.3333333333333333,0.5,1.0,2.0,0.625,0.8333333333333334,0.7142857142857143,1.0,8.0,"[0, 20, 40, 41, 42, 43]","[9, 13, 16, 19, 30, 41, 42, 43, 53, 66, 72]",[],"[9, 16, 19, 42, 43]","[0, 9, 20, 33, 41, 42, 43, 66, 72]","[42, 43]","[0, 9, 20, 33, 41, 42, 43, 72]",complete,
cm2,continuous,500,50,10.0,42,2285562797,m_low,m,10,0.95,2.0,2.0,0.3,0.5,0.37499999999999994,1.0,10.0,0.0,0.0,0.0,1.0,0.0,0.4,0.3333333333333333,0.3636363636363636,1.0,5.0,0.625,0.8333333333333334,0.7142857142857143,1.0,8.0,1.0,0.3333333333333333,0.5,1.0,2.0,0.7142857142857143,0.8333333333333334,0.7692307692307692,1.0,7.0,"[0, 20, 40, 41, 42, 43]","[11, 12, 19, 22, 25, 31, 41, 42, 43, 78]",[],"[12, 19, 22, 41, 43]","[0, 2, 20, 33, 41, 42, 43, 66]","[42, 43]","[0, 2, 20, 33, 41, 42, 43]",complete,
cm2,continuous,500,50,10.0,42,2285562797,m_high,m,50,0.95,2.0,2.0,0.3333333333333333,0.3333333333333333,0.3333333333333333,1.0,6.0,1.0,0.16666666666666666,0.2857142857142857,1.0,1.0,0.6666666666666666,0.3333333333333333,0.4444444444444444,1.0,3.0,0.5555555555555556,0.8333333333333334,0.6666666666666667,1.0,9.0,1.0,0.3333333333333333,0.5,1.0,2.0,0.8,0.6666666666666666,0.7272727272727272,1.0,5.0,"[0, 20, 40, 41, 42, 43]","[4, 5, 28, 42, 43, 72]",[42],"[4, 42, 43]","[0, 2, 20, 41, 42, 43, 47, 65, 72]","[42, 43]","[0, 20, 42, 43, 72]",complete,
cm2,continuous,500,50,10.0,42,2285562797,beta_low,beta,20,0.95,1.0,2.0,0.14285714285714285,0.3333333333333333,0.2,1.0,14.0,0.0,0.0,0.0,1.0,0.0,0.3333333333333333,0.3333333333333333,0.3333333333333333,1.0,6.0,0.5714285714285714,0.6666666666666666,0.6153846153846153,1.0,7.0,1.0,0.3333333333333333,0.5,1.0,2.0,0.8,0.6666666666666666,0.7272727272727272,1.0,5.0,"[0, 20, 40, 41, 42, 43]","[5, 6, 7, 35, 37, 39, 42, 43, 44, 45, 47, 52, 63, 65]",[],"[42, 43, 44, 45, 52, 65]","[0, 7, 41, 42, 43, 47, 72]","[42, 43]","[0, 41, 42, 43, 47]",complete,
cm2,continuous,500,50,10.0,42,2285562797,beta_high,beta,20,0.95,3.0,2.0,0.42857142857142855,0.5,0.4615384615384615,1.0,7.0,0.0,0.0,0.0,1.0,0.0,0.5,0.3333333333333333,0.4,1.0,4.0,0.5555555555555556,0.8333333333333334,0.6666666666666667,1.0,9.0,1.0,0.3333333333333333,0.5,1.0,2.0,0.8333333333333334,0.8333333333333334,0.8333333333333334,1.0,6.0,"[0, 20, 40, 41, 42, 43]","[18, 23, 41, 42, 43, 65, 72]",[],"[18, 42, 43, 72]","[0, 2, 20, 27, 33, 41, 42, 43, 72]","[42, 43]","[0, 20, 41, 42, 43, 72]",complete,
cm2,continuous,500,50,10.0,42,2285562797,k_low,k,20,0.95,2.0,1.0,0.2727272727272727,0.5,0.3529411764705882,1.0,11.0,0.0,0.0,0.0,1.0,0.0,0.5,0.3333333333333333,0.4,1.0,4.0,0.7142857142857143,0.8333333333333334,0.7692307692307692,1.0,7.0,1.0,0.3333333333333333,0.5,1.0,2.0,0.8,0.6666666666666666,0.7272727272727272,1.0,5.0,"[0, 20, 40, 41, 42, 43]","[31, 36, 41, 42, 43, 47, 55, 56, 65, 66, 72]",[],"[41, 42, 65, 72]","[0, 20, 41, 42, 43, 65, 72]","[42, 43]","[0, 20, 42, 43, 65]",complete,
cm2,continuous,500,50,10.0,42,2285562797,k_high,k,20,0.95,2.0,3.0,0.25,0.5,0.3333333333333333,1.0,12.0,0.0,0.0,0.0,1.0,0.0,0.6666666666666666,0.3333333333333333,0.4444444444444444,1.0,3.0,0.7142857142857143,0.8333333333333334,0.7692307692307692,1.0,7.0,1.0,0.16666666666666666,0.2857142857142857,1.0,1.0,1.0,0.5,0.6666666666666666,1.0,3.0,"[0, 20, 40, 41, 42, 43]","[1, 16, 28, 32, 35, 41, 42, 43, 45, 65, 69, 72]",[],"[41, 42, 69]","[0, 20, 33, 41, 42, 43, 72]",[42],"[0, 41, 42]",complete,
cm2,continuous,500,50,10.0,43,4048637654,reference,reference,20,0.95,2.0,2.0,0.14285714285714285,0.3333333333333333,0.2,1.0,14.0,0.0,0.0,0.0,1.0,0.0,0.6666666666666666,0.3333333333333333,0.4444444444444444,1.0,3.0,0.4444444444444444,0.6666666666666666,0.5333333333333333,1.0,9.0,1.0,0.3333333333333333,0.5,1.0,2.0,0.6,0.5,0.5454545454545454,1.0,5.0,"[0, 20, 40, 41, 42, 43]","[4, 6, 15, 18, 23, 38, 42, 43, 46, 50, 54, 60, 74, 76]",[],"[15, 42, 43]","[0, 16, 18, 20, 32, 42, 43, 46, 54]","[42, 43]","[0, 18, 42, 43, 46]",complete,
cm2,continuous,500,50,10.0,43,4048637654,m_low,m,10,0.95,2.0,2.0,0.2857142857142857,0.3333333333333333,0.30769230769230765,1.0,7.0,0.0,0.0,0.0,1.0,0.0,0.6666666666666666,0.3333333333333333,0.4444444444444444,1.0,3.0,0.3,0.5,0.37499999999999994,1.0,10.0,1.0,0.3333333333333333,0.5,1.0,2.0,0.6,0.5,0.5454545454545454,1.0,5.0,"[0, 20, 40, 41, 42, 43]","[37, 42, 43, 46, 48, 68, 71]",[],"[42, 43, 71]","[20, 29, 32, 42, 43, 46, 54, 71, 76, 79]","[42, 43]","[20, 42, 43, 46, 71]",complete,
cm2,continuous,500,50,10.0,43,4048637654,m_high,m,50,0.95,2.0,2.0,0.25,0.3333333333333333,0.28571428571428575,1.0,8.0,1.0,0.16666666666666666,0.2857142857142857,1.0,1.0,0.5,0.3333333333333333,0.4,1.0,4.0,0.5714285714285714,0.6666666666666666,0.6153846153846153,1.0,7.0,1.0,0.3333333333333333,0.5,1.0,2.0,0.6666666666666666,0.3333333333333333,0.4444444444444444,1.0,3.0,"[0, 20, 40, 41, 42, 43]","[5, 18, 22, 42, 43, 46, 54, 69]",[42],"[42, 43, 46, 69]","[0, 2, 18, 20, 42, 43, 46]","[42, 43]","[42, 43, 46]",complete,
cm2,continuous,500,50,10.0,43,4048637654,beta_low,beta,20,0.95,1.0,2.0,0.3,0.5,0.37499999999999994,1.0,10.0,0.5,0.3333333333333333,0.4,1.0,4.0,0.4,0.3333333333333333,0.3636363636363636,1.0,5.0,0.5,0.5,0.5,1.0,6.0,1.0,0.16666666666666666,0.2857142857142857,1.0,1.0,0.5,0.3333333333333333,0.4,1.0,4.0,"[0, 20, 40, 41, 42, 43]","[6, 12, 30, 35, 40, 42, 43, 46, 69, 72]","[6, 30, 42, 43]","[6, 30, 42, 43, 46]","[20, 30, 42, 43, 46, 69]",[42],"[30, 42, 43, 46]",complete,
cm2,continuous,500,50,10.0,43,4048637654,beta_high,beta,20,0.95,3.0,2.0,0.2857142857142857,0.3333333333333333,0.30769230769230765,1.0,7.0,0.0,0.0,0.0,1.0,0.0,0.5,0.3333333333333333,0.4,1.0,4.0,0.375,0.5,0.42857142857142855,1.0,8.0,1.0,0.3333333333333333,0.5,1.0,2.0,0.5,0.5,0.5,1.0,6.0,"[0, 20, 40, 41, 42, 43]","[16, 31, 42, 43, 46, 69, 83]",[],"[42, 43, 46, 83]","[18, 20, 29, 32, 42, 43, 46, 74]","[42, 43]","[20, 29, 32, 42, 43, 46]",complete,
cm2,continuous,500,50,10.0,43,4048637654,k_low,k,20,0.95,2.0,1.0,0.18181818181818182,0.3333333333333333,0.23529411764705885,1.0,11.0,0.0,0.0,0.0,1.0,1.0,0.5,0.3333333333333333,0.4,1.0,4.0,0.42857142857142855,0.5,0.4615384615384615,1.0,7.0,1.0,0.3333333333333333,0.5,1.0,2.0,0.6,0.5,0.5454545454545454,1.0,5.0,"[0, 20, 40, 41, 42, 43]","[1, 9, 11, 13, 35, 37, 42, 43, 46, 50, 79]",[9],"[9, 37, 42, 43]","[1, 19, 20, 29, 42, 43, 46]","[42, 43]","[1, 20, 42, 43, 46]",complete,
cm2,continuous,500,50,10.0,43,4048637654,k_high,k,20,0.95,2.0,3.0,0.3,0.5,0.37499999999999994,1.0,10.0,0.0,0.0,0.0,1.0,0.0,0.5,0.5,0.5,1.0,6.0,0.5714285714285714,0.6666666666666666,0.6153846153846153,1.0,7.0,1.0,0.3333333333333333,0.5,1.0,2.0,0.5,0.3333333333333333,0.4,1.0,4.0,"[0, 20, 40, 41, 42, 43]","[2, 25, 29, 40, 42, 43, 46, 50, 67, 74]",[],"[2, 40, 42, 43, 46, 50]","[0, 29, 32, 40, 42, 43, 46]","[42, 43]","[29, 42, 43, 46]",complete,
cm2,continuous,500,50,10.0,44,3421322914,reference,reference,20,0.95,2.0,2.0,0.2727272727272727,0.5,0.3529411764705882,1.0,11.0,0.0,0.0,0.0,1.0,0.0,0.5,0.16666666666666666,0.25,1.0,2.0,0.5,0.8333333333333334,0.625,1.0,10.0,1.0,0.16666666666666666,0.2857142857142857,1.0,1.0,0.5555555555555556,0.8333333333333334,0.6666666666666667,1.0,9.0,"[0, 20, 40, 41, 42, 43]","[6, 8, 22, 40, 42, 43, 45, 50, 71, 81, 83]",[],"[42, 45]","[0, 3, 8, 18, 20, 40, 42, 43, 45, 50]",[42],"[0, 3, 18, 20, 40, 42, 43, 45, 50]",complete,
cm2,continuous,500,50,10.0,44,3421322914,m_low,m,10,0.95,2.0,2.0,0.25,0.3333333333333333,0.28571428571428575,1.0,8.0,0.0,0.0,0.0,1.0,1.0,0.4,0.3333333333333333,0.3636363636363636,1.0,5.0,0.4166666666666667,0.8333333333333334,0.5555555555555556,1.0,12.0,1.0,0.16666666666666666,0.2857142857142857,1.0,1.0,0.5714285714285714,0.6666666666666666,0.6153846153846153,1.0,7.0,"[0, 20, 40, 41, 42, 43]","[5, 16, 42, 43, 50, 66, 73, 83]",[5],"[5, 42, 43, 66, 83]","[0, 18, 20, 40, 42, 43, 45, 50, 65, 66, 80, 81]",[42],"[20, 40, 42, 43, 45, 50, 66]",complete,
cm2,continuous,500,50,10.0,44,3421322914,m_high,m,50,0.95,2.0,2.0,0.23076923076923078,0.5,0.3157894736842105,1.0,13.0,1.0,0.16666666666666666,0.2857142857142857,1.0,1.0,0.5,0.16666666666666666,0.25,1.0,2.0,0.5714285714285714,0.6666666666666666,0.6153846153846153,1.0,7.0,1.0,0.16666666666666666,0.2857142857142857,1.0,1.0,0.75,0.5,0.6,1.0,4.0,"[0, 20, 40, 41, 42, 43]","[3, 12, 15, 19, 30, 31, 32, 40, 42, 43, 45, 50, 81]",[42],"[19, 42]","[0, 18, 40, 42, 43, 45, 50]",[42],"[0, 40, 42, 50]",complete,
cm2,continuous,500,50,10.0,44,3421322914,beta_low,beta,20,0.95,1.0,2.0,0.2727272727272727,0.5,0.3529411764705882,1.0,11.0,0.0,0.0,0.0,1.0,0.0,0.4,0.3333333333333333,0.3636363636363636,1.0,5.0,0.38461538461538464,0.8333333333333334,0.5263157894736842,1.0,13.0,1.0,0.3333333333333333,0.5,1.0,2.0,0.5,0.6666666666666666,0.5714285714285715,1.0,8.0,"[0, 20, 40, 41, 42, 43]","[21, 25, 30, 40, 42, 43, 45, 50, 53, 74, 83]",[],"[42, 43, 45, 50, 83]","[0, 19, 20, 21, 30, 40, 42, 43, 45, 50, 66, 71, 81]","[40, 42]","[0, 21, 30, 40, 42, 43, 45, 81]",complete,
cm2,continuous,500,50,10.0,44,3421322914,beta_high,beta,20,0.95,3.0,2.0,0.3,0.5,0.37499999999999994,1.0,10.0,0.0,0.0,0.0,1.0,0.0,0.75,0.5,0.6,1.0,4.0,0.7142857142857143,0.8333333333333334,0.7692307692307692,1.0,7.0,1.0,0.16666666666666666,0.2857142857142857,1.0,1.0,0.8333333333333334,0.8333333333333334,0.8333333333333334,1.0,6.0,"[0, 20, 40, 41, 42, 43]","[9, 10, 11, 36, 40, 42, 43, 50, 71, 83]",[],"[9, 40, 42, 43]","[0, 18, 20, 40, 42, 43, 50]",[42],"[0, 20, 40, 42, 43, 50]",complete,
cm2,continuous,500,50,10.0,44,3421322914,k_low,k,20,0.95,2.0,1.0,0.2857142857142857,0.3333333333333333,0.30769230769230765,1.0,7.0,0.0,0.0,0.0,1.0,0.0,1.0,0.16666666666666666,0.2857142857142857,1.0,1.0,0.5555555555555556,0.8333333333333334,0.6666666666666667,1.0,9.0,1.0,0.16666666666666666,0.2857142857142857,1.0,1.0,0.5714285714285714,0.6666666666666666,0.6153846153846153,1.0,7.0,"[0, 20, 40, 41, 42, 43]","[22, 30, 42, 43, 50, 64, 67]",[],[42],"[0, 18, 20, 29, 40, 42, 43, 45, 50]",[42],"[0, 18, 20, 29, 40, 42, 45]",complete,
cm2,continuous,500,50,10.0,44,3421322914,k_high,k,20,0.95,2.0,3.0,0.3,0.5,0.37499999999999994,1.0,10.0,0.0,0.0,0.0,1.0,0.0,0.5,0.3333333333333333,0.4,1.0,4.0,0.5,0.8333333333333334,0.625,1.0,10.0,1.0,0.16666666666666666,0.2857142857142857,1.0,1.0,0.5555555555555556,0.8333333333333334,0.6666666666666667,1.0,9.0,"[0, 20, 40, 41, 42, 43]","[7, 20, 33, 34, 42, 43, 45, 50, 61, 71]",[],"[42, 43, 50, 61]","[0, 18, 20, 34, 40, 42, 43, 45, 50, 71]",[42],"[0, 18, 20, 40, 42, 43, 45, 50, 71]",complete,
cm2,continuous,500,50,10.0,45,1416591708,reference,reference,20,0.95,2.0,2.0,0.2,0.3333333333333333,0.25,1.0,10.0,0.0,0.0,0.0,1.0,0.0,0.3333333333333333,0.16666666666666666,0.2222222222222222,1.0,3.0,0.5555555555555556,0.8333333333333334,0.6666666666666667,1.0,9.0,1.0,0.16666666666666666,0.2857142857142857,1.0,1.0,0.8,0.6666666666666666,0.7272727272727272,1.0,5.0,"[0, 20, 40, 41, 42, 43]","[8, 14, 16, 21, 30, 34, 38, 42, 43, 68]",[],"[30, 34, 42]","[0, 20, 21, 34, 41, 42, 43, 67, 68]",[42],"[0, 20, 21, 42, 43]",complete,
cm2,continuous,500,50,10.0,45,1416591708,m_low,m,10,0.95,2.0,2.0,0.3,0.5,0.37499999999999994,1.0,10.0,0.0,0.0,0.0,1.0,0.0,0.5,0.3333333333333333,0.4,1.0,4.0,0.5,0.8333333333333334,0.625,1.0,10.0,1.0,0.16666666666666666,0.2857142857142857,1.0,1.0,1.0,0.8333333333333334,0.9090909090909091,1.0,5.0,"[0, 20, 40, 41, 42, 43]","[1, 2, 8, 10, 33, 41, 42, 43, 58, 73]",[],"[8, 10, 41, 43]","[0, 10, 20, 41, 42, 43, 58, 68, 73, 78]",[43],"[0, 20, 41, 42, 43]",complete,
cm2,continuous,500,50,10.0,45,1416591708,m_high,m,50,0.95,2.0,2.0,0.2857142857142857,0.3333333333333333,0.30769230769230765,1.0,7.0,0.5,0.16666666666666666,0.25,1.0,2.0,0.4,0.3333333333333333,0.3636363636363636,1.0,5.0,0.6666666666666666,0.6666666666666666,0.6666666666666666,1.0,6.0,1.0,0.3333333333333333,0.5,1.0,2.0,1.0,0.6666666666666666,0.8,1.0,4.0,"[0, 20, 40, 41, 42, 43]","[5, 12, 17, 22, 38, 42, 43]","[5, 42]","[5, 17, 22, 42, 43]","[0, 20, 35, 42, 43, 68]","[42, 43]","[0, 20, 42, 43]",complete,
cm2,continuous,500,50,10.0,45,1416591708,beta_low,beta,20,0.95,1.0,2.0,0.25,0.5,0.3333333333333333,1.0,12.0,1.0,0.16666666666666666,0.2857142857142857,1.0,1.0,0.5,0.3333333333333333,0.4,1.0,4.0,0.5555555555555556,0.8333333333333334,0.6666666666666667,1.0,9.0,1.0,0.3333333333333333,0.5,1.0,2.0,0.8,0.6666666666666666,0.7272727272727272,1.0,5.0,"[0, 20, 40, 41, 42, 43]","[0, 1, 7, 10, 17, 26, 28, 39, 42, 43, 60, 76]",[42],"[1, 42, 43, 76]","[0, 1, 20, 41, 42, 43, 58, 60, 68]","[42, 43]","[0, 1, 20, 42, 43]",complete,
cm2,continuous,500,50,10.0,45,1416591708,beta_high,beta,20,0.95,3.0,2.0,0.25,0.5,0.3333333333333333,1.0,12.0,0.0,0.0,0.0,1.0,0.0,0.6,0.5,0.5454545454545454,1.0,5.0,0.7142857142857143,0.8333333333333334,0.7692307692307692,1.0,7.0,1.0,0.3333333333333333,0.5,1.0,2.0,0.8333333333333334,0.8333333333333334,0.8333333333333334,1.0,6.0,"[0, 20, 40, 41, 42, 43]","[4, 12, 17, 19, 25, 41, 42, 43, 58, 67, 68, 83]",[],"[12, 41, 42, 43, 68]","[0, 20, 38, 41, 42, 43, 68]","[42, 43]","[0, 20, 41, 42, 43, 68]",complete,
cm2,continuous,500,50,10.0,45,1416591708,k_low,k,20,0.95,2.0,1.0,0.15384615384615385,0.3333333333333333,0.21052631578947367,1.0,13.0,0.0,0.0,0.0,1.0,0.0,0.5,0.3333333333333333,0.4,1.0,4.0,0.625,0.8333333333333334,0.7142857142857143,1.0,8.0,1.0,0.3333333333333333,0.5,1.0,2.0,1.0,0.6666666666666666,0.8,1.0,4.0,"[0, 20, 40, 41, 42, 43]","[13, 19, 22, 35, 42, 43, 48, 56, 58, 60, 65, 68, 73]",[],"[22, 35, 42, 43]","[0, 20, 41, 42, 43, 60, 68, 73]","[42, 43]","[0, 20, 42, 43]",complete,
cm2,continuous,500,50,10.0,45,1416591708,k_high,k,20,0.95,2.0,3.0,0.2857142857142857,0.3333333333333333,0.30769230769230765,1.0,7.0,0.0,0.0,0.0,1.0,0.0,0.6666666666666666,0.3333333333333333,0.4444444444444444,1.0,3.0,0.5555555555555556,0.8333333333333334,0.6666666666666667,1.0,9.0,1.0,0.3333333333333333,0.5,1.0,2.0,0.8333333333333334,0.8333333333333334,0.8333333333333334,1.0,6.0,"[0, 20, 40, 41, 42, 43]","[41, 42, 49, 59, 60, 67, 68]",[],"[41, 42, 59]","[0, 20, 41, 42, 43, 59, 60, 67, 68]","[42, 43]","[0, 20, 41, 42, 43, 59]",complete,
cm2,continuous,500,50,10.0,46,2637306957,reference,reference,20,0.95,2.0,2.0,0.1111111111111111,0.16666666666666666,0.13333333333333333,1.0,9.0,0.0,0.0,0.0,1.0,0.0,0.25,0.16666666666666666,0.2,1.0,4.0,0.375,0.5,0.42857142857142855,1.0,8.0,1.0,0.16666666666666666,0.2857142857142857,1.0,1.0,0.75,0.5,0.6,1.0,4.0,"[0, 20, 40, 41, 42, 43]","[5, 13, 16, 24, 26, 42, 58, 70, 79]",[],"[5, 24, 26, 42]","[0, 14, 20, 24, 34, 42, 49, 55]",[42],"[0, 20, 42, 55]",complete,
cm2,continuous,500,50,10.0,46,2637306957,m_low,m,10,0.95,2.0,2.0,0.16666666666666666,0.3333333333333333,0.2222222222222222,1.0,12.0,0.0,0.0,0.0,1.0,0.0,0.3333333333333333,0.16666666666666666,0.2222222222222222,1.0,3.0,0.3333333333333333,0.5,0.4,1.0,9.0,1.0,0.16666666666666666,0.2857142857142857,1.0,1.0,0.5,0.5,0.5,1.0,6.0,"[0, 20, 40, 41, 42, 43]","[10, 20, 24, 42, 47, 49, 55, 57, 58, 70, 72, 77]",[],"[42, 49, 77]","[0, 14, 20, 21, 42, 49, 55, 57, 65]",[42],"[0, 20, 21, 42, 49, 57]",complete,
cm2,continuous,500,50,10.0,46,2637306957,m_high,m,50,0.95,2.0,2.0,0.18181818181818182,0.3333333333333333,0.23529411764705885,1.0,11.0,1.0,0.16666666666666666,0.2857142857142857,1.0,1.0,0.25,0.16666666666666666,0.2,1.0,4.0,0.42857142857142855,0.5,0.4615384615384615,1.0,7.0,1.0,0.16666666666666666,0.2857142857142857,1.0,1.0,0.5,0.3333333333333333,0.4,1.0,4.0,"[0, 20, 40, 41, 42, 43]","[12, 19, 25, 35, 38, 42, 43, 67, 70, 74, 77]",[42],"[42, 67, 70, 77]","[0, 14, 20, 29, 42, 49, 77]",[42],"[0, 42, 49, 77]",complete,
cm2,continuous,500,50,10.0,46,2637306957,beta_low,beta,20,0.95,1.0,2.0,0.16666666666666666,0.3333333333333333,0.2222222222222222,1.0,12.0,0.0,0.0,0.0,1.0,1.0,0.25,0.16666666666666666,0.2,1.0,4.0,0.2,0.3333333333333333,0.25,1.0,10.0,1.0,0.16666666666666666,0.2857142857142857,1.0,1.0,0.2857142857142857,0.3333333333333333,0.30769230769230765,1.0,7.0,"[0, 20, 40, 41, 42, 43]","[5, 12, 20, 31, 42, 49, 55, 58, 59, 70, 72, 77]",[5],"[5, 42, 55, 77]","[20, 21, 29, 42, 49, 55, 58, 70, 77, 79]",[42],"[20, 29, 42, 49, 55, 58, 77]",complete,
cm2,continuous,500,50,10.0,46,2637306957,beta_high,beta,20,0.95,3.0,2.0,0.07692307692307693,0.16666666666666666,0.10526315789473684,1.0,13.0,0.0,0.0,0.0,1.0,0.0,0.16666666666666666,0.16666666666666666,0.16666666666666666,1.0,6.0,0.2727272727272727,0.5,0.3529411764705882,1.0,11.0,1.0,0.16666666666666666,0.2857142857142857,1.0,1.0,0.3333333333333333,0.5,0.4,1.0,9.0,"[0, 20, 40, 41, 42, 43]","[5, 8, 26, 27, 28, 30, 42, 46, 49, 55, 58, 70, 77]",[],"[5, 42, 49, 55, 70, 77]","[0, 14, 20, 21, 23, 33, 42, 49, 55, 58, 77]",[42],"[0, 20, 21, 23, 42, 49, 55, 58, 77]",complete,
cm2,continuous,500,50,10.0,46,2637306957,k_low,k,20,0.95,2.0,1.0,0.09090909090909091,0.16666666666666666,0.11764705882352942,1.0,11.0,0.0,0.0,0.0,1.0,0.0,0.25,0.16666666666666666,0.2,1.0,4.0,0.25,0.5,0.3333333333333333,1.0,12.0,1.0,0.16666666666666666,0.2857142857142857,1.0,1.0,0.42857142857142855,0.5,0.4615384615384615,1.0,7.0,"[0, 20, 40, 41, 42, 43]","[3, 11, 15, 25, 32, 42, 49, 55, 58, 70, 77]",[],"[42, 55, 58, 77]","[0, 20, 21, 23, 31, 42, 48, 49, 55, 58, 70, 77]",[42],"[0, 20, 21, 42, 49, 58, 77]",complete,
cm2,continuous,500,50,10.0,46,2637306957,k_high,k,20,0.95,2.0,3.0,0.07142857142857142,0.16666666666666666,0.1,1.0,14.0,0.0,0.0,0.0,1.0,0.0,0.16666666666666666,0.16666666666666666,0.16666666666666666,1.0,6.0,0.375,0.5,0.42857142857142855,1.0,8.0,1.0,0.16666666666666666,0.2857142857142857,1.0,1.0,0.3333333333333333,0.16666666666666666,0.2222222222222222,1.0,3.0,"[0, 20, 40, 41, 42, 43]","[12, 21, 32, 33, 42, 48, 49, 55, 58, 59, 65, 67, 70, 74]",[],"[32, 42, 48, 58, 67, 70]","[0, 10, 20, 21, 42, 49, 55, 70]",[42],"[21, 42, 70]",complete,
cm2,continuous,500,50,10.0,47,3918431511,reference,reference,20,0.95,2.0,2.0,0.2727272727272727,0.5,0.3529411764705882,1.0,11.0,0.0,0.0,0.0,1.0,0.0,1.0,0.3333333333333333,0.5,1.0,2.0,0.7142857142857143,0.8333333333333334,0.7692307692307692,1.0,7.0,1.0,0.16666666666666666,0.2857142857142857,1.0,1.0,0.8,0.6666666666666666,0.7272727272727272,1.0,5.0,"[0, 20, 40, 41, 42, 43]","[4, 12, 18, 28, 37, 38, 41, 42, 43, 68, 71]",[],"[42, 43]","[0, 20, 33, 41, 42, 43, 54]",[42],"[0, 20, 33, 41, 42]",complete,
cm2,continuous,500,50,10.0,47,3918431511,m_low,m,10,0.95,2.0,2.0,0.3,0.5,0.37499999999999994,1.0,10.0,0.0,0.0,0.0,1.0,0.0,0.6666666666666666,0.3333333333333333,0.4444444444444444,1.0,3.0,0.5,0.5,0.5,1.0,6.0,1.0,0.3333333333333333,0.5,1.0,2.0,0.75,0.5,0.6,1.0,4.0,"[0, 20, 40, 41, 42, 43]","[12, 21, 29, 40, 41, 42, 53, 54, 58, 78]",[],"[12, 41, 42]","[9, 20, 33, 41, 42, 54]","[20, 42]","[20, 33, 41, 42]",complete,
cm2,continuous,500,50,10.0,47,3918431511,m_high,m,50,0.95,2.0,2.0,0.2727272727272727,0.5,0.3529411764705882,1.0,11.0,1.0,0.16666666666666666,0.2857142857142857,1.0,1.0,0.6,0.5,0.5454545454545454,1.0,5.0,0.625,0.8333333333333334,0.7142857142857143,1.0,8.0,1.0,0.3333333333333333,0.5,1.0,2.0,1.0,0.3333333333333333,0.5,1.0,2.0,"[0, 20, 40, 41, 42, 43]","[6, 17, 18, 21, 25, 41, 42, 43, 54, 78, 79]",[42],"[41, 42, 43, 78, 79]","[0, 15, 20, 33, 41, 42, 43, 54]","[20, 42]","[20, 42]",complete,
cm2,continuous,500,50,10.0,47,3918431511,beta_low,beta,20,0.95,1.0,2.0,0.375,0.5,0.42857142857142855,1.0,8.0,1.0,0.16666666666666666,0.2857142857142857,1.0,1.0,0.25,0.16666666666666666,0.2,1.0,4.0,0.5,0.8333333333333334,0.625,1.0,10.0,1.0,0.16666666666666666,0.2857142857142857,1.0,1.0,0.4,0.3333333333333333,0.3636363636363636,1.0,5.0,"[0, 20, 40, 41, 42, 43]","[8, 14, 21, 23, 41, 42, 43, 63]",[42],"[8, 14, 42, 63]","[0, 9, 20, 23, 32, 33, 41, 42, 43, 63]",[42],"[20, 32, 33, 42, 63]",complete,
cm2,continuous,500,50,10.0,47,3918431511,beta_high,beta,20,0.95,3.0,2.0,0.2,0.3333333333333333,0.25,1.0,10.0,0.0,0.0,0.0,1.0,0.0,1.0,0.3333333333333333,0.5,1.0,2.0,0.5714285714285714,0.6666666666666666,0.6153846153846153,1.0,7.0,1.0,0.16666666666666666,0.2857142857142857,1.0,1.0,0.8,0.6666666666666666,0.7272727272727272,1.0,5.0,"[0, 20, 40, 41, 42, 43]","[16, 34, 36, 39, 41, 42, 55, 71, 78, 82]",[],"[41, 42]","[9, 20, 33, 35, 41, 42, 43]",[42],"[20, 33, 41, 42, 43]",complete,
cm2,continuous,500,50,10.0,47,3918431511,k_low,k,20,0.95,2.0,1.0,0.25,0.5,0.3333333333333333,1.0,12.0,0.0,0.0,0.0,1.0,0.0,0.6666666666666666,0.3333333333333333,0.4444444444444444,1.0,3.0,0.6666666666666666,0.6666666666666666,0.6666666666666666,1.0,6.0,1.0,0.16666666666666666,0.2857142857142857,1.0,1.0,0.75,0.5,0.6,1.0,4.0,"[0, 20, 40, 41, 42, 43]","[4, 10, 19, 32, 35, 41, 42, 43, 54, 71, 78, 82]",[],"[4, 42, 43]","[20, 33, 41, 42, 43, 54]",[42],"[20, 42, 43, 54]",complete,
cm2,continuous,500,50,10.0,47,3918431511,k_high,k,20,0.95,2.0,3.0,0.2222222222222222,0.3333333333333333,0.26666666666666666,1.0,9.0,0.0,0.0,0.0,1.0,0.0,0.5,0.3333333333333333,0.4,1.0,4.0,0.5,0.6666666666666666,0.5714285714285715,1.0,8.0,1.0,0.16666666666666666,0.2857142857142857,1.0,1.0,0.6,0.5,0.5454545454545454,1.0,5.0,"[0, 20, 40, 41, 42, 43]","[5, 11, 14, 24, 31, 41, 42, 54, 82]",[],"[24, 31, 41, 42]","[9, 20, 33, 41, 42, 43, 54, 82]",[42],"[9, 20, 33, 41, 42]",complete,
cm2,continuous,500,50,10.0,48,1873676325,reference,reference,20,0.95,2.0,2.0,0.4444444444444444,0.6666666666666666,0.5333333333333333,1.0,9.0,1.0,0.16666666666666666,0.2857142857142857,1.0,1.0,0.5,0.3333333333333333,0.4,1.0,4.0,0.5,0.6666666666666666,0.5714285714285715,1.0,8.0,1.0,0.3333333333333333,0.5,1.0,2.0,0.5,0.3333333333333333,0.4,1.0,4.0,"[0, 20, 40, 41, 42, 43]","[4, 6, 10, 40, 41, 42, 43, 65, 67]",[42],"[6, 42, 43, 67]","[0, 10, 28, 40, 42, 43, 65, 67]","[42, 43]","[28, 42, 43, 67]",complete,
cm2,continuous,500,50,10.0,48,1873676325,m_low,m,10,0.95,2.0,2.0,0.21428571428571427,0.5,0.3,1.0,14.0,0.0,0.0,0.0,1.0,0.0,0.5,0.5,0.5,1.0,6.0,0.36363636363636365,0.6666666666666666,0.4705882352941177,1.0,11.0,1.0,0.3333333333333333,0.5,1.0,2.0,0.5714285714285714,0.6666666666666666,0.6153846153846153,1.0,7.0,"[0, 20, 40, 41, 42, 43]","[4, 26, 27, 30, 41, 42, 43, 53, 55, 60, 62, 65, 67, 72]",[],"[27, 41, 42, 43, 60, 65]","[0, 8, 10, 26, 28, 41, 42, 43, 62, 65, 67]","[42, 43]","[0, 28, 41, 42, 43, 65, 67]",complete,
cm2,continuous,500,50,10.0,48,1873676325,m_high,m,50,0.95,2.0,2.0,0.4,0.6666666666666666,0.5,1.0,10.0,1.0,0.16666666666666666,0.2857142857142857,1.0,1.0,1.0,0.16666666666666666,0.2857142857142857,1.0,1.0,0.6,0.5,0.5454545454545454,1.0,5.0,1.0,0.16666666666666666,0.2857142857142857,1.0,1.0,0.6,0.5,0.5454545454545454,1.0,5.0,"[0, 20, 40, 41, 42, 43]","[6, 19, 25, 32, 37, 40, 41, 42, 43, 48]",[42],[42],"[8, 28, 40, 42, 43]",[42],"[8, 28, 40, 42, 43]",complete,
cm2,continuous,500,50,10.0,48,1873676325,beta_low,beta,20,0.95,1.0,2.0,0.2,0.3333333333333333,0.25,1.0,10.0,1.0,0.16666666666666666,0.2857142857142857,1.0,1.0,0.5,0.16666666666666666,0.25,1.0,2.0,0.5,0.5,0.5,1.0,6.0,1.0,0.16666666666666666,0.2857142857142857,1.0,1.0,0.3333333333333333,0.16666666666666666,0.2222222222222222,1.0,3.0,"[0, 20, 40, 41, 42, 43]","[4, 15, 16, 20, 30, 32, 33, 34, 42, 67]",[42],"[32, 42]","[20, 28, 33, 36, 42, 43]",[42],"[28, 33, 42]",complete,
cm2,continuous,500,50,10.0,48,1873676325,beta_high,beta,20,0.95,3.0,2.0,0.2727272727272727,0.5,0.3529411764705882,1.0,11.0,0.0,0.0,0.0,1.0,0.0,0.3333333333333333,0.3333333333333333,0.3333333333333333,1.0,6.0,0.42857142857142855,0.5,0.4615384615384615,1.0,7.0,1.0,0.16666666666666666,0.2857142857142857,1.0,1.0,0.6,0.5,0.5454545454545454,1.0,5.0,"[0, 20, 40, 41, 42, 43]","[2, 3, 16, 29, 38, 41, 42, 43, 54, 65, 67]",[],"[16, 38, 42, 43, 65, 67]","[0, 8, 28, 42, 43, 65, 67]",[42],"[0, 28, 42, 43, 67]",complete,
cm2,continuous,500,50,10.0,48,1873676325,k_low,k,20,0.95,2.0,1.0,0.3333333333333333,0.5,0.4,1.0,9.0,0.5,0.16666666666666666,0.25,1.0,2.0,0.4,0.3333333333333333,0.3636363636363636,1.0,5.0,0.42857142857142855,0.5,0.4615384615384615,1.0,7.0,1.0,0.16666666666666666,0.2857142857142857,1.0,1.0,0.6666666666666666,0.3333333333333333,0.4444444444444444,1.0,3.0,"[0, 20, 40, 41, 42, 43]","[1, 16, 19, 21, 41, 42, 43, 62, 67]","[1, 42]","[1, 19, 42, 43, 67]","[1, 28, 31, 41, 42, 43, 67]",[42],"[28, 42, 43]",complete,
cm2,continuous,500,50,10.0,48,1873676325,k_high,k,20,0.95,2.0,3.0,0.25,0.5,0.3333333333333333,1.0,12.0,0.0,0.0,0.0,1.0,0.0,0.75,0.5,0.6,1.0,4.0,0.4,0.3333333333333333,0.3636363636363636,1.0,5.0,1.0,0.3333333333333333,0.5,1.0,2.0,0.5,0.3333333333333333,0.4,1.0,4.0,"[0, 20, 40, 41, 42, 43]","[15, 17, 29, 41, 42, 43, 57, 65, 67, 76, 80, 82]",[],"[41, 42, 43, 67]","[28, 42, 43, 65, 67]","[42, 43]","[28, 42, 43, 67]",complete,
cm2,continuous,500,50,10.0,49,3040369419,reference,reference,20,0.95,2.0,2.0,0.13333333333333333,0.3333333333333333,0.19047619047619044,1.0,15.0,0.0,0.0,0.0,1.0,0.0,0.125,0.16666666666666666,0.14285714285714288,1.0,8.0,0.1,0.16666666666666666,0.125,1.0,10.0,1.0,0.16666666666666666,0.2857142857142857,1.0,1.0,0.25,0.16666666666666666,0.2,1.0,4.0,"[0, 20, 40, 41, 42, 43]","[22, 31, 40, 42, 44, 49, 50, 54, 55, 58, 63, 66, 68, 75, 79]",[],"[42, 49, 54, 55, 58, 63, 68, 75]","[11, 14, 27, 36, 42, 54, 58, 63, 68, 79]",[42],"[11, 27, 42, 68]",complete,
cm2,continuous,500,50,10.0,49,3040369419,m_low,m,10,0.95,2.0,2.0,0.2,0.3333333333333333,0.25,1.0,10.0,0.0,0.0,0.0,1.0,0.0,0.4,0.3333333333333333,0.3636363636363636,1.0,5.0,0.2857142857142857,0.3333333333333333,0.30769230769230765,1.0,7.0,1.0,0.16666666666666666,0.2857142857142857,1.0,1.0,0.5,0.16666666666666666,0.25,1.0,2.0,"[0, 20, 40, 41, 42, 43]","[5, 12, 21, 30, 37, 38, 40, 42, 51, 56]",[],"[12, 40, 42, 51, 56]","[11, 20, 42, 45, 48, 51, 56]",[42],"[42, 56]",complete,
cm2,continuous,500,50,10.0,49,3040369419,m_high,m,50,0.95,2.0,2.0,0.18181818181818182,0.3333333333333333,0.23529411764705885,1.0,11.0,1.0,0.16666666666666666,0.2857142857142857,1.0,1.0,0.6666666666666666,0.3333333333333333,0.4444444444444444,1.0,3.0,0.2857142857142857,0.3333333333333333,0.30769230769230765,1.0,7.0,1.0,0.16666666666666666,0.2857142857142857,1.0,1.0,0.5,0.3333333333333333,0.4,1.0,4.0,"[0, 20, 40, 41, 42, 43]","[7, 9, 15, 37, 40, 42, 45, 56, 58, 71, 79]",[42],"[7, 40, 42]","[6, 7, 14, 20, 34, 42, 79]",[42],"[14, 20, 34, 42]",complete,
cm2,continuous,500,50,10.0,49,3040369419,beta_low,beta,20,0.95,1.0,2.0,0.16666666666666666,0.3333333333333333,0.2222222222222222,1.0,12.0,0.0,0.0,0.0,1.0,0.0,0.5,0.16666666666666666,0.25,1.0,2.0,0.42857142857142855,0.5,0.4615384615384615,1.0,7.0,1.0,0.16666666666666666,0.2857142857142857,1.0,1.0,0.6666666666666666,0.3333333333333333,0.4444444444444444,1.0,3.0,"[0, 20, 40, 41, 42, 43]","[11, 19, 21, 28, 29, 35, 41, 42, 50, 56, 63, 66]",[],"[42, 66]","[11, 20, 36, 40, 42, 56, 58]",[42],"[11, 20, 42]",complete,
cm2,continuous,500,50,10.0,49,3040369419,beta_high,beta,20,0.95,3.0,2.0,0.2222222222222222,0.3333333333333333,0.26666666666666666,1.0,9.0,0.0,0.0,0.0,1.0,0.0,0.0,0.0,0.0,1.0,1.0,0.25,0.3333333333333333,0.28571428571428575,1.0,8.0,1.0,0.16666666666666666,0.2857142857142857,1.0,1.0,0.4,0.3333333333333333,0.3636363636363636,1.0,5.0,"[0, 20, 40, 41, 42, 43]","[3, 5, 18, 23, 42, 43, 48, 56, 79]",[],[5],"[11, 20, 27, 36, 42, 56, 63, 68]",[42],"[11, 20, 36, 42, 68]",complete,
cm2,continuous,500,50,10.0,49,3040369419,k_low,k,20,0.95,2.0,1.0,0.18181818181818182,0.3333333333333333,0.23529411764705885,1.0,11.0,0.0,0.0,0.0,1.0,0.0,0.25,0.16666666666666666,0.2,1.0,4.0,0.3333333333333333,0.3333333333333333,0.3333333333333333,1.0,6.0,1.0,0.16666666666666666,0.2857142857142857,1.0,1.0,0.5,0.3333333333333333,0.4,1.0,4.0,"[0, 20, 40, 41, 42, 43]","[1, 2, 11, 19, 42, 43, 50, 58, 65, 66, 68]",[],"[1, 42, 58, 66]","[20, 36, 42, 65, 68, 79]",[42],"[20, 36, 42, 68]",complete,
cm2,continuous,500,50,10.0,49,3040369419,k_high,k,20,0.95,2.0,3.0,0.07692307692307693,0.16666666666666666,0.10526315789473684,1.0,13.0,1.0,0.16666666666666666,0.2857142857142857,1.0,1.0,0.3333333333333333,0.16666666666666666,0.2222222222222222,1.0,3.0,0.125,0.16666666666666666,0.14285714285714288,1.0,8.0,1.0,0.16666666666666666,0.2857142857142857,1.0,1.0,0.2,0.16666666666666666,0.1818181818181818,1.0,5.0,"[0, 20, 40, 41, 42, 43]","[5, 9, 26, 27, 30, 35, 42, 48, 49, 65, 68, 75, 77]",[42],"[27, 30, 42]","[19, 27, 30, 36, 42, 58, 68, 79]",[42],"[27, 30, 36, 42, 68]",complete,
