scenario,model_key,n,p,s2,repeat,seed,precision_raw_local,recall_raw_local,f1_raw_local,r_miss_raw_local,n_selected_raw_local,precision_raw_global_max,recall_raw_global_max,f1_raw_global_max,r_miss_raw_global_max,n_selected_raw_global_max,precision_raw_global_se,recall_raw_global_se,f1_raw_global_se,r_miss_raw_global_se,n_selected_raw_global_se,precision_logml_local,recall_logml_local,f1_logml_local,r_miss_logml_local,n_selected_logml_local,precision_logml_global_max,recall_logml_global_max,f1_logml_global_max,r_miss_logml_global_max,n_selected_logml_global_max,precision_logml_global_se,recall_logml_global_se,f1_logml_global_se,r_miss_logml_global_se,n_selected_logml_global_se,status,error
cm1,continuous,500,50,1.0,0,1206264967,0.6,0.6,0.6,1.0,5.0,1.0,0.6,0.7499999999999999,1.0,3.0,0.75,0.6,0.6666666666666665,1.0,4.0,1.0,0.8,0.888888888888889,1.0,4.0,1.0,0.6,0.7499999999999999,1.0,3.0,1.0,0.8,0.888888888888889,1.0,4.0,complete,
cm1,continuous,500,50,1.0,1,1404794343,0.6666666666666666,0.8,0.7272727272727272,1.0,6.0,1.0,0.6,0.7499999999999999,1.0,3.0,1.0,0.6,0.7499999999999999,1.0,3.0,1.0,1.0,1.0,0.0,5.0,1.0,0.4,0.5714285714285715,1.0,2.0,1.0,1.0,1.0,0.0,5.0,complete,
cm1,continuous,500,50,1.0,2,1606363110,1.0,0.6,0.7499999999999999,1.0,3.0,1.0,0.6,0.7499999999999999,1.0,3.0,1.0,0.6,0.7499999999999999,1.0,3.0,1.0,0.8,0.888888888888889,1.0,4.0,1.0,0.8,0.888888888888889,1.0,4.0,1.0,0.8,0.888888888888889,1.0,4.0,complete,
cm1,continuous,500,50,1.0,3,1330523063,0.75,0.6,0.6666666666666665,1.0,4.0,1.0,0.4,0.5714285714285715,1.0,2.0,0.75,0.6,0.6666666666666665,1.0,4.0,1.0,1.0,1.0,0.0,5.0,1.0,0.4,0.5714285714285715,1.0,2.0,1.0,1.0,1.0,0.0,5.0,complete,
cm1,continuous,500,50,1.0,4,1656820606,0.6,0.6,0.6,1.0,5.0,1.0,0.4,0.5714285714285715,1.0,2.0,1.0,0.6,0.7499999999999999,1.0,3.0,1.0,0.8,0.888888888888889,1.0,4.0,1.0,0.6,0.7499999999999999,1.0,3.0,1.0,0.8,0.888888888888889,1.0,4.0,complete,
cm1,continuous,500,50,1.0,5,2281221727,0.6,0.6,0.6,1.0,5.0,1.0,0.6,0.7499999999999999,1.0,3.0,0.75,0.6,0.6666666666666665,1.0,4.0,1.0,0.8,0.888888888888889,1.0,4.0,1.0,0.6,0.7499999999999999,1.0,3.0,1.0,0.8,0.888888888888889,1.0,4.0,complete,
cm1,continuous,500,50,1.0,6,2519164431,0.6,0.6,0.6,1.0,5.0,1.0,0.6,0.7499999999999999,1.0,3.0,0.75,0.6,0.6666666666666665,1.0,4.0,1.0,1.0,1.0,0.0,5.0,1.0,0.4,0.5714285714285715,1.0,2.0,1.0,0.8,0.888888888888889,1.0,4.0,complete,
cm1,continuous,500,50,1.0,7,3298617394,0.42857142857142855,0.6,0.5,1.0,7.0,1.0,0.4,0.5714285714285715,1.0,2.0,1.0,0.4,0.5714285714285715,1.0,2.0,1.0,0.8,0.888888888888889,1.0,4.0,1.0,0.4,0.5714285714285715,1.0,2.0,1.0,0.8,0.888888888888889,1.0,4.0,complete,
cm1,continuous,500,50,1.0,8,1115415367,0.8,0.8,0.8000000000000002,1.0,5.0,1.0,0.4,0.5714285714285715,1.0,2.0,1.0,0.6,0.7499999999999999,1.0,3.0,1.0,0.8,0.888888888888889,1.0,4.0,1.0,0.6,0.7499999999999999,1.0,3.0,1.0,0.8,0.888888888888889,1.0,4.0,complete,
cm1,continuous,500,50,1.0,9,3991976641,0.8,0.8,0.8000000000000002,1.0,5.0,1.0,0.6,0.7499999999999999,1.0,3.0,1.0,0.6,0.7499999999999999,1.0,3.0,1.0,0.8,0.888888888888889,1.0,4.0,1.0,0.4,0.5714285714285715,1.0,2.0,1.0,0.8,0.888888888888889,1.0,4.0,complete,
cm1,continuous,500,50,1.0,10,2452816229,0.6,0.6,0.6,1.0,5.0,1.0,0.4,0.5714285714285715,1.0,2.0,1.0,0.6,0.7499999999999999,1.0,3.0,1.0,0.8,0.888888888888889,1.0,4.0,1.0,0.8,0.888888888888889,1.0,4.0,1.0,0.8,0.888888888888889,1.0,4.0,complete,
cm1,continuous,500,50,1.0,11,4079507586,0.42857142857142855,0.6,0.5,1.0,7.0,1.0,0.4,0.5714285714285715,1.0,2.0,0.6,0.6,0.6,1.0,5.0,1.0,0.8,0.888888888888889,1.0,4.0,1.0,0.4,0.5714285714285715,1.0,2.0,1.0,0.8,0.888888888888889,1.0,4.0,complete,
cm1,continuous,500,50,1.0,12,3694849237,0.8,0.8,0.8000000000000002,1.0,5.0,1.0,0.4,0.5714285714285715,1.0,2.0,1.0,0.4,0.5714285714285715,1.0,2.0,1.0,0.8,0.888888888888889,1.0,4.0,1.0,0.8,0.888888888888889,1.0,4.0,1.0,0.8,0.888888888888889,1.0,4.0,complete,
cm1,continuous,500,50,1.0,13,1491064735,1.0,0.6,0.7499999999999999,1.0,3.0,1.0,0.6,0.7499999999999999,1.0,3.0,1.0,0.6,0.7499999999999999,1.0,3.0,1.0,0.8,0.888888888888889,1.0,4.0,1.0,0.8,0.888888888888889,1.0,4.0,1.0,0.8,0.888888888888889,1.0,4.0,complete,
cm1,continuous,500,50,1.0,14,3376566032,0.6666666666666666,0.8,0.7272727272727272,1.0,6.0,1.0,0.6,0.7499999999999999,1.0,3.0,1.0,0.6,0.7499999999999999,1.0,3.0,1.0,1.0,1.0,0.0,5.0,1.0,0.4,0.5714285714285715,1.0,2.0,1.0,1.0,1.0,0.0,5.0,complete,
cm1,continuous,500,50,1.0,15,2274728447,0.8,0.8,0.8000000000000002,1.0,5.0,1.0,0.6,0.7499999999999999,1.0,3.0,1.0,0.6,0.7499999999999999,1.0,3.0,1.0,0.8,0.888888888888889,1.0,4.0,1.0,0.4,0.5714285714285715,1.0,2.0,1.0,0.8,0.888888888888889,1.0,4.0,complete,
cm1,continuous,500,50,1.0,16,498029331,0.8,0.8,0.8000000000000002,1.0,5.0,1.0,0.4,0.5714285714285715,1.0,2.0,1.0,0.4,0.5714285714285715,1.0,2.0,1.0,0.8,0.888888888888889,1.0,4.0,1.0,0.8,0.888888888888889,1.0,4.0,1.0,0.8,0.888888888888889,1.0,4.0,complete,
cm1,continuous,500,50,1.0,17,3814580947,0.8,0.8,0.8000000000000002,1.0,5.0,1.0,0.4,0.5714285714285715,1.0,2.0,1.0,0.6,0.7499999999999999,1.0,3.0,1.0,0.8,0.888888888888889,1.0,4.0,1.0,0.2,0.33333333333333337,1.0,1.0,1.0,0.8,0.888888888888889,1.0,4.0,complete,
cm1,continuous,500,50,1.0,18,2015945290,0.75,0.6,0.6666666666666665,1.0,4.0,1.0,0.4,0.5714285714285715,1.0,2.0,0.75,0.6,0.6666666666666665,1.0,4.0,1.0,0.8,0.888888888888889,1.0,4.0,1.0,0.6,0.7499999999999999,1.0,3.0,1.0,0.8,0.888888888888889,1.0,4.0,complete,
cm1,continuous,500,50,1.0,19,964446658,0.8,0.8,0.8000000000000002,1.0,5.0,1.0,0.6,0.7499999999999999,1.0,3.0,1.0,0.6,0.7499999999999999,1.0,3.0,1.0,0.8,0.888888888888889,1.0,4.0,1.0,0.6,0.7499999999999999,1.0,3.0,1.0,0.8,0.888888888888889,1.0,4.0,complete,
cm1,continuous,500,50,1.0,20,3031760446,0.42857142857142855,0.6,0.5,1.0,7.0,1.0,0.4,0.5714285714285715,1.0,2.0,1.0,0.6,0.7499999999999999,1.0,3.0,1.0,0.8,0.888888888888889,1.0,4.0,1.0,0.4,0.5714285714285715,1.0,2.0,1.0,0.6,0.7499999999999999,1.0,3.0,complete,
cm1,continuous,500,50,1.0,21,2334671237,0.8,0.8,0.8000000000000002,1.0,5.0,1.0,0.6,0.7499999999999999,1.0,3.0,0.8,0.8,0.8000000000000002,1.0,5.0,1.0,0.8,0.888888888888889,1.0,4.0,1.0,0.4,0.5714285714285715,1.0,2.0,1.0,0.8,0.888888888888889,1.0,4.0,complete,
cm1,continuous,500,50,1.0,22,3304386181,0.6,0.6,0.6,1.0,5.0,1.0,0.4,0.5714285714285715,1.0,2.0,1.0,0.6,0.7499999999999999,1.0,3.0,1.0,0.8,0.888888888888889,1.0,4.0,1.0,0.6,0.7499999999999999,1.0,3.0,1.0,0.8,0.888888888888889,1.0,4.0,complete,
cm1,continuous,500,50,1.0,23,993366447,0.6666666666666666,0.8,0.7272727272727272,1.0,6.0,1.0,0.4,0.5714285714285715,1.0,2.0,1.0,0.6,0.7499999999999999,1.0,3.0,1.0,1.0,1.0,0.0,5.0,1.0,0.8,0.888888888888889,1.0,4.0,1.0,1.0,1.0,0.0,5.0,complete,
cm1,continuous,500,50,1.0,24,3734248884,0.8,0.8,0.8000000000000002,1.0,5.0,1.0,0.6,0.7499999999999999,1.0,3.0,1.0,0.6,0.7499999999999999,1.0,3.0,1.0,1.0,1.0,0.0,5.0,1.0,0.6,0.7499999999999999,1.0,3.0,1.0,0.8,0.888888888888889,1.0,4.0,complete,
cm1,continuous,500,50,1.0,25,836609829,0.8333333333333334,1.0,0.9090909090909091,0.0,6.0,1.0,0.6,0.7499999999999999,1.0,3.0,1.0,0.6,0.7499999999999999,1.0,3.0,1.0,1.0,1.0,0.0,5.0,1.0,0.4,0.5714285714285715,1.0,2.0,1.0,1.0,1.0,0.0,5.0,complete,
cm1,continuous,500,50,1.0,26,3970637237,0.75,0.6,0.6666666666666665,1.0,4.0,1.0,0.6,0.7499999999999999,1.0,3.0,1.0,0.6,0.7499999999999999,1.0,3.0,1.0,0.8,0.888888888888889,1.0,4.0,1.0,0.6,0.7499999999999999,1.0,3.0,1.0,0.8,0.888888888888889,1.0,4.0,complete,
cm1,continuous,500,50,1.0,27,2770861600,0.6,0.6,0.6,1.0,5.0,1.0,0.4,0.5714285714285715,1.0,2.0,0.75,0.6,0.6666666666666665,1.0,4.0,1.0,0.8,0.888888888888889,1.0,4.0,1.0,0.8,0.888888888888889,1.0,4.0,1.0,0.8,0.888888888888889,1.0,4.0,complete,
cm1,continuous,500,50,1.0,28,1958241689,0.8333333333333334,1.0,0.9090909090909091,0.0,6.0,1.0,0.6,0.7499999999999999,1.0,3.0,1.0,0.6,0.7499999999999999,1.0,3.0,1.0,1.0,1.0,0.0,5.0,1.0,0.8,0.888888888888889,1.0,4.0,1.0,0.8,0.888888888888889,1.0,4.0,complete,
cm1,continuous,500,50,1.0,29,2869636548,0.42857142857142855,0.6,0.5,1.0,7.0,1.0,0.4,0.5714285714285715,1.0,2.0,0.75,0.6,0.6666666666666665,1.0,4.0,1.0,0.8,0.888888888888889,1.0,4.0,1.0,0.6,0.7499999999999999,1.0,3.0,1.0,0.8,0.888888888888889,1.0,4.0,complete,
cm1,continuous,500,50,1.0,30,386148865,0.5714285714285714,0.8,0.6666666666666666,1.0,7.0,1.0,0.6,0.7499999999999999,1.0,3.0,1.0,0.6,0.7499999999999999,1.0,3.0,0.8,0.8,0.8000000000000002,1.0,5.0,1.0,0.4,0.5714285714285715,1.0,2.0,1.0,0.8,0.888888888888889,1.0,4.0,complete,
cm1,continuous,500,50,1.0,31,3600720894,0.6666666666666666,0.8,0.7272727272727272,1.0,6.0,1.0,0.6,0.7499999999999999,1.0,3.0,0.8,0.8,0.8000000000000002,1.0,5.0,1.0,0.8,0.888888888888889,1.0,4.0,1.0,0.2,0.33333333333333337,1.0,1.0,1.0,0.8,0.888888888888889,1.0,4.0,complete,
cm1,continuous,500,50,1.0,32,555831574,0.5,0.6,0.5454545454545454,1.0,6.0,1.0,0.6,0.7499999999999999,1.0,3.0,0.6,0.6,0.6,1.0,5.0,1.0,0.8,0.888888888888889,1.0,4.0,1.0,0.8,0.888888888888889,1.0,4.0,1.0,0.8,0.888888888888889,1.0,4.0,complete,
cm1,continuous,500,50,1.0,33,3733865339,0.8,0.8,0.8000000000000002,1.0,5.0,1.0,0.4,0.5714285714285715,1.0,2.0,1.0,0.6,0.7499999999999999,1.0,3.0,1.0,0.8,0.888888888888889,1.0,4.0,1.0,0.4,0.5714285714285715,1.0,2.0,1.0,0.8,0.888888888888889,1.0,4.0,complete,
cm1,continuous,500,50,1.0,34,2644775101,0.75,0.6,0.6666666666666665,1.0,4.0,1.0,0.6,0.7499999999999999,1.0,3.0,0.75,0.6,0.6666666666666665,1.0,4.0,1.0,0.8,0.888888888888889,1.0,4.0,1.0,0.8,0.888888888888889,1.0,4.0,1.0,0.8,0.888888888888889,1.0,4.0,complete,
cm1,continuous,500,50,1.0,35,1963283860,0.6,0.6,0.6,1.0,5.0,1.0,0.6,0.7499999999999999,1.0,3.0,1.0,0.6,0.7499999999999999,1.0,3.0,1.0,0.8,0.888888888888889,1.0,4.0,1.0,0.8,0.888888888888889,1.0,4.0,1.0,0.8,0.888888888888889,1.0,4.0,complete,
cm1,continuous,500,50,1.0,36,793903417,1.0,0.6,0.7499999999999999,1.0,3.0,1.0,0.6,0.7499999999999999,1.0,3.0,1.0,0.6,0.7499999999999999,1.0,3.0,1.0,0.8,0.888888888888889,1.0,4.0,1.0,0.4,0.5714285714285715,1.0,2.0,1.0,0.8,0.888888888888889,1.0,4.0,complete,
cm1,continuous,500,50,1.0,37,2039086743,0.4,0.4,0.4000000000000001,1.0,5.0,1.0,0.4,0.5714285714285715,1.0,2.0,0.6666666666666666,0.4,0.5,1.0,3.0,1.0,0.8,0.888888888888889,1.0,4.0,1.0,0.6,0.7499999999999999,1.0,3.0,1.0,0.8,0.888888888888889,1.0,4.0,complete,
cm1,continuous,500,50,1.0,38,1787490478,1.0,0.8,0.888888888888889,1.0,4.0,1.0,0.4,0.5714285714285715,1.0,2.0,1.0,0.6,0.7499999999999999,1.0,3.0,1.0,0.8,0.888888888888889,1.0,4.0,1.0,0.4,0.5714285714285715,1.0,2.0,1.0,0.8,0.888888888888889,1.0,4.0,complete,
cm1,continuous,500,50,1.0,39,2993486874,0.6666666666666666,0.8,0.7272727272727272,1.0,6.0,1.0,0.6,0.7499999999999999,1.0,3.0,1.0,0.6,0.7499999999999999,1.0,3.0,1.0,0.8,0.888888888888889,1.0,4.0,1.0,0.2,0.33333333333333337,1.0,1.0,1.0,0.6,0.7499999999999999,1.0,3.0,complete,
cm1,continuous,500,50,1.0,40,1937868104,0.6666666666666666,0.8,0.7272727272727272,1.0,6.0,1.0,0.6,0.7499999999999999,1.0,3.0,1.0,0.6,0.7499999999999999,1.0,3.0,1.0,0.8,0.888888888888889,1.0,4.0,1.0,0.4,0.5714285714285715,1.0,2.0,1.0,0.8,0.888888888888889,1.0,4.0,complete,
cm1,continuous,500,50,1.0,41,1274412079,0.75,0.6,0.6666666666666665,1.0,4.0,1.0,0.4,0.5714285714285715,1.0,2.0,1.0,0.6,0.7499999999999999,1.0,3.0,1.0,0.8,0.888888888888889,1.0,4.0,1.0,0.4,0.5714285714285715,1.0,2.0,1.0,0.8,0.888888888888889,1.0,4.0,complete,
cm1,continuous,500,50,1.0,42,2457656488,0.8,0.8,0.8000000000000002,1.0,5.0,1.0,0.6,0.7499999999999999,1.0,3.0,1.0,0.6,0.7499999999999999,1.0,3.0,1.0,1.0,1.0,0.0,5.0,1.0,0.6,0.7499999999999999,1.0,3.0,1.0,1.0,1.0,0.0,5.0,complete,
cm1,continuous,500,50,1.0,43,621616738,0.8,0.8,0.8000000000000002,1.0,5.0,1.0,0.4,0.5714285714285715,1.0,2.0,1.0,0.4,0.5714285714285715,1.0,2.0,1.0,0.8,0.888888888888889,1.0,4.0,1.0,0.6,0.7499999999999999,1.0,3.0,1.0,0.8,0.888888888888889,1.0,4.0,complete,
cm1,continuous,500,50,1.0,44,1402196064,1.0,0.8,0.888888888888889,1.0,4.0,1.0,0.8,0.888888888888889,1.0,4.0,1.0,0.8,0.888888888888889,1.0,4.0,1.0,0.8,0.888888888888889,1.0,4.0,1.0,0.4,0.5714285714285715,1.0,2.0,1.0,0.8,0.888888888888889,1.0,4.0,complete,
cm1,continuous,500,50,1.0,45,3244808560,0.6,0.6,0.6,1.0,5.0,1.0,0.4,0.5714285714285715,1.0,2.0,0.75,0.6,0.6666666666666665,1.0,4.0,1.0,0.8,0.888888888888889,1.0,4.0,1.0,0.8,0.888888888888889,1.0,4.0,1.0,0.6,0.7499999999999999,1.0,3.0,complete,
cm1,continuous,500,50,1.0,46,3173858154,0.5,0.6,0.5454545454545454,1.0,6.0,1.0,0.4,0.5714285714285715,1.0,2.0,1.0,0.6,0.7499999999999999,1.0,3.0,1.0,1.0,1.0,0.0,5.0,1.0,0.6,0.7499999999999999,1.0,3.0,1.0,0.8,0.888888888888889,1.0,4.0,complete,
cm1,continuous,500,50,1.0,47,399392753,0.6,0.6,0.6,1.0,5.0,1.0,0.6,0.7499999999999999,1.0,3.0,1.0,0.6,0.7499999999999999,1.0,3.0,1.0,0.8,0.888888888888889,1.0,4.0,1.0,0.8,0.888888888888889,1.0,4.0,1.0,0.8,0.888888888888889,1.0,4.0,complete,
cm1,continuous,500,50,1.0,48,2118424416,1.0,0.8,0.888888888888889,1.0,4.0,1.0,0.6,0.7499999999999999,1.0,3.0,1.0,0.6,0.7499999999999999,1.0,3.0,1.0,0.8,0.888888888888889,1.0,4.0,1.0,0.4,0.5714285714285715,1.0,2.0,1.0,0.8,0.888888888888889,1.0,4.0,complete,
cm1,continuous,500,50,1.0,49,1697944719,0.8,0.8,0.8000000000000002,1.0,5.0,1.0,0.6,0.7499999999999999,1.0,3.0,1.0,0.6,0.7499999999999999,1.0,3.0,1.0,1.0,1.0,0.0,5.0,1.0,0.6,0.7499999999999999,1.0,3.0,1.0,0.8,0.888888888888889,1.0,4.0,complete,
cm1,continuous,500,50,1.0,50,3535271975,0.5,0.8,0.6153846153846154,1.0,8.0,1.0,0.4,0.5714285714285715,1.0,2.0,0.75,0.6,0.6666666666666665,1.0,4.0,1.0,0.8,0.888888888888889,1.0,4.0,1.0,0.2,0.33333333333333337,1.0,1.0,1.0,0.8,0.888888888888889,1.0,4.0,complete,
cm1,continuous,500,50,1.0,51,882150855,0.5,0.6,0.5454545454545454,1.0,6.0,1.0,0.6,0.7499999999999999,1.0,3.0,1.0,0.6,0.7499999999999999,1.0,3.0,1.0,0.8,0.888888888888889,1.0,4.0,1.0,0.8,0.888888888888889,1.0,4.0,1.0,0.8,0.888888888888889,1.0,4.0,complete,
cm1,continuous,500,50,1.0,52,1002091109,0.42857142857142855,0.6,0.5,1.0,7.0,1.0,0.6,0.7499999999999999,1.0,3.0,1.0,0.6,0.7499999999999999,1.0,3.0,1.0,1.0,1.0,0.0,5.0,1.0,0.4,0.5714285714285715,1.0,2.0,1.0,0.6,0.7499999999999999,1.0,3.0,complete,
cm1,continuous,500,50,1.0,53,1909089052,0.3333333333333333,0.6,0.42857142857142855,1.0,9.0,1.0,0.4,0.5714285714285715,1.0,2.0,1.0,0.6,0.7499999999999999,1.0,3.0,1.0,0.8,0.888888888888889,1.0,4.0,1.0,0.8,0.888888888888889,1.0,4.0,1.0,0.8,0.888888888888889,1.0,4.0,complete,
cm1,continuous,500,50,1.0,54,3412078640,0.8,0.8,0.8000000000000002,1.0,5.0,1.0,0.6,0.7499999999999999,1.0,3.0,1.0,0.8,0.888888888888889,1.0,4.0,1.0,0.8,0.888888888888889,1.0,4.0,1.0,0.2,0.33333333333333337,1.0,1.0,1.0,0.6,0.7499999999999999,1.0,3.0,complete,
cm1,continuous,500,50,1.0,55,855378356,0.6666666666666666,0.8,0.7272727272727272,1.0,6.0,1.0,0.4,0.5714285714285715,1.0,2.0,1.0,0.6,0.7499999999999999,1.0,3.0,1.0,0.8,0.888888888888889,1.0,4.0,1.0,0.6,0.7499999999999999,1.0,3.0,1.0,0.8,0.888888888888889,1.0,4.0,complete,
cm1,continuous,500,50,1.0,56,1627992719,0.5714285714285714,0.8,0.6666666666666666,1.0,7.0,1.0,0.6,0.7499999999999999,1.0,3.0,1.0,0.6,0.7499999999999999,1.0,3.0,1.0,0.8,0.888888888888889,1.0,4.0,1.0,0.6,0.7499999999999999,1.0,3.0,1.0,0.8,0.888888888888889,1.0,4.0,complete,
cm1,continuous,500,50,1.0,57,3899401783,0.6,0.6,0.6,1.0,5.0,1.0,0.6,0.7499999999999999,1.0,3.0,1.0,0.6,0.7499999999999999,1.0,3.0,1.0,0.8,0.888888888888889,1.0,4.0,1.0,0.8,0.888888888888889,1.0,4.0,1.0,0.8,0.888888888888889,1.0,4.0,complete,
cm1,continuous,500,50,1.0,58,73719321,0.6,0.6,0.6,1.0,5.0,1.0,0.6,0.7499999999999999,1.0,3.0,0.75,0.6,0.6666666666666665,1.0,4.0,1.0,1.0,1.0,0.0,5.0,1.0,0.4,0.5714285714285715,1.0,2.0,1.0,0.8,0.888888888888889,1.0,4.0,complete,
cm1,continuous,500,50,1.0,59,663705923,0.8,0.8,0.8000000000000002,1.0,5.0,1.0,0.4,0.5714285714285715,1.0,2.0,1.0,0.4,0.5714285714285715,1.0,2.0,1.0,0.8,0.888888888888889,1.0,4.0,1.0,0.2,0.33333333333333337,1.0,1.0,1.0,0.8,0.888888888888889,1.0,4.0,complete,
cm1,continuous,500,50,1.0,60,4112339213,0.75,0.6,0.6666666666666665,1.0,4.0,1.0,0.6,0.7499999999999999,1.0,3.0,1.0,0.6,0.7499999999999999,1.0,3.0,1.0,0.8,0.888888888888889,1.0,4.0,1.0,0.8,0.888888888888889,1.0,4.0,1.0,0.8,0.888888888888889,1.0,4.0,complete,
cm1,continuous,500,50,1.0,61,1849217389,0.75,0.6,0.6666666666666665,1.0,4.0,1.0,0.6,0.7499999999999999,1.0,3.0,1.0,0.6,0.7499999999999999,1.0,3.0,1.0,1.0,1.0,0.0,5.0,1.0,0.6,0.7499999999999999,1.0,3.0,1.0,1.0,1.0,0.0,5.0,complete,
cm1,continuous,500,50,1.0,62,876440368,0.6,0.6,0.6,1.0,5.0,1.0,0.2,0.33333333333333337,1.0,1.0,0.75,0.6,0.6666666666666665,1.0,4.0,1.0,0.6,0.7499999999999999,1.0,3.0,1.0,0.6,0.7499999999999999,1.0,3.0,1.0,0.6,0.7499999999999999,1.0,3.0,complete,
cm1,continuous,500,50,1.0,63,1915017264,0.5714285714285714,0.8,0.6666666666666666,1.0,7.0,1.0,0.6,0.7499999999999999,1.0,3.0,1.0,0.6,0.7499999999999999,1.0,3.0,1.0,0.8,0.888888888888889,1.0,4.0,1.0,0.6,0.7499999999999999,1.0,3.0,1.0,0.8,0.888888888888889,1.0,4.0,complete,
cm1,continuous,500,50,1.0,64,1398218512,0.6666666666666666,0.8,0.7272727272727272,1.0,6.0,1.0,0.4,0.5714285714285715,1.0,2.0,0.75,0.6,0.6666666666666665,1.0,4.0,1.0,0.8,0.888888888888889,1.0,4.0,1.0,0.4,0.5714285714285715,1.0,2.0,1.0,0.8,0.888888888888889,1.0,4.0,complete,
cm1,continuous,500,50,1.0,65,174213932,0.6666666666666666,0.8,0.7272727272727272,1.0,6.0,1.0,0.4,0.5714285714285715,1.0,2.0,1.0,0.6,0.7499999999999999,1.0,3.0,1.0,0.8,0.888888888888889,1.0,4.0,1.0,0.4,0.5714285714285715,1.0,2.0,1.0,0.8,0.888888888888889,1.0,4.0,complete,
cm1,continuous,500,50,1.0,66,878031761,0.5,0.6,0.5454545454545454,1.0,6.0,1.0,0.4,0.5714285714285715,1.0,2.0,1.0,0.4,0.5714285714285715,1.0,2.0,1.0,0.8,0.888888888888889,1.0,4.0,1.0,0.8,0.888888888888889,1.0,4.0,1.0,0.8,0.888888888888889,1.0,4.0,complete,
cm1,continuous,500,50,1.0,67,4047210859,0.6666666666666666,0.8,0.7272727272727272,1.0,6.0,1.0,0.6,0.7499999999999999,1.0,3.0,1.0,0.6,0.7499999999999999,1.0,3.0,1.0,1.0,1.0,0.0,5.0,1.0,0.4,0.5714285714285715,1.0,2.0,1.0,1.0,1.0,0.0,5.0,complete,
cm1,continuous,500,50,1.0,68,2025656110,0.8,0.8,0.8000000000000002,1.0,5.0,1.0,0.4,0.5714285714285715,1.0,2.0,1.0,0.6,0.7499999999999999,1.0,3.0,1.0,0.8,0.888888888888889,1.0,4.0,1.0,0.6,0.7499999999999999,1.0,3.0,1.0,0.8,0.888888888888889,1.0,4.0,complete,
cm1,continuous,500,50,1.0,69,1995598878,0.6666666666666666,0.8,0.7272727272727272,1.0,6.0,1.0,0.6,0.7499999999999999,1.0,3.0,0.75,0.6,0.6666666666666665,1.0,4.0,1.0,1.0,1.0,0.0,5.0,1.0,0.4,0.5714285714285715,1.0,2.0,1.0,0.6,0.7499999999999999,1.0,3.0,complete,
cm1,continuous,500,50,1.0,70,3981812613,0.75,0.6,0.6666666666666665,1.0,4.0,1.0,0.4,0.5714285714285715,1.0,2.0,1.0,0.6,0.7499999999999999,1.0,3.0,1.0,0.8,0.888888888888889,1.0,4.0,1.0,0.6,0.7499999999999999,1.0,3.0,1.0,0.8,0.888888888888889,1.0,4.0,complete,
cm1,continuous,500,50,1.0,71,976237004,1.0,0.6,0.7499999999999999,1.0,3.0,1.0,0.4,0.5714285714285715,1.0,2.0,1.0,0.6,0.7499999999999999,1.0,3.0,1.0,0.8,0.888888888888889,1.0,4.0,1.0,0.2,0.33333333333333337,1.0,1.0,1.0,0.8,0.888888888888889,1.0,4.0,complete,
cm1,continuous,500,50,1.0,72,3921240008,0.6,0.6,0.6,1.0,5.0,1.0,0.4,0.5714285714285715,1.0,2.0,1.0,0.6,0.7499999999999999,1.0,3.0,1.0,0.8,0.888888888888889,1.0,4.0,1.0,0.6,0.7499999999999999,1.0,3.0,1.0,0.8,0.888888888888889,1.0,4.0,complete,
cm1,continuous,500,50,1.0,73,1556435189,0.6,0.6,0.6,1.0,5.0,1.0,0.6,0.7499999999999999,1.0,3.0,1.0,0.6,0.7499999999999999,1.0,3.0,1.0,1.0,1.0,0.0,5.0,1.0,0.2,0.33333333333333337,1.0,1.0,1.0,1.0,1.0,0.0,5.0,complete,
cm1,continuous,500,50,1.0,74,569070111,0.8,0.8,0.8000000000000002,1.0,5.0,1.0,0.6,0.7499999999999999,1.0,3.0,1.0,0.6,0.7499999999999999,1.0,3.0,1.0,1.0,1.0,0.0,5.0,1.0,0.2,0.33333333333333337,1.0,1.0,1.0,0.8,0.888888888888889,1.0,4.0,complete,
cm1,continuous,500,50,1.0,75,2047781398,0.8,0.8,0.8000000000000002,1.0,5.0,1.0,0.4,0.5714285714285715,1.0,2.0,1.0,0.6,0.7499999999999999,1.0,3.0,1.0,0.8,0.888888888888889,1.0,4.0,1.0,0.2,0.33333333333333337,1.0,1.0,1.0,0.6,0.7499999999999999,1.0,3.0,complete,
cm1,continuous,500,50,1.0,76,483731627,0.4444444444444444,0.8,0.5714285714285714,1.0,9.0,1.0,0.4,0.5714285714285715,1.0,2.0,0.6666666666666666,0.4,0.5,1.0,3.0,1.0,0.8,0.888888888888889,1.0,4.0,1.0,0.8,0.888888888888889,1.0,4.0,1.0,0.8,0.888888888888889,1.0,4.0,complete,
cm1,continuous,500,50,1.0,77,54605493,1.0,0.6,0.7499999999999999,1.0,3.0,1.0,0.4,0.5714285714285715,1.0,2.0,1.0,0.6,0.7499999999999999,1.0,3.0,1.0,0.8,0.888888888888889,1.0,4.0,1.0,0.6,0.7499999999999999,1.0,3.0,1.0,0.8,0.888888888888889,1.0,4.0,complete,
cm1,continuous,500,50,1.0,78,2530065773,0.6,0.6,0.6,1.0,5.0,1.0,0.4,0.5714285714285715,1.0,2.0,0.75,0.6,0.6666666666666665,1.0,4.0,1.0,0.8,0.888888888888889,1.0,4.0,1.0,0.4,0.5714285714285715,1.0,2.0,1.0,0.8,0.888888888888889,1.0,4.0,complete,
cm1,continuous,500,50,1.0,79,1503748801,0.7142857142857143,1.0,0.8333333333333333,0.0,7.0,1.0,0.4,0.5714285714285715,1.0,2.0,0.75,0.6,0.6666666666666665,1.0,4.0,1.0,0.8,0.888888888888889,1.0,4.0,1.0,0.6,0.7499999999999999,1.0,3.0,1.0,0.8,0.888888888888889,1.0,4.0,complete,
cm1,continuous,500,50,1.0,80,488796794,0.42857142857142855,0.6,0.5,1.0,7.0,1.0,0.4,0.5714285714285715,1.0,2.0,1.0,0.6,0.7499999999999999,1.0,3.0,1.0,1.0,1.0,0.0,5.0,1.0,0.6,0.7499999999999999,1.0,3.0,1.0,1.0,1.0,0.0,5.0,complete,
cm1,continuous,500,50,1.0,81,1974821862,0.5714285714285714,0.8,0.6666666666666666,1.0,7.0,1.0,0.4,0.5714285714285715,1.0,2.0,0.5,0.6,0.5454545454545454,1.0,6.0,1.0,0.8,0.888888888888889,1.0,4.0,1.0,0.8,0.888888888888889,1.0,4.0,1.0,0.8,0.888888888888889,1.0,4.0,complete,
cm1,continuous,500,50,1.0,82,1513394364,0.6,0.6,0.6,1.0,5.0,1.0,0.6,0.7499999999999999,1.0,3.0,0.75,0.6,0.6666666666666665,1.0,4.0,1.0,0.8,0.888888888888889,1.0,4.0,1.0,0.6,0.7499999999999999,1.0,3.0,1.0,0.8,0.888888888888889,1.0,4.0,complete,
cm1,continuous,500,50,1.0,83,2484881057,0.6,0.6,0.6,1.0,5.0,1.0,0.6,0.7499999999999999,1.0,3.0,1.0,0.6,0.7499999999999999,1.0,3.0,1.0,0.8,0.888888888888889,1.0,4.0,1.0,0.4,0.5714285714285715,1.0,2.0,1.0,0.8,0.888888888888889,1.0,4.0,complete,
cm1,continuous,500,50,1.0,84,3784990147,0.8,0.8,0.8000000000000002,1.0,5.0,1.0,0.6,0.7499999999999999,1.0,3.0,1.0,0.6,0.7499999999999999,1.0,3.0,1.0,0.8,0.888888888888889,1.0,4.0,1.0,0.6,0.7499999999999999,1.0,3.0,1.0,0.8,0.888888888888889,1.0,4.0,complete,
cm1,continuous,500,50,1.0,85,3808601418,0.5,0.8,0.6153846153846154,1.0,8.0,1.0,0.4,0.5714285714285715,1.0,2.0,1.0,0.6,0.7499999999999999,1.0,3.0,1.0,0.8,0.888888888888889,1.0,4.0,1.0,0.4,0.5714285714285715,1.0,2.0,1.0,0.8,0.888888888888889,1.0,4.0,complete,
cm1,continuous,500,50,1.0,86,265706349,0.6666666666666666,0.8,0.7272727272727272,1.0,6.0,1.0,0.6,0.7499999999999999,1.0,3.0,1.0,0.6,0.7499999999999999,1.0,3.0,1.0,1.0,1.0,0.0,5.0,1.0,0.6,0.7499999999999999,1.0,3.0,1.0,1.0,1.0,0.0,5.0,complete,
cm1,continuous,500,50,1.0,87,3864661956,0.5714285714285714,0.8,0.6666666666666666,1.0,7.0,1.0,0.4,0.5714285714285715,1.0,2.0,1.0,0.6,0.7499999999999999,1.0,3.0,1.0,1.0,1.0,0.0,5.0,1.0,0.2,0.33333333333333337,1.0,1.0,1.0,0.8,0.888888888888889,1.0,4.0,complete,
cm1,continuous,500,50,1.0,88,4075967331,0.6666666666666666,0.8,0.7272727272727272,1.0,6.0,1.0,0.6,0.7499999999999999,1.0,3.0,1.0,0.6,0.7499999999999999,1.0,3.0,1.0,0.8,0.888888888888889,1.0,4.0,1.0,0.4,0.5714285714285715,1.0,2.0,1.0,0.8,0.888888888888889,1.0,4.0,complete,
cm1,continuous,500,50,1.0,89,853258676,1.0,0.6,0.7499999999999999,1.0,3.0,1.0,0.6,0.7499999999999999,1.0,3.0,1.0,0.6,0.7499999999999999,1.0,3.0,1.0,0.8,0.888888888888889,1.0,4.0,1.0,0.6,0.7499999999999999,1.0,3.0,1.0,0.8,0.888888888888889,1.0,4.0,complete,
cm1,continuous,500,50,1.0,90,654224302,0.5,1.0,0.6666666666666666,0.0,10.0,1.0,0.6,0.7499999999999999,1.0,3.0,0.75,0.6,0.6666666666666665,1.0,4.0,1.0,1.0,1.0,0.0,5.0,1.0,0.6,0.7499999999999999,1.0,3.0,1.0,0.8,0.888888888888889,1.0,4.0,complete,
cm1,continuous,500,50,1.0,91,1673901599,0.5714285714285714,0.8,0.6666666666666666,1.0,7.0,1.0,0.4,0.5714285714285715,1.0,2.0,1.0,0.4,0.5714285714285715,1.0,2.0,1.0,0.8,0.888888888888889,1.0,4.0,1.0,0.8,0.888888888888889,1.0,4.0,1.0,0.8,0.888888888888889,1.0,4.0,complete,
cm1,continuous,500,50,1.0,92,1971517132,0.75,0.6,0.6666666666666665,1.0,4.0,1.0,0.6,0.7499999999999999,1.0,3.0,1.0,0.6,0.7499999999999999,1.0,3.0,1.0,0.8,0.888888888888889,1.0,4.0,1.0,0.6,0.7499999999999999,1.0,3.0,1.0,0.8,0.888888888888889,1.0,4.0,complete,
cm1,continuous,500,50,1.0,93,4206971590,0.8,0.8,0.8000000000000002,1.0,5.0,1.0,0.6,0.7499999999999999,1.0,3.0,1.0,0.8,0.888888888888889,1.0,4.0,1.0,1.0,1.0,0.0,5.0,1.0,0.6,0.7499999999999999,1.0,3.0,1.0,1.0,1.0,0.0,5.0,complete,
cm1,continuous,500,50,1.0,94,2331736792,0.6,0.6,0.6,1.0,5.0,1.0,0.4,0.5714285714285715,1.0,2.0,1.0,0.6,0.7499999999999999,1.0,3.0,1.0,0.8,0.888888888888889,1.0,4.0,1.0,0.6,0.7499999999999999,1.0,3.0,1.0,0.8,0.888888888888889,1.0,4.0,complete,
cm1,continuous,500,50,1.0,95,1248956271,0.8,0.8,0.8000000000000002,1.0,5.0,1.0,0.6,0.7499999999999999,1.0,3.0,0.75,0.6,0.6666666666666665,1.0,4.0,1.0,0.8,0.888888888888889,1.0,4.0,1.0,0.4,0.5714285714285715,1.0,2.0,1.0,0.8,0.888888888888889,1.0,4.0,complete,
cm1,continuous,500,50,1.0,96,1926333911,0.6,0.6,0.6,1.0,5.0,1.0,0.6,0.7499999999999999,1.0,3.0,1.0,0.6,0.7499999999999999,1.0,3.0,1.0,1.0,1.0,0.0,5.0,1.0,0.4,0.5714285714285715,1.0,2.0,1.0,0.8,0.888888888888889,1.0,4.0,complete,
cm1,continuous,500,50,1.0,97,1201235869,0.8,0.8,0.8000000000000002,1.0,5.0,1.0,0.4,0.5714285714285715,1.0,2.0,1.0,0.6,0.7499999999999999,1.0,3.0,0.8,0.8,0.8000000000000002,1.0,5.0,1.0,0.8,0.888888888888889,1.0,4.0,1.0,0.8,0.888888888888889,1.0,4.0,complete,
cm1,continuous,500,50,1.0,98,1547798851,0.5,0.6,0.5454545454545454,1.0,6.0,1.0,0.4,0.5714285714285715,1.0,2.0,1.0,0.6,0.7499999999999999,1.0,3.0,1.0,0.8,0.888888888888889,1.0,4.0,1.0,0.4,0.5714285714285715,1.0,2.0,1.0,0.8,0.888888888888889,1.0,4.0,complete,
cm1,continuous,500,50,1.0,99,1926181772,1.0,0.8,0.888888888888889,1.0,4.0,1.0,0.6,0.7499999999999999,1.0,3.0,1.0,0.8,0.888888888888889,1.0,4.0,1.0,0.8,0.888888888888889,1.0,4.0,1.0,0.6,0.7499999999999999,1.0,3.0,1.0,0.8,0.888888888888889,1.0,4.0,complete,
cm1,continuous,500,50,10.0,0,26277626,0.375,0.6,0.4615384615384615,1.0,8.0,1.0,0.4,0.5714285714285715,1.0,2.0,0.6666666666666666,0.4,0.5,1.0,3.0,1.0,0.8,0.888888888888889,1.0,4.0,1.0,0.4,0.5714285714285715,1.0,2.0,1.0,0.8,0.888888888888889,1.0,4.0,complete,
cm1,continuous,500,50,10.0,1,3714562118,0.5,0.6,0.5454545454545454,1.0,6.0,1.0,0.2,0.33333333333333337,1.0,1.0,1.0,0.6,0.7499999999999999,1.0,3.0,1.0,0.8,0.888888888888889,1.0,4.0,1.0,0.2,0.33333333333333337,1.0,1.0,1.0,0.8,0.888888888888889,1.0,4.0,complete,
cm1,continuous,500,50,10.0,2,2774292881,0.6,0.6,0.6,1.0,5.0,1.0,0.6,0.7499999999999999,1.0,3.0,0.75,0.6,0.6666666666666665,1.0,4.0,1.0,0.8,0.888888888888889,1.0,4.0,1.0,0.6,0.7499999999999999,1.0,3.0,1.0,0.8,0.888888888888889,1.0,4.0,complete,
cm1,continuous,500,50,10.0,3,1177216572,0.75,0.6,0.6666666666666665,1.0,4.0,1.0,0.4,0.5714285714285715,1.0,2.0,1.0,0.6,0.7499999999999999,1.0,3.0,1.0,0.8,0.888888888888889,1.0,4.0,1.0,0.4,0.5714285714285715,1.0,2.0,1.0,0.8,0.888888888888889,1.0,4.0,complete,
cm1,continuous,500,50,10.0,4,4095244655,0.5,0.4,0.4444444444444445,1.0,4.0,1.0,0.4,0.5714285714285715,1.0,2.0,0.6666666666666666,0.4,0.5,1.0,3.0,1.0,0.8,0.888888888888889,1.0,4.0,1.0,0.6,0.7499999999999999,1.0,3.0,1.0,0.8,0.888888888888889,1.0,4.0,complete,
cm1,continuous,500,50,10.0,5,3866877301,0.6,0.6,0.6,1.0,5.0,1.0,0.6,0.7499999999999999,1.0,3.0,1.0,0.6,0.7499999999999999,1.0,3.0,1.0,0.8,0.888888888888889,1.0,4.0,1.0,0.4,0.5714285714285715,1.0,2.0,1.0,0.6,0.7499999999999999,1.0,3.0,complete,
cm1,continuous,500,50,10.0,6,1524764201,0.6666666666666666,0.8,0.7272727272727272,1.0,6.0,1.0,0.6,0.7499999999999999,1.0,3.0,0.75,0.6,0.6666666666666665,1.0,4.0,1.0,0.8,0.888888888888889,1.0,4.0,1.0,0.4,0.5714285714285715,1.0,2.0,1.0,0.8,0.888888888888889,1.0,4.0,complete,
cm1,continuous,500,50,10.0,7,77426456,0.5714285714285714,0.8,0.6666666666666666,1.0,7.0,1.0,0.4,0.5714285714285715,1.0,2.0,0.75,0.6,0.6666666666666665,1.0,4.0,1.0,0.8,0.888888888888889,1.0,4.0,1.0,0.4,0.5714285714285715,1.0,2.0,1.0,0.8,0.888888888888889,1.0,4.0,complete,
cm1,continuous,500,50,10.0,8,4068524811,0.6,0.6,0.6,1.0,5.0,1.0,0.4,0.5714285714285715,1.0,2.0,1.0,0.4,0.5714285714285715,1.0,2.0,1.0,0.8,0.888888888888889,1.0,4.0,1.0,0.4,0.5714285714285715,1.0,2.0,1.0,0.8,0.888888888888889,1.0,4.0,complete,
cm1,continuous,500,50,10.0,9,134224283,0.5,0.6,0.5454545454545454,1.0,6.0,1.0,0.4,0.5714285714285715,1.0,2.0,1.0,0.4,0.5714285714285715,1.0,2.0,1.0,0.8,0.888888888888889,1.0,4.0,1.0,0.4,0.5714285714285715,1.0,2.0,1.0,0.8,0.888888888888889,1.0,4.0,complete,
cm1,continuous,500,50,10.0,10,1369540091,1.0,0.8,0.888888888888889,1.0,4.0,1.0,0.4,0.5714285714285715,1.0,2.0,1.0,0.6,0.7499999999999999,1.0,3.0,1.0,0.8,0.888888888888889,1.0,4.0,1.0,0.8,0.888888888888889,1.0,4.0,1.0,0.8,0.888888888888889,1.0,4.0,complete,
cm1,continuous,500,50,10.0,11,380891069,0.6,0.6,0.6,1.0,5.0,1.0,0.4,0.5714285714285715,1.0,2.0,0.75,0.6,0.6666666666666665,1.0,4.0,1.0,0.8,0.888888888888889,1.0,4.0,1.0,0.4,0.5714285714285715,1.0,2.0,1.0,0.6,0.7499999999999999,1.0,3.0,complete,
cm1,continuous,500,50,10.0,12,1285157035,0.6,0.6,0.6,1.0,5.0,1.0,0.4,0.5714285714285715,1.0,2.0,1.0,0.6,0.7499999999999999,1.0,3.0,1.0,0.8,0.888888888888889,1.0,4.0,1.0,0.6,0.7499999999999999,1.0,3.0,1.0,0.8,0.888888888888889,1.0,4.0,complete,
cm1,continuous,500,50,10.0,13,2786887549,0.8,0.8,0.8000000000000002,1.0,5.0,1.0,0.4,0.5714285714285715,1.0,2.0,1.0,0.6,0.7499999999999999,1.0,3.0,1.0,0.8,0.888888888888889,1.0,4.0,1.0,0.8,0.888888888888889,1.0,4.0,1.0,0.8,0.888888888888889,1.0,4.0,complete,
cm1,continuous,500,50,10.0,14,87189440,0.75,0.6,0.6666666666666665,1.0,4.0,1.0,0.4,0.5714285714285715,1.0,2.0,1.0,0.4,0.5714285714285715,1.0,2.0,1.0,0.8,0.888888888888889,1.0,4.0,1.0,0.4,0.5714285714285715,1.0,2.0,1.0,0.8,0.888888888888889,1.0,4.0,complete,
cm1,continuous,500,50,10.0,15,2217870701,0.5714285714285714,0.8,0.6666666666666666,1.0,7.0,1.0,0.6,0.7499999999999999,1.0,3.0,1.0,0.6,0.7499999999999999,1.0,3.0,1.0,0.8,0.888888888888889,1.0,4.0,1.0,0.6,0.7499999999999999,1.0,3.0,1.0,0.6,0.7499999999999999,1.0,3.0,complete,
cm1,continuous,500,50,10.0,16,3124336179,0.6666666666666666,0.8,0.7272727272727272,1.0,6.0,1.0,0.4,0.5714285714285715,1.0,2.0,1.0,0.6,0.7499999999999999,1.0,3.0,1.0,1.0,1.0,0.0,5.0,1.0,0.6,0.7499999999999999,1.0,3.0,1.0,0.8,0.888888888888889,1.0,4.0,complete,
cm1,continuous,500,50,10.0,17,851141430,0.6666666666666666,0.8,0.7272727272727272,1.0,6.0,1.0,0.4,0.5714285714285715,1.0,2.0,0.6666666666666666,0.4,0.5,1.0,3.0,1.0,0.8,0.888888888888889,1.0,4.0,1.0,0.8,0.888888888888889,1.0,4.0,1.0,0.8,0.888888888888889,1.0,4.0,complete,
cm1,continuous,500,50,10.0,18,2723200911,0.375,0.6,0.4615384615384615,1.0,8.0,1.0,0.2,0.33333333333333337,1.0,1.0,0.6,0.6,0.6,1.0,5.0,1.0,1.0,1.0,0.0,5.0,1.0,0.6,0.7499999999999999,1.0,3.0,1.0,0.8,0.888888888888889,1.0,4.0,complete,
cm1,continuous,500,50,10.0,19,2725920540,0.8,0.8,0.8000000000000002,1.0,5.0,1.0,0.4,0.5714285714285715,1.0,2.0,1.0,0.6,0.7499999999999999,1.0,3.0,0.8,0.8,0.8000000000000002,1.0,5.0,1.0,0.4,0.5714285714285715,1.0,2.0,1.0,0.8,0.888888888888889,1.0,4.0,complete,
cm1,continuous,500,50,10.0,20,4082658583,0.6,0.6,0.6,1.0,5.0,1.0,0.6,0.7499999999999999,1.0,3.0,1.0,0.6,0.7499999999999999,1.0,3.0,1.0,0.8,0.888888888888889,1.0,4.0,1.0,0.8,0.888888888888889,1.0,4.0,1.0,0.8,0.888888888888889,1.0,4.0,complete,
cm1,continuous,500,50,10.0,21,2639824436,0.5,0.6,0.5454545454545454,1.0,6.0,0.6666666666666666,0.4,0.5,1.0,3.0,0.75,0.6,0.6666666666666665,1.0,4.0,1.0,0.8,0.888888888888889,1.0,4.0,1.0,0.6,0.7499999999999999,1.0,3.0,1.0,0.8,0.888888888888889,1.0,4.0,complete,
cm1,continuous,500,50,10.0,22,4131558564,0.5,0.6,0.5454545454545454,1.0,6.0,1.0,0.4,0.5714285714285715,1.0,2.0,1.0,0.4,0.5714285714285715,1.0,2.0,1.0,0.8,0.888888888888889,1.0,4.0,1.0,0.2,0.33333333333333337,1.0,1.0,1.0,0.8,0.888888888888889,1.0,4.0,complete,
cm1,continuous,500,50,10.0,23,1952020800,0.6,0.6,0.6,1.0,5.0,1.0,0.4,0.5714285714285715,1.0,2.0,1.0,0.6,0.7499999999999999,1.0,3.0,1.0,0.8,0.888888888888889,1.0,4.0,1.0,0.4,0.5714285714285715,1.0,2.0,1.0,0.8,0.888888888888889,1.0,4.0,complete,
cm1,continuous,500,50,10.0,24,1416724599,0.75,0.6,0.6666666666666665,1.0,4.0,1.0,0.6,0.7499999999999999,1.0,3.0,1.0,0.6,0.7499999999999999,1.0,3.0,1.0,1.0,1.0,0.0,5.0,1.0,0.6,0.7499999999999999,1.0,3.0,1.0,0.8,0.888888888888889,1.0,4.0,complete,
cm1,continuous,500,50,10.0,25,3841141196,0.5,0.6,0.5454545454545454,1.0,6.0,1.0,0.4,0.5714285714285715,1.0,2.0,0.75,0.6,0.6666666666666665,1.0,4.0,1.0,0.8,0.888888888888889,1.0,4.0,1.0,0.6,0.7499999999999999,1.0,3.0,1.0,0.8,0.888888888888889,1.0,4.0,complete,
cm1,continuous,500,50,10.0,26,3557732708,0.5,0.6,0.5454545454545454,1.0,6.0,1.0,0.6,0.7499999999999999,1.0,3.0,1.0,0.6,0.7499999999999999,1.0,3.0,1.0,0.8,0.888888888888889,1.0,4.0,1.0,0.2,0.33333333333333337,1.0,1.0,1.0,0.8,0.888888888888889,1.0,4.0,complete,
cm1,continuous,500,50,10.0,27,2682217173,0.6,0.6,0.6,1.0,5.0,1.0,0.4,0.5714285714285715,1.0,2.0,1.0,0.6,0.7499999999999999,1.0,3.0,1.0,0.8,0.888888888888889,1.0,4.0,1.0,0.6,0.7499999999999999,1.0,3.0,1.0,0.8,0.888888888888889,1.0,4.0,complete,
cm1,continuous,500,50,10.0,28,1690213152,0.8,0.8,0.8000000000000002,1.0,5.0,1.0,0.4,0.5714285714285715,1.0,2.0,1.0,0.6,0.7499999999999999,1.0,3.0,1.0,1.0,1.0,0.0,5.0,1.0,0.4,0.5714285714285715,1.0,2.0,1.0,0.8,0.888888888888889,1.0,4.0,complete,
cm1,continuous,500,50,10.0,29,511833648,0.5,0.8,0.6153846153846154,1.0,8.0,1.0,0.2,0.33333333333333337,1.0,1.0,0.75,0.6,0.6666666666666665,1.0,4.0,1.0,1.0,1.0,0.0,5.0,1.0,0.4,0.5714285714285715,1.0,2.0,1.0,1.0,1.0,0.0,5.0,complete,
cm1,continuous,500,50,10.0,30,437070159,0.8,0.8,0.8000000000000002,1.0,5.0,1.0,0.4,0.5714285714285715,1.0,2.0,0.75,0.6,0.6666666666666665,1.0,4.0,1.0,0.6,0.7499999999999999,1.0,3.0,1.0,0.6,0.7499999999999999,1.0,3.0,1.0,0.6,0.7499999999999999,1.0,3.0,complete,
cm1,continuous,500,50,10.0,31,3721685827,0.6,0.6,0.6,1.0,5.0,1.0,0.4,0.5714285714285715,1.0,2.0,1.0,0.6,0.7499999999999999,1.0,3.0,1.0,0.8,0.888888888888889,1.0,4.0,1.0,0.2,0.33333333333333337,1.0,1.0,1.0,0.8,0.888888888888889,1.0,4.0,complete,
cm1,continuous,500,50,10.0,32,1652440049,0.5714285714285714,0.8,0.6666666666666666,1.0,7.0,1.0,0.4,0.5714285714285715,1.0,2.0,0.75,0.6,0.6666666666666665,1.0,4.0,1.0,1.0,1.0,0.0,5.0,1.0,0.8,0.888888888888889,1.0,4.0,1.0,0.8,0.888888888888889,1.0,4.0,complete,
cm1,continuous,500,50,10.0,33,955275013,0.5,0.6,0.5454545454545454,1.0,6.0,1.0,0.6,0.7499999999999999,1.0,3.0,0.75,0.6,0.6666666666666665,1.0,4.0,1.0,1.0,1.0,0.0,5.0,1.0,0.8,0.888888888888889,1.0,4.0,1.0,0.8,0.888888888888889,1.0,4.0,complete,
cm1,continuous,500,50,10.0,34,666134686,0.5,0.6,0.5454545454545454,1.0,6.0,1.0,0.6,0.7499999999999999,1.0,3.0,1.0,0.6,0.7499999999999999,1.0,3.0,1.0,0.8,0.888888888888889,1.0,4.0,1.0,0.8,0.888888888888889,1.0,4.0,1.0,0.8,0.888888888888889,1.0,4.0,complete,
cm1,continuous,500,50,10.0,35,1530673438,0.5714285714285714,0.8,0.6666666666666666,1.0,7.0,1.0,0.4,0.5714285714285715,1.0,2.0,0.6666666666666666,0.4,0.5,1.0,3.0,1.0,0.8,0.888888888888889,1.0,4.0,1.0,0.8,0.888888888888889,1.0,4.0,1.0,0.8,0.888888888888889,1.0,4.0,complete,
cm1,continuous,500,50,10.0,36,2577461317,0.8,0.8,0.8000000000000002,1.0,5.0,1.0,0.2,0.33333333333333337,1.0,1.0,0.75,0.6,0.6666666666666665,1.0,4.0,1.0,0.8,0.888888888888889,1.0,4.0,1.0,0.6,0.7499999999999999,1.0,3.0,1.0,0.8,0.888888888888889,1.0,4.0,complete,
cm1,continuous,500,50,10.0,37,479190552,0.6666666666666666,0.8,0.7272727272727272,1.0,6.0,1.0,0.4,0.5714285714285715,1.0,2.0,1.0,0.6,0.7499999999999999,1.0,3.0,1.0,0.8,0.888888888888889,1.0,4.0,1.0,0.6,0.7499999999999999,1.0,3.0,1.0,0.8,0.888888888888889,1.0,4.0,complete,
cm1,continuous,500,50,10.0,38,645580154,0.5,0.6,0.5454545454545454,1.0,6.0,1.0,0.4,0.5714285714285715,1.0,2.0,1.0,0.6,0.7499999999999999,1.0,3.0,1.0,1.0,1.0,0.0,5.0,1.0,0.4,0.5714285714285715,1.0,2.0,1.0,0.8,0.888888888888889,1.0,4.0,complete,
cm1,continuous,500,50,10.0,39,1194343556,0.75,0.6,0.6666666666666665,1.0,4.0,1.0,0.6,0.7499999999999999,1.0,3.0,1.0,0.6,0.7499999999999999,1.0,3.0,1.0,0.8,0.888888888888889,1.0,4.0,1.0,0.4,0.5714285714285715,1.0,2.0,1.0,0.8,0.888888888888889,1.0,4.0,complete,
cm1,continuous,500,50,10.0,40,3568408111,0.42857142857142855,0.6,0.5,1.0,7.0,1.0,0.4,0.5714285714285715,1.0,2.0,1.0,0.4,0.5714285714285715,1.0,2.0,1.0,0.8,0.888888888888889,1.0,4.0,1.0,0.6,0.7499999999999999,1.0,3.0,1.0,0.8,0.888888888888889,1.0,4.0,complete,
cm1,continuous,500,50,10.0,41,1461204087,0.5,0.6,0.5454545454545454,1.0,6.0,1.0,0.4,0.5714285714285715,1.0,2.0,0.75,0.6,0.6666666666666665,1.0,4.0,1.0,0.8,0.888888888888889,1.0,4.0,1.0,0.2,0.33333333333333337,1.0,1.0,1.0,0.6,0.7499999999999999,1.0,3.0,complete,
cm1,continuous,500,50,10.0,42,716500017,0.42857142857142855,0.6,0.5,1.0,7.0,1.0,0.4,0.5714285714285715,1.0,2.0,1.0,0.4,0.5714285714285715,1.0,2.0,1.0,0.8,0.888888888888889,1.0,4.0,1.0,0.6,0.7499999999999999,1.0,3.0,1.0,0.8,0.888888888888889,1.0,4.0,complete,
cm1,continuous,500,50,10.0,43,3483503097,0.375,0.6,0.4615384615384615,1.0,8.0,1.0,0.4,0.5714285714285715,1.0,2.0,0.75,0.6,0.6666666666666665,1.0,4.0,1.0,0.8,0.888888888888889,1.0,4.0,1.0,0.4,0.5714285714285715,1.0,2.0,1.0,0.8,0.888888888888889,1.0,4.0,complete,
cm1,continuous,500,50,10.0,44,3822890443,0.75,0.6,0.6666666666666665,1.0,4.0,1.0,0.6,0.7499999999999999,1.0,3.0,1.0,0.6,0.7499999999999999,1.0,3.0,1.0,1.0,1.0,0.0,5.0,1.0,0.4,0.5714285714285715,1.0,2.0,1.0,1.0,1.0,0.0,5.0,complete,
cm1,continuous,500,50,10.0,45,1478040611,0.5,0.6,0.5454545454545454,1.0,6.0,1.0,0.4,0.5714285714285715,1.0,2.0,0.75,0.6,0.6666666666666665,1.0,4.0,1.0,0.8,0.888888888888889,1.0,4.0,1.0,0.6,0.7499999999999999,1.0,3.0,1.0,0.8,0.888888888888889,1.0,4.0,complete,
cm1,continuous,500,50,10.0,46,162550208,0.6,0.6,0.6,1.0,5.0,1.0,0.4,0.5714285714285715,1.0,2.0,0.75,0.6,0.6666666666666665,1.0,4.0,1.0,1.0,1.0,0.0,5.0,1.0,0.4,0.5714285714285715,1.0,2.0,1.0,0.6,0.7499999999999999,1.0,3.0,complete,
cm1,continuous,500,50,10.0,47,2444535645,0.5,0.6,0.5454545454545454,1.0,6.0,1.0,0.6,0.7499999999999999,1.0,3.0,1.0,0.6,0.7499999999999999,1.0,3.0,1.0,0.8,0.888888888888889,1.0,4.0,1.0,0.6,0.7499999999999999,1.0,3.0,1.0,0.8,0.888888888888889,1.0,4.0,complete,
cm1,continuous,500,50,10.0,48,2836901736,0.6,0.6,0.6,1.0,5.0,1.0,0.6,0.7499999999999999,1.0,3.0,0.6,0.6,0.6,1.0,5.0,1.0,0.8,0.888888888888889,1.0,4.0,1.0,0.4,0.5714285714285715,1.0,2.0,1.0,0.6,0.7499999999999999,1.0,3.0,complete,
cm1,continuous,500,50,10.0,49,2145370783,0.75,0.6,0.6666666666666665,1.0,4.0,1.0,0.6,0.7499999999999999,1.0,3.0,1.0,0.6,0.7499999999999999,1.0,3.0,1.0,0.8,0.888888888888889,1.0,4.0,1.0,0.6,0.7499999999999999,1.0,3.0,1.0,0.8,0.888888888888889,1.0,4.0,complete,
cm1,continuous,500,50,10.0,50,1754313208,0.8,0.8,0.8000000000000002,1.0,5.0,1.0,0.4,0.5714285714285715,1.0,2.0,1.0,0.6,0.7499999999999999,1.0,3.0,1.0,1.0,1.0,0.0,5.0,1.0,0.4,0.5714285714285715,1.0,2.0,1.0,0.8,0.888888888888889,1.0,4.0,complete,
cm1,continuous,500,50,10.0,51,3725267168,0.5,0.6,0.5454545454545454,1.0,6.0,1.0,0.4,0.5714285714285715,1.0,2.0,1.0,0.6,0.7499999999999999,1.0,3.0,1.0,0.8,0.888888888888889,1.0,4.0,1.0,0.4,0.5714285714285715,1.0,2.0,1.0,0.8,0.888888888888889,1.0,4.0,complete,
cm1,continuous,500,50,10.0,52,538855108,0.6,0.6,0.6,1.0,5.0,1.0,0.6,0.7499999999999999,1.0,3.0,1.0,0.6,0.7499999999999999,1.0,3.0,1.0,0.8,0.888888888888889,1.0,4.0,1.0,0.6,0.7499999999999999,1.0,3.0,1.0,0.8,0.888888888888889,1.0,4.0,complete,
cm1,continuous,500,50,10.0,53,2981180729,0.75,0.6,0.6666666666666665,1.0,4.0,1.0,0.4,0.5714285714285715,1.0,2.0,1.0,0.4,0.5714285714285715,1.0,2.0,1.0,0.8,0.888888888888889,1.0,4.0,1.0,0.2,0.33333333333333337,1.0,1.0,1.0,0.8,0.888888888888889,1.0,4.0,complete,
cm1,continuous,500,50,10.0,54,1897922669,0.42857142857142855,0.6,0.5,1.0,7.0,1.0,0.6,0.7499999999999999,1.0,3.0,0.75,0.6,0.6666666666666665,1.0,4.0,1.0,0.8,0.888888888888889,1.0,4.0,1.0,0.8,0.888888888888889,1.0,4.0,1.0,0.8,0.888888888888889,1.0,4.0,complete,
cm1,continuous,500,50,10.0,55,4026465525,0.4,0.8,0.5333333333333333,1.0,10.0,1.0,0.4,0.5714285714285715,1.0,2.0,0.75,0.6,0.6666666666666665,1.0,4.0,1.0,1.0,1.0,0.0,5.0,1.0,0.4,0.5714285714285715,1.0,2.0,1.0,0.8,0.888888888888889,1.0,4.0,complete,
cm1,continuous,500,50,10.0,56,3810060557,0.75,0.6,0.6666666666666665,1.0,4.0,1.0,0.4,0.5714285714285715,1.0,2.0,1.0,0.4,0.5714285714285715,1.0,2.0,1.0,0.8,0.888888888888889,1.0,4.0,1.0,0.4,0.5714285714285715,1.0,2.0,1.0,0.8,0.888888888888889,1.0,4.0,complete,
cm1,continuous,500,50,10.0,57,1258890348,0.75,0.6,0.6666666666666665,1.0,4.0,1.0,0.4,0.5714285714285715,1.0,2.0,1.0,0.4,0.5714285714285715,1.0,2.0,1.0,0.8,0.888888888888889,1.0,4.0,1.0,0.8,0.888888888888889,1.0,4.0,1.0,0.8,0.888888888888889,1.0,4.0,complete,
cm1,continuous,500,50,10.0,58,3705599578,0.42857142857142855,0.6,0.5,1.0,7.0,1.0,0.4,0.5714285714285715,1.0,2.0,0.75,0.6,0.6666666666666665,1.0,4.0,1.0,1.0,1.0,0.0,5.0,1.0,0.6,0.7499999999999999,1.0,3.0,1.0,0.8,0.888888888888889,1.0,4.0,complete,
cm1,continuous,500,50,10.0,59,3799829836,0.6,0.6,0.6,1.0,5.0,1.0,0.4,0.5714285714285715,1.0,2.0,0.75,0.6,0.6666666666666665,1.0,4.0,1.0,0.8,0.888888888888889,1.0,4.0,1.0,0.8,0.888888888888889,1.0,4.0,1.0,0.8,0.888888888888889,1.0,4.0,complete,
cm1,continuous,500,50,10.0,60,2477730322,0.5,0.6,0.5454545454545454,1.0,6.0,1.0,0.6,0.7499999999999999,1.0,3.0,1.0,0.4,0.5714285714285715,1.0,2.0,1.0,0.8,0.888888888888889,1.0,4.0,1.0,0.6,0.7499999999999999,1.0,3.0,1.0,0.8,0.888888888888889,1.0,4.0,complete,
cm1,continuous,500,50,10.0,61,4160490333,0.75,0.6,0.6666666666666665,1.0,4.0,1.0,0.4,0.5714285714285715,1.0,2.0,1.0,0.6,0.7499999999999999,1.0,3.0,1.0,0.8,0.888888888888889,1.0,4.0,1.0,0.6,0.7499999999999999,1.0,3.0,1.0,0.8,0.888888888888889,1.0,4.0,complete,
cm1,continuous,500,50,10.0,62,1454242946,0.6,0.6,0.6,1.0,5.0,1.0,0.6,0.7499999999999999,1.0,3.0,1.0,0.6,0.7499999999999999,1.0,3.0,1.0,0.8,0.888888888888889,1.0,4.0,1.0,0.6,0.7499999999999999,1.0,3.0,1.0,0.8,0.888888888888889,1.0,4.0,complete,
cm1,continuous,500,50,10.0,63,23832221,0.5,0.6,0.5454545454545454,1.0,6.0,1.0,0.4,0.5714285714285715,1.0,2.0,1.0,0.6,0.7499999999999999,1.0,3.0,1.0,0.8,0.888888888888889,1.0,4.0,1.0,0.8,0.888888888888889,1.0,4.0,1.0,0.8,0.888888888888889,1.0,4.0,complete,
cm1,continuous,500,50,10.0,64,2366459063,0.75,0.6,0.6666666666666665,1.0,4.0,1.0,0.4,0.5714285714285715,1.0,2.0,1.0,0.6,0.7499999999999999,1.0,3.0,1.0,0.8,0.888888888888889,1.0,4.0,1.0,0.8,0.888888888888889,1.0,4.0,1.0,0.8,0.888888888888889,1.0,4.0,complete,
cm1,continuous,500,50,10.0,65,1181001542,0.5714285714285714,0.8,0.6666666666666666,1.0,7.0,1.0,0.4,0.5714285714285715,1.0,2.0,1.0,0.4,0.5714285714285715,1.0,2.0,1.0,1.0,1.0,0.0,5.0,1.0,0.2,0.33333333333333337,1.0,1.0,1.0,0.8,0.888888888888889,1.0,4.0,complete,
cm1,continuous,500,50,10.0,66,2201143432,0.6,0.6,0.6,1.0,5.0,1.0,0.4,0.5714285714285715,1.0,2.0,0.75,0.6,0.6666666666666665,1.0,4.0,1.0,1.0,1.0,0.0,5.0,1.0,0.4,0.5714285714285715,1.0,2.0,1.0,0.4,0.5714285714285715,1.0,2.0,complete,
cm1,continuous,500,50,10.0,67,3430843843,0.42857142857142855,0.6,0.5,1.0,7.0,1.0,0.4,0.5714285714285715,1.0,2.0,0.6,0.6,0.6,1.0,5.0,1.0,0.8,0.888888888888889,1.0,4.0,1.0,0.8,0.888888888888889,1.0,4.0,1.0,0.8,0.888888888888889,1.0,4.0,complete,
cm1,continuous,500,50,10.0,68,1210960210,1.0,0.6,0.7499999999999999,1.0,3.0,1.0,0.6,0.7499999999999999,1.0,3.0,1.0,0.6,0.7499999999999999,1.0,3.0,1.0,0.8,0.888888888888889,1.0,4.0,1.0,0.4,0.5714285714285715,1.0,2.0,1.0,0.8,0.888888888888889,1.0,4.0,complete,
cm1,continuous,500,50,10.0,69,3937960429,0.6,0.6,0.6,1.0,5.0,1.0,0.6,0.7499999999999999,1.0,3.0,1.0,0.6,0.7499999999999999,1.0,3.0,1.0,1.0,1.0,0.0,5.0,1.0,0.2,0.33333333333333337,1.0,1.0,1.0,0.8,0.888888888888889,1.0,4.0,complete,
cm1,continuous,500,50,10.0,70,655939723,0.6,0.6,0.6,1.0,5.0,1.0,0.4,0.5714285714285715,1.0,2.0,0.75,0.6,0.6666666666666665,1.0,4.0,1.0,1.0,1.0,0.0,5.0,1.0,0.4,0.5714285714285715,1.0,2.0,1.0,1.0,1.0,0.0,5.0,complete,
cm1,continuous,500,50,10.0,71,1808727724,0.42857142857142855,0.6,0.5,1.0,7.0,1.0,0.4,0.5714285714285715,1.0,2.0,0.6666666666666666,0.4,0.5,1.0,3.0,1.0,0.8,0.888888888888889,1.0,4.0,1.0,0.6,0.7499999999999999,1.0,3.0,1.0,0.8,0.888888888888889,1.0,4.0,complete,
cm1,continuous,500,50,10.0,72,528050090,0.6,0.6,0.6,1.0,5.0,1.0,0.6,0.7499999999999999,1.0,3.0,1.0,0.6,0.7499999999999999,1.0,3.0,1.0,0.8,0.888888888888889,1.0,4.0,1.0,0.6,0.7499999999999999,1.0,3.0,1.0,0.8,0.888888888888889,1.0,4.0,complete,
cm1,continuous,500,50,10.0,73,946599958,0.8333333333333334,1.0,0.9090909090909091,0.0,6.0,1.0,0.6,0.7499999999999999,1.0,3.0,1.0,0.6,0.7499999999999999,1.0,3.0,1.0,0.8,0.888888888888889,1.0,4.0,1.0,0.6,0.7499999999999999,1.0,3.0,1.0,0.8,0.888888888888889,1.0,4.0,complete,
cm1,continuous,500,50,10.0,74,3702877665,0.42857142857142855,0.6,0.5,1.0,7.0,1.0,0.4,0.5714285714285715,1.0,2.0,0.5,0.6,0.5454545454545454,1.0,6.0,1.0,0.8,0.888888888888889,1.0,4.0,1.0,0.6,0.7499999999999999,1.0,3.0,1.0,0.8,0.888888888888889,1.0,4.0,complete,
cm1,continuous,500,50,10.0,75,1380692193,0.6666666666666666,0.8,0.7272727272727272,1.0,6.0,1.0,0.4,0.5714285714285715,1.0,2.0,1.0,0.6,0.7499999999999999,1.0,3.0,1.0,1.0,1.0,0.0,5.0,1.0,0.8,0.888888888888889,1.0,4.0,1.0,0.8,0.888888888888889,1.0,4.0,complete,
cm1,continuous,500,50,10.0,76,45156267,0.6,0.6,0.6,1.0,5.0,1.0,0.6,0.7499999999999999,1.0,3.0,1.0,0.6,0.7499999999999999,1.0,3.0,1.0,1.0,1.0,0.0,5.0,1.0,0.4,0.5714285714285715,1.0,2.0,1.0,0.8,0.888888888888889,1.0,4.0,complete,
cm1,continuous,500,50,10.0,77,2695956455,0.42857142857142855,0.6,0.5,1.0,7.0,1.0,0.6,0.7499999999999999,1.0,3.0,1.0,0.6,0.7499999999999999,1.0,3.0,1.0,1.0,1.0,0.0,5.0,1.0,0.8,0.888888888888889,1.0,4.0,1.0,1.0,1.0,0.0,5.0,complete,
cm1,continuous,500,50,10.0,78,2990958019,0.6,0.6,0.6,1.0,5.0,1.0,0.6,0.7499999999999999,1.0,3.0,1.0,0.6,0.7499999999999999,1.0,3.0,1.0,0.8,0.888888888888889,1.0,4.0,1.0,0.4,0.5714285714285715,1.0,2.0,1.0,0.8,0.888888888888889,1.0,4.0,complete,
cm1,continuous,500,50,10.0,79,1941719615,0.5714285714285714,0.8,0.6666666666666666,1.0,7.0,1.0,0.4,0.5714285714285715,1.0,2.0,0.6666666666666666,0.4,0.5,1.0,3.0,0.8,0.8,0.8000000000000002,1.0,5.0,1.0,0.4,0.5714285714285715,1.0,2.0,1.0,0.8,0.888888888888889,1.0,4.0,complete,
cm1,continuous,500,50,10.0,80,3882058874,0.42857142857142855,0.6,0.5,1.0,7.0,1.0,0.4,0.5714285714285715,1.0,2.0,1.0,0.6,0.7499999999999999,1.0,3.0,1.0,1.0,1.0,0.0,5.0,1.0,0.8,0.888888888888889,1.0,4.0,1.0,0.8,0.888888888888889,1.0,4.0,complete,
cm1,continuous,500,50,10.0,81,2027239918,0.3333333333333333,0.4,0.3636363636363636,1.0,6.0,1.0,0.4,0.5714285714285715,1.0,2.0,0.6666666666666666,0.4,0.5,1.0,3.0,1.0,1.0,1.0,0.0,5.0,1.0,0.6,0.7499999999999999,1.0,3.0,1.0,0.8,0.888888888888889,1.0,4.0,complete,
cm1,continuous,500,50,10.0,82,1978082563,1.0,0.6,0.7499999999999999,1.0,3.0,1.0,0.6,0.7499999999999999,1.0,3.0,1.0,0.6,0.7499999999999999,1.0,3.0,1.0,1.0,1.0,0.0,5.0,1.0,0.8,0.888888888888889,1.0,4.0,1.0,0.8,0.888888888888889,1.0,4.0,complete,
cm1,continuous,500,50,10.0,83,1067782252,0.8,0.8,0.8000000000000002,1.0,5.0,1.0,0.4,0.5714285714285715,1.0,2.0,0.8,0.8,0.8000000000000002,1.0,5.0,1.0,1.0,1.0,0.0,5.0,1.0,0.2,0.33333333333333337,1.0,1.0,1.0,1.0,1.0,0.0,5.0,complete,
cm1,continuous,500,50,10.0,84,1622533742,0.75,0.6,0.6666666666666665,1.0,4.0,1.0,0.4,0.5714285714285715,1.0,2.0,1.0,0.4,0.5714285714285715,1.0,2.0,1.0,0.8,0.888888888888889,1.0,4.0,1.0,0.4,0.5714285714285715,1.0,2.0,1.0,0.8,0.888888888888889,1.0,4.0,complete,
cm1,continuous,500,50,10.0,85,790408034,0.6,0.6,0.6,1.0,5.0,1.0,0.4,0.5714285714285715,1.0,2.0,0.75,0.6,0.6666666666666665,1.0,4.0,1.0,0.8,0.888888888888889,1.0,4.0,1.0,0.6,0.7499999999999999,1.0,3.0,1.0,0.8,0.888888888888889,1.0,4.0,complete,
cm1,continuous,500,50,10.0,86,52485507,0.5,0.8,0.6153846153846154,1.0,8.0,0.6666666666666666,0.4,0.5,1.0,3.0,0.75,0.6,0.6666666666666665,1.0,4.0,1.0,0.8,0.888888888888889,1.0,4.0,1.0,0.4,0.5714285714285715,1.0,2.0,1.0,0.6,0.7499999999999999,1.0,3.0,complete,
cm1,continuous,500,50,10.0,87,3830139456,0.6,0.6,0.6,1.0,5.0,1.0,0.4,0.5714285714285715,1.0,2.0,0.75,0.6,0.6666666666666665,1.0,4.0,1.0,0.8,0.888888888888889,1.0,4.0,1.0,0.6,0.7499999999999999,1.0,3.0,1.0,0.8,0.888888888888889,1.0,4.0,complete,
cm1,continuous,500,50,10.0,88,444394418,0.6666666666666666,0.8,0.7272727272727272,1.0,6.0,1.0,0.4,0.5714285714285715,1.0,2.0,1.0,0.6,0.7499999999999999,1.0,3.0,1.0,0.8,0.888888888888889,1.0,4.0,1.0,0.4,0.5714285714285715,1.0,2.0,1.0,0.8,0.888888888888889,1.0,4.0,complete,
cm1,continuous,500,50,10.0,89,2136803896,0.375,0.6,0.4615384615384615,1.0,8.0,1.0,0.4,0.5714285714285715,1.0,2.0,0.6666666666666666,0.4,0.5,1.0,3.0,1.0,0.8,0.888888888888889,1.0,4.0,1.0,0.8,0.888888888888889,1.0,4.0,1.0,0.8,0.888888888888889,1.0,4.0,complete,
cm1,continuous,500,50,10.0,90,3817473643,0.6,0.6,0.6,1.0,5.0,1.0,0.6,0.7499999999999999,1.0,3.0,0.75,0.6,0.6666666666666665,1.0,4.0,1.0,0.8,0.888888888888889,1.0,4.0,1.0,0.8,0.888888888888889,1.0,4.0,1.0,0.8,0.888888888888889,1.0,4.0,complete,
cm1,continuous,500,50,10.0,91,2031438372,0.75,0.6,0.6666666666666665,1.0,4.0,1.0,0.4,0.5714285714285715,1.0,2.0,1.0,0.6,0.7499999999999999,1.0,3.0,1.0,0.8,0.888888888888889,1.0,4.0,1.0,0.8,0.888888888888889,1.0,4.0,1.0,0.8,0.888888888888889,1.0,4.0,complete,
cm1,continuous,500,50,10.0,92,460169247,0.5,0.6,0.5454545454545454,1.0,6.0,1.0,0.4,0.5714285714285715,1.0,2.0,1.0,0.4,0.5714285714285715,1.0,2.0,1.0,0.8,0.888888888888889,1.0,4.0,1.0,0.2,0.33333333333333337,1.0,1.0,1.0,0.6,0.7499999999999999,1.0,3.0,complete,
cm1,continuous,500,50,10.0,93,176594269,0.5,0.6,0.5454545454545454,1.0,6.0,1.0,0.4,0.5714285714285715,1.0,2.0,0.75,0.6,0.6666666666666665,1.0,4.0,1.0,0.8,0.888888888888889,1.0,4.0,1.0,0.6,0.7499999999999999,1.0,3.0,1.0,0.8,0.888888888888889,1.0,4.0,complete,
cm1,continuous,500,50,10.0,94,3993217780,1.0,0.6,0.7499999999999999,1.0,3.0,1.0,0.6,0.7499999999999999,1.0,3.0,1.0,0.6,0.7499999999999999,1.0,3.0,1.0,1.0,1.0,0.0,5.0,1.0,0.6,0.7499999999999999,1.0,3.0,1.0,0.8,0.888888888888889,1.0,4.0,complete,
cm1,continuous,500,50,10.0,95,2938465871,0.8333333333333334,1.0,0.9090909090909091,0.0,6.0,1.0,0.4,0.5714285714285715,1.0,2.0,1.0,0.6,0.7499999999999999,1.0,3.0,1.0,0.8,0.888888888888889,1.0,4.0,1.0,0.6,0.7499999999999999,1.0,3.0,1.0,0.6,0.7499999999999999,1.0,3.0,complete,
cm1,continuous,500,50,10.0,96,1526851913,0.6666666666666666,0.8,0.7272727272727272,1.0,6.0,1.0,0.4,0.5714285714285715,1.0,2.0,1.0,0.6,0.7499999999999999,1.0,3.0,1.0,0.8,0.888888888888889,1.0,4.0,1.0,0.8,0.888888888888889,1.0,4.0,1.0,0.8,0.888888888888889,1.0,4.0,complete,
cm1,continuous,500,50,10.0,97,2410246920,1.0,0.8,0.888888888888889,1.0,4.0,1.0,0.6,0.7499999999999999,1.0,3.0,1.0,0.6,0.7499999999999999,1.0,3.0,1.0,0.8,0.888888888888889,1.0,4.0,1.0,0.8,0.888888888888889,1.0,4.0,1.0,0.8,0.888888888888889,1.0,4.0,complete,
cm1,continuous,500,50,10.0,98,3191951587,0.5714285714285714,0.8,0.6666666666666666,1.0,7.0,1.0,0.4,0.5714285714285715,1.0,2.0,1.0,0.8,0.888888888888889,1.0,4.0,1.0,0.8,0.888888888888889,1.0,4.0,1.0,0.8,0.888888888888889,1.0,4.0,1.0,0.8,0.888888888888889,1.0,4.0,complete,
cm1,continuous,500,50,10.0,99,289397405,0.5,0.6,0.5454545454545454,1.0,6.0,1.0,0.4,0.5714285714285715,1.0,2.0,0.75,0.6,0.6666666666666665,1.0,4.0,1.0,0.8,0.888888888888889,1.0,4.0,1.0,0.6,0.7499999999999999,1.0,3.0,1.0,0.8,0.888888888888889,1.0,4.0,complete,
cm1,continuous,500,200,1.0,0,1940681881,0.1111111111111111,0.6,0.18750000000000003,1.0,27.0,0.0,0.0,0.0,1.0,0.0,0.3333333333333333,0.4,0.3636363636363636,1.0,6.0,0.35714285714285715,1.0,0.5263157894736842,0.0,14.0,1.0,0.6,0.7499999999999999,1.0,3.0,0.625,1.0,0.7692307692307693,0.0,8.0,complete,
cm1,continuous,500,200,1.0,1,661718148,0.09090909090909091,0.4,0.14814814814814814,1.0,22.0,0.0,0.0,0.0,1.0,0.0,0.25,0.4,0.3076923076923077,1.0,8.0,0.36363636363636365,0.8,0.5000000000000001,1.0,11.0,1.0,0.6,0.7499999999999999,1.0,3.0,0.5714285714285714,0.8,0.6666666666666666,1.0,7.0,complete,
cm1,continuous,500,200,1.0,2,1189466317,0.125,0.6,0.20689655172413793,1.0,24.0,0.0,0.0,0.0,1.0,0.0,0.5,0.6,0.5454545454545454,1.0,6.0,0.4166666666666667,1.0,0.5882352941176471,0.0,12.0,1.0,0.2,0.33333333333333337,1.0,1.0,0.5,1.0,0.6666666666666666,0.0,10.0,complete,
cm1,continuous,500,200,1.0,3,2519048293,0.1111111111111111,0.4,0.1739130434782609,1.0,18.0,0.0,0.0,0.0,1.0,0.0,0.3333333333333333,0.2,0.25,1.0,3.0,0.36363636363636365,0.8,0.5000000000000001,1.0,11.0,1.0,0.6,0.7499999999999999,1.0,3.0,0.8,0.8,0.8000000000000002,1.0,5.0,complete,
cm1,continuous,500,200,1.0,4,477762795,0.11538461538461539,0.6,0.1935483870967742,1.0,26.0,0.0,0.0,0.0,1.0,0.0,0.2,0.4,0.26666666666666666,1.0,10.0,0.2,0.8,0.32000000000000006,1.0,20.0,1.0,0.4,0.5714285714285715,1.0,2.0,0.3076923076923077,0.8,0.4444444444444444,1.0,13.0,complete,
cm1,continuous,500,200,1.0,5,81417424,0.16666666666666666,0.8,0.27586206896551724,1.0,24.0,0.0,0.0,0.0,1.0,1.0,0.375,0.6,0.4615384615384615,1.0,8.0,0.4166666666666667,1.0,0.5882352941176471,0.0,12.0,1.0,0.6,0.7499999999999999,1.0,3.0,0.8333333333333334,1.0,0.9090909090909091,0.0,6.0,complete,
cm1,continuous,500,200,1.0,6,2261477242,0.09523809523809523,0.4,0.15384615384615385,1.0,21.0,0.0,0.0,0.0,1.0,0.0,0.2857142857142857,0.4,0.3333333333333333,1.0,7.0,0.4,0.8,0.5333333333333333,1.0,10.0,1.0,0.6,0.7499999999999999,1.0,3.0,0.8,0.8,0.8000000000000002,1.0,5.0,complete,
cm1,continuous,500,200,1.0,7,2901718558,0.15384615384615385,0.8,0.25806451612903225,1.0,26.0,0.0,0.0,0.0,1.0,0.0,0.3333333333333333,0.4,0.3636363636363636,1.0,6.0,0.3076923076923077,0.8,0.4444444444444444,1.0,13.0,1.0,0.6,0.7499999999999999,1.0,3.0,0.5,0.8,0.6153846153846154,1.0,8.0,complete,
cm1,continuous,500,200,1.0,8,1135306261,0.09090909090909091,0.4,0.14814814814814814,1.0,22.0,0.0,0.0,0.0,1.0,0.0,0.125,0.2,0.15384615384615385,1.0,8.0,0.4166666666666667,1.0,0.5882352941176471,0.0,12.0,1.0,0.8,0.888888888888889,1.0,4.0,0.8,0.8,0.8000000000000002,1.0,5.0,complete,
cm1,continuous,500,200,1.0,9,3902569991,0.15,0.6,0.24,1.0,20.0,0.0,0.0,0.0,1.0,0.0,0.375,0.6,0.4615384615384615,1.0,8.0,0.5,0.8,0.6153846153846154,1.0,8.0,1.0,0.6,0.7499999999999999,1.0,3.0,0.6666666666666666,0.8,0.7272727272727272,1.0,6.0,complete,
cm1,continuous,500,200,1.0,10,3263500033,0.14285714285714285,0.6,0.23076923076923073,1.0,21.0,1.0,0.2,0.33333333333333337,1.0,1.0,0.3333333333333333,0.6,0.42857142857142855,1.0,9.0,0.3125,1.0,0.47619047619047616,0.0,16.0,1.0,0.6,0.7499999999999999,1.0,3.0,0.7142857142857143,1.0,0.8333333333333333,0.0,7.0,complete,
cm1,continuous,500,200,1.0,11,3120017044,0.12,0.6,0.19999999999999998,1.0,25.0,0.0,0.0,0.0,1.0,0.0,0.2857142857142857,0.4,0.3333333333333333,1.0,7.0,0.3333333333333333,1.0,0.5,0.0,15.0,1.0,0.8,0.888888888888889,1.0,4.0,0.4,0.8,0.5333333333333333,1.0,10.0,complete,
cm1,continuous,500,200,1.0,12,2934422731,0.12,0.6,0.19999999999999998,1.0,25.0,0.0,0.0,0.0,1.0,0.0,0.3,0.6,0.4,1.0,10.0,0.38461538461538464,1.0,0.5555555555555556,0.0,13.0,1.0,0.8,0.888888888888889,1.0,4.0,0.5555555555555556,1.0,0.7142857142857143,0.0,9.0,complete,
cm1,continuous,500,200,1.0,13,2848141654,0.15384615384615385,0.8,0.25806451612903225,1.0,26.0,0.0,0.0,0.0,1.0,0.0,0.42857142857142855,0.6,0.5,1.0,7.0,0.36363636363636365,0.8,0.5000000000000001,1.0,11.0,1.0,0.6,0.7499999999999999,1.0,3.0,0.5,0.8,0.6153846153846154,1.0,8.0,complete,
cm1,continuous,500,200,1.0,14,2891210574,0.13636363636363635,0.6,0.22222222222222218,1.0,22.0,0.0,0.0,0.0,1.0,1.0,0.2727272727272727,0.6,0.37499999999999994,1.0,11.0,0.35714285714285715,1.0,0.5263157894736842,0.0,14.0,1.0,0.6,0.7499999999999999,1.0,3.0,0.45454545454545453,1.0,0.625,0.0,11.0,complete,
cm1,continuous,500,200,1.0,15,2153748064,0.14285714285714285,0.6,0.23076923076923073,1.0,21.0,0.0,0.0,0.0,1.0,0.0,0.3333333333333333,0.6,0.42857142857142855,1.0,9.0,0.4166666666666667,1.0,0.5882352941176471,0.0,12.0,1.0,0.6,0.7499999999999999,1.0,3.0,0.45454545454545453,1.0,0.625,0.0,11.0,complete,
cm1,continuous,500,200,1.0,16,1895967148,0.12,0.6,0.19999999999999998,1.0,25.0,0.0,0.0,0.0,1.0,0.0,0.2857142857142857,0.4,0.3333333333333333,1.0,7.0,0.3333333333333333,0.8,0.47058823529411764,1.0,12.0,1.0,0.6,0.7499999999999999,1.0,3.0,0.5714285714285714,0.8,0.6666666666666666,1.0,7.0,complete,
cm1,continuous,500,200,1.0,17,1232224547,0.11538461538461539,0.6,0.1935483870967742,1.0,26.0,0.0,0.0,0.0,1.0,0.0,0.3333333333333333,0.6,0.42857142857142855,1.0,9.0,0.45454545454545453,1.0,0.625,0.0,11.0,1.0,0.8,0.888888888888889,1.0,4.0,0.625,1.0,0.7692307692307693,0.0,8.0,complete,
cm1,continuous,500,200,1.0,18,2901873517,0.07692307692307693,0.4,0.12903225806451613,1.0,26.0,0.0,0.0,0.0,1.0,0.0,0.25,0.2,0.22222222222222224,1.0,4.0,0.3333333333333333,1.0,0.5,0.0,15.0,1.0,0.4,0.5714285714285715,1.0,2.0,0.4,0.8,0.5333333333333333,1.0,10.0,complete,
cm1,continuous,500,200,1.0,19,4012852603,0.1111111111111111,0.6,0.18750000000000003,1.0,27.0,0.0,0.0,0.0,1.0,0.0,0.3333333333333333,0.4,0.3636363636363636,1.0,6.0,0.5,1.0,0.6666666666666666,0.0,10.0,1.0,0.6,0.7499999999999999,1.0,3.0,0.7142857142857143,1.0,0.8333333333333333,0.0,7.0,complete,
cm1,continuous,500,200,1.0,20,905460840,0.08333333333333333,0.4,0.13793103448275862,1.0,24.0,0.0,0.0,0.0,1.0,0.0,0.25,0.4,0.3076923076923077,1.0,8.0,0.38461538461538464,1.0,0.5555555555555556,0.0,13.0,1.0,0.6,0.7499999999999999,1.0,3.0,0.5,0.8,0.6153846153846154,1.0,8.0,complete,
cm1,continuous,500,200,1.0,21,3562233199,0.19047619047619047,0.8,0.3076923076923077,1.0,21.0,0.0,0.0,0.0,1.0,0.0,0.42857142857142855,0.6,0.5,1.0,7.0,0.5,1.0,0.6666666666666666,0.0,10.0,1.0,0.6,0.7499999999999999,1.0,3.0,0.625,1.0,0.7692307692307693,0.0,8.0,complete,
cm1,continuous,500,200,1.0,22,2640741576,0.15789473684210525,0.6,0.25,1.0,19.0,0.0,0.0,0.0,1.0,0.0,0.3333333333333333,0.4,0.3636363636363636,1.0,6.0,0.35714285714285715,1.0,0.5263157894736842,0.0,14.0,1.0,0.6,0.7499999999999999,1.0,3.0,0.625,1.0,0.7692307692307693,0.0,8.0,complete,
cm1,continuous,500,200,1.0,23,4046739558,0.16,0.8,0.26666666666666666,1.0,25.0,0.0,0.0,0.0,1.0,0.0,0.4,0.4,0.4000000000000001,1.0,5.0,0.36363636363636365,0.8,0.5000000000000001,1.0,11.0,1.0,0.6,0.7499999999999999,1.0,3.0,1.0,0.8,0.888888888888889,1.0,4.0,complete,
cm1,continuous,500,200,1.0,24,181622081,0.1111111111111111,0.6,0.18750000000000003,1.0,27.0,0.0,0.0,0.0,1.0,0.0,0.1875,0.6,0.2857142857142857,1.0,16.0,0.25,1.0,0.4,0.0,20.0,1.0,0.6,0.7499999999999999,1.0,3.0,0.6666666666666666,0.8,0.7272727272727272,1.0,6.0,complete,
cm1,continuous,500,200,1.0,25,291308949,0.17391304347826086,0.8,0.2857142857142857,1.0,23.0,0.0,0.0,0.0,1.0,0.0,0.375,0.6,0.4615384615384615,1.0,8.0,0.7142857142857143,1.0,0.8333333333333333,0.0,7.0,1.0,0.6,0.7499999999999999,1.0,3.0,1.0,1.0,1.0,0.0,5.0,complete,
cm1,continuous,500,200,1.0,26,4125754233,0.16666666666666666,0.8,0.27586206896551724,1.0,24.0,0.0,0.0,0.0,1.0,0.0,0.3333333333333333,0.4,0.3636363636363636,1.0,6.0,0.38461538461538464,1.0,0.5555555555555556,0.0,13.0,1.0,0.8,0.888888888888889,1.0,4.0,0.7142857142857143,1.0,0.8333333333333333,0.0,7.0,complete,
cm1,continuous,500,200,1.0,27,840486529,0.1111111111111111,0.4,0.1739130434782609,1.0,18.0,0.0,0.0,0.0,1.0,0.0,0.3333333333333333,0.4,0.3636363636363636,1.0,6.0,0.23529411764705882,0.8,0.3636363636363636,1.0,17.0,1.0,0.8,0.888888888888889,1.0,4.0,0.36363636363636365,0.8,0.5000000000000001,1.0,11.0,complete,
cm1,continuous,500,200,1.0,28,2271147708,0.2,1.0,0.33333333333333337,0.0,25.0,0.0,0.0,0.0,1.0,0.0,0.4,0.8,0.5333333333333333,1.0,10.0,0.38461538461538464,1.0,0.5555555555555556,0.0,13.0,1.0,0.8,0.888888888888889,1.0,4.0,0.5,1.0,0.6666666666666666,0.0,10.0,complete,
cm1,continuous,500,200,1.0,29,1763493297,0.125,0.6,0.20689655172413793,1.0,24.0,0.0,0.0,0.0,1.0,0.0,0.4,0.4,0.4000000000000001,1.0,5.0,0.4444444444444444,0.8,0.5714285714285714,1.0,9.0,1.0,0.6,0.7499999999999999,1.0,3.0,0.5714285714285714,0.8,0.6666666666666666,1.0,7.0,complete,
cm1,continuous,500,200,1.0,30,3289440950,0.12,0.6,0.19999999999999998,1.0,25.0,0.0,0.0,0.0,1.0,0.0,0.375,0.6,0.4615384615384615,1.0,8.0,0.45454545454545453,1.0,0.625,0.0,11.0,1.0,0.8,0.888888888888889,1.0,4.0,0.7142857142857143,1.0,0.8333333333333333,0.0,7.0,complete,
cm1,continuous,500,200,1.0,31,4065690246,0.19047619047619047,0.8,0.3076923076923077,1.0,21.0,0.0,0.0,0.0,1.0,0.0,0.75,0.6,0.6666666666666665,1.0,4.0,0.3333333333333333,1.0,0.5,0.0,15.0,1.0,0.8,0.888888888888889,1.0,4.0,0.5555555555555556,1.0,0.7142857142857143,0.0,9.0,complete,
cm1,continuous,500,200,1.0,32,1017097541,0.125,0.6,0.20689655172413793,1.0,24.0,1.0,0.2,0.33333333333333337,1.0,1.0,0.5,0.6,0.5454545454545454,1.0,6.0,0.625,1.0,0.7692307692307693,0.0,8.0,1.0,0.8,0.888888888888889,1.0,4.0,0.7142857142857143,1.0,0.8333333333333333,0.0,7.0,complete,
cm1,continuous,500,200,1.0,33,1690287823,0.14285714285714285,0.6,0.23076923076923073,1.0,21.0,0.0,0.0,0.0,1.0,0.0,0.16666666666666666,0.4,0.23529411764705882,1.0,12.0,0.3333333333333333,0.8,0.47058823529411764,1.0,12.0,1.0,0.8,0.888888888888889,1.0,4.0,0.5,0.8,0.6153846153846154,1.0,8.0,complete,
cm1,continuous,500,200,1.0,34,2007080233,0.12903225806451613,0.8,0.2222222222222222,1.0,31.0,0.0,0.0,0.0,1.0,0.0,0.375,0.6,0.4615384615384615,1.0,8.0,0.4,0.8,0.5333333333333333,1.0,10.0,1.0,0.8,0.888888888888889,1.0,4.0,0.5714285714285714,0.8,0.6666666666666666,1.0,7.0,complete,
cm1,continuous,500,200,1.0,35,1018893158,0.13043478260869565,0.6,0.21428571428571427,1.0,23.0,0.0,0.0,0.0,1.0,0.0,0.2727272727272727,0.6,0.37499999999999994,1.0,11.0,0.35714285714285715,1.0,0.5263157894736842,0.0,14.0,1.0,0.4,0.5714285714285715,1.0,2.0,0.38461538461538464,1.0,0.5555555555555556,0.0,13.0,complete,
cm1,continuous,500,200,1.0,36,3249569747,0.17391304347826086,0.8,0.2857142857142857,1.0,23.0,0.0,0.0,0.0,1.0,0.0,0.4,0.4,0.4000000000000001,1.0,5.0,0.3333333333333333,1.0,0.5,0.0,15.0,1.0,0.6,0.7499999999999999,1.0,3.0,0.5,0.8,0.6153846153846154,1.0,8.0,complete,
cm1,continuous,500,200,1.0,37,2754001440,0.13636363636363635,0.6,0.22222222222222218,1.0,22.0,0.0,0.0,0.0,1.0,0.0,0.42857142857142855,0.6,0.5,1.0,7.0,0.3125,1.0,0.47619047619047616,0.0,16.0,1.0,0.8,0.888888888888889,1.0,4.0,0.5,1.0,0.6666666666666666,0.0,10.0,complete,
cm1,continuous,500,200,1.0,38,2089511543,0.10344827586206896,0.6,0.17647058823529413,1.0,29.0,0.0,0.0,0.0,1.0,0.0,0.5,0.4,0.4444444444444445,1.0,4.0,0.3125,1.0,0.47619047619047616,0.0,16.0,1.0,0.8,0.888888888888889,1.0,4.0,0.5555555555555556,1.0,0.7142857142857143,0.0,9.0,complete,
cm1,continuous,500,200,1.0,39,1312053397,0.13793103448275862,0.8,0.2352941176470588,1.0,29.0,0.0,0.0,0.0,1.0,0.0,0.36363636363636365,0.8,0.5000000000000001,1.0,11.0,0.5,1.0,0.6666666666666666,0.0,10.0,1.0,0.4,0.5714285714285715,1.0,2.0,0.7142857142857143,1.0,0.8333333333333333,0.0,7.0,complete,
cm1,continuous,500,200,1.0,40,3807325817,0.19047619047619047,0.8,0.3076923076923077,1.0,21.0,0.0,0.0,0.0,1.0,0.0,0.4,0.8,0.5333333333333333,1.0,10.0,0.5555555555555556,1.0,0.7142857142857143,0.0,9.0,1.0,0.6,0.7499999999999999,1.0,3.0,0.6666666666666666,0.8,0.7272727272727272,1.0,6.0,complete,
cm1,continuous,500,200,1.0,41,776880984,0.08333333333333333,0.4,0.13793103448275862,1.0,24.0,0.0,0.0,0.0,1.0,0.0,0.2,0.4,0.26666666666666666,1.0,10.0,0.4,0.8,0.5333333333333333,1.0,10.0,1.0,0.6,0.7499999999999999,1.0,3.0,0.5,0.8,0.6153846153846154,1.0,8.0,complete,
cm1,continuous,500,200,1.0,42,3187754366,0.16666666666666666,0.6,0.2608695652173913,1.0,18.0,1.0,0.2,0.33333333333333337,1.0,1.0,0.375,0.6,0.4615384615384615,1.0,8.0,0.45454545454545453,1.0,0.625,0.0,11.0,1.0,0.6,0.7499999999999999,1.0,3.0,0.625,1.0,0.7692307692307693,0.0,8.0,complete,
cm1,continuous,500,200,1.0,43,3663588701,0.14285714285714285,0.6,0.23076923076923073,1.0,21.0,0.0,0.0,0.0,1.0,0.0,0.375,0.6,0.4615384615384615,1.0,8.0,0.45454545454545453,1.0,0.625,0.0,11.0,1.0,0.6,0.7499999999999999,1.0,3.0,0.5555555555555556,1.0,0.7142857142857143,0.0,9.0,complete,
cm1,continuous,500,200,1.0,44,650892422,0.2,0.8,0.32000000000000006,1.0,20.0,0.0,0.0,0.0,1.0,1.0,0.18181818181818182,0.4,0.25000000000000006,1.0,11.0,0.3333333333333333,1.0,0.5,0.0,15.0,1.0,0.4,0.5714285714285715,1.0,2.0,0.5555555555555556,1.0,0.7142857142857143,0.0,9.0,complete,
cm1,continuous,500,200,1.0,45,1877161987,0.21052631578947367,0.8,0.3333333333333333,1.0,19.0,0.0,0.0,0.0,1.0,0.0,0.5,0.4,0.4444444444444445,1.0,4.0,0.4166666666666667,1.0,0.5882352941176471,0.0,12.0,1.0,0.8,0.888888888888889,1.0,4.0,0.6666666666666666,0.8,0.7272727272727272,1.0,6.0,complete,
cm1,continuous,500,200,1.0,46,810909483,0.19047619047619047,0.8,0.3076923076923077,1.0,21.0,0.0,0.0,0.0,1.0,0.0,0.6666666666666666,0.8,0.7272727272727272,1.0,6.0,0.5,1.0,0.6666666666666666,0.0,10.0,1.0,0.6,0.7499999999999999,1.0,3.0,0.7142857142857143,1.0,0.8333333333333333,0.0,7.0,complete,
cm1,continuous,500,200,1.0,47,2524250484,0.125,0.6,0.20689655172413793,1.0,24.0,0.0,0.0,0.0,1.0,0.0,0.3333333333333333,0.4,0.3636363636363636,1.0,6.0,0.3076923076923077,0.8,0.4444444444444444,1.0,13.0,1.0,0.6,0.7499999999999999,1.0,3.0,0.4444444444444444,0.8,0.5714285714285714,1.0,9.0,complete,
cm1,continuous,500,200,1.0,48,1634844417,0.14814814814814814,0.8,0.25,1.0,27.0,0.0,0.0,0.0,1.0,0.0,0.5,0.6,0.5454545454545454,1.0,6.0,0.38461538461538464,1.0,0.5555555555555556,0.0,13.0,1.0,0.6,0.7499999999999999,1.0,3.0,0.625,1.0,0.7692307692307693,0.0,8.0,complete,
cm1,continuous,500,200,1.0,49,949907879,0.16666666666666666,0.8,0.27586206896551724,1.0,24.0,0.0,0.0,0.0,1.0,0.0,0.5714285714285714,0.8,0.6666666666666666,1.0,7.0,0.5,1.0,0.6666666666666666,0.0,10.0,1.0,0.8,0.888888888888889,1.0,4.0,0.625,1.0,0.7692307692307693,0.0,8.0,complete,
cm1,continuous,500,200,1.0,50,3803059159,0.12,0.6,0.19999999999999998,1.0,25.0,0.0,0.0,0.0,1.0,1.0,0.42857142857142855,0.6,0.5,1.0,7.0,0.35714285714285715,1.0,0.5263157894736842,0.0,14.0,1.0,0.6,0.7499999999999999,1.0,3.0,0.5555555555555556,1.0,0.7142857142857143,0.0,9.0,complete,
cm1,continuous,500,200,1.0,51,1883188058,0.1875,0.6,0.2857142857142857,1.0,16.0,0.0,0.0,0.0,1.0,0.0,0.4,0.4,0.4000000000000001,1.0,5.0,0.3076923076923077,0.8,0.4444444444444444,1.0,13.0,1.0,0.8,0.888888888888889,1.0,4.0,0.8,0.8,0.8000000000000002,1.0,5.0,complete,
cm1,continuous,500,200,1.0,52,3815166060,0.21052631578947367,0.8,0.3333333333333333,1.0,19.0,0.0,0.0,0.0,1.0,0.0,0.3333333333333333,0.4,0.3636363636363636,1.0,6.0,0.7142857142857143,1.0,0.8333333333333333,0.0,7.0,1.0,0.6,0.7499999999999999,1.0,3.0,0.6666666666666666,0.8,0.7272727272727272,1.0,6.0,complete,
cm1,continuous,500,200,1.0,53,2490796328,0.14285714285714285,0.4,0.21052631578947364,1.0,14.0,0.0,0.0,0.0,1.0,0.0,0.6666666666666666,0.4,0.5,1.0,3.0,0.38461538461538464,1.0,0.5555555555555556,0.0,13.0,1.0,0.6,0.7499999999999999,1.0,3.0,0.4,0.8,0.5333333333333333,1.0,10.0,complete,
cm1,continuous,500,200,1.0,54,4097504080,0.17647058823529413,0.6,0.2727272727272727,1.0,17.0,0.0,0.0,0.0,1.0,0.0,0.3333333333333333,0.6,0.42857142857142855,1.0,9.0,0.4166666666666667,1.0,0.5882352941176471,0.0,12.0,1.0,0.6,0.7499999999999999,1.0,3.0,0.4444444444444444,0.8,0.5714285714285714,1.0,9.0,complete,
cm1,continuous,500,200,1.0,55,1722031983,0.1,0.4,0.16000000000000003,1.0,20.0,0.0,0.0,0.0,1.0,0.0,0.2857142857142857,0.4,0.3333333333333333,1.0,7.0,0.38461538461538464,1.0,0.5555555555555556,0.0,13.0,1.0,0.8,0.888888888888889,1.0,4.0,0.5,0.8,0.6153846153846154,1.0,8.0,complete,
cm1,continuous,500,200,1.0,56,1233195453,0.1,0.6,0.17142857142857143,1.0,30.0,0.0,0.0,0.0,1.0,0.0,0.2727272727272727,0.6,0.37499999999999994,1.0,11.0,0.3125,1.0,0.47619047619047616,0.0,16.0,1.0,0.6,0.7499999999999999,1.0,3.0,0.45454545454545453,1.0,0.625,0.0,11.0,complete,
cm1,continuous,500,200,1.0,57,1647340888,0.07692307692307693,0.4,0.12903225806451613,1.0,26.0,0.0,0.0,0.0,1.0,0.0,0.2222222222222222,0.4,0.2857142857142857,1.0,9.0,0.3333333333333333,1.0,0.5,0.0,15.0,1.0,0.6,0.7499999999999999,1.0,3.0,0.45454545454545453,1.0,0.625,0.0,11.0,complete,
cm1,continuous,500,200,1.0,58,2095249355,0.21052631578947367,0.8,0.3333333333333333,1.0,19.0,0.0,0.0,0.0,1.0,0.0,0.3,0.6,0.4,1.0,10.0,0.4166666666666667,1.0,0.5882352941176471,0.0,12.0,1.0,0.6,0.7499999999999999,1.0,3.0,0.5,1.0,0.6666666666666666,0.0,10.0,complete,
cm1,continuous,500,200,1.0,59,2794085871,0.12,0.6,0.19999999999999998,1.0,25.0,0.0,0.0,0.0,1.0,0.0,0.3333333333333333,0.6,0.42857142857142855,1.0,9.0,0.29411764705882354,1.0,0.45454545454545453,0.0,17.0,1.0,0.6,0.7499999999999999,1.0,3.0,0.7142857142857143,1.0,0.8333333333333333,0.0,7.0,complete,
cm1,continuous,500,200,1.0,60,1141789789,0.13043478260869565,0.6,0.21428571428571427,1.0,23.0,0.0,0.0,0.0,1.0,0.0,0.3,0.6,0.4,1.0,10.0,0.29411764705882354,1.0,0.45454545454545453,0.0,17.0,1.0,0.6,0.7499999999999999,1.0,3.0,0.38461538461538464,1.0,0.5555555555555556,0.0,13.0,complete,
cm1,continuous,500,200,1.0,61,4212387221,0.17647058823529413,0.6,0.2727272727272727,1.0,17.0,0.0,0.0,0.0,1.0,0.0,0.3333333333333333,0.6,0.42857142857142855,1.0,9.0,0.5555555555555556,1.0,0.7142857142857143,0.0,9.0,1.0,0.6,0.7499999999999999,1.0,3.0,0.8333333333333334,1.0,0.9090909090909091,0.0,6.0,complete,
cm1,continuous,500,200,1.0,62,995049198,0.14814814814814814,0.8,0.25,1.0,27.0,0.0,0.0,0.0,1.0,0.0,0.42857142857142855,0.6,0.5,1.0,7.0,0.36363636363636365,0.8,0.5000000000000001,1.0,11.0,1.0,0.8,0.888888888888889,1.0,4.0,0.5714285714285714,0.8,0.6666666666666666,1.0,7.0,complete,
cm1,continuous,500,200,1.0,63,2230828193,0.08333333333333333,0.4,0.13793103448275862,1.0,24.0,0.0,0.0,0.0,1.0,0.0,0.4,0.4,0.4000000000000001,1.0,5.0,0.4444444444444444,0.8,0.5714285714285714,1.0,9.0,1.0,0.6,0.7499999999999999,1.0,3.0,1.0,0.8,0.888888888888889,1.0,4.0,complete,
cm1,continuous,500,200,1.0,64,925965997,0.15,0.6,0.24,1.0,20.0,0.0,0.0,0.0,1.0,0.0,0.25,0.4,0.3076923076923077,1.0,8.0,0.5,1.0,0.6666666666666666,0.0,10.0,1.0,0.6,0.7499999999999999,1.0,3.0,0.7142857142857143,1.0,0.8333333333333333,0.0,7.0,complete,
cm1,continuous,500,200,1.0,65,636704990,0.23529411764705882,0.8,0.3636363636363636,1.0,17.0,0.0,0.0,0.0,1.0,0.0,0.4,0.4,0.4000000000000001,1.0,5.0,0.4,0.8,0.5333333333333333,1.0,10.0,1.0,0.6,0.7499999999999999,1.0,3.0,0.5,0.8,0.6153846153846154,1.0,8.0,complete,
cm1,continuous,500,200,1.0,66,1641060664,0.10714285714285714,0.6,0.18181818181818182,1.0,28.0,0.0,0.0,0.0,1.0,0.0,0.5,0.6,0.5454545454545454,1.0,6.0,0.38461538461538464,1.0,0.5555555555555556,0.0,13.0,1.0,0.8,0.888888888888889,1.0,4.0,0.7142857142857143,1.0,0.8333333333333333,0.0,7.0,complete,
cm1,continuous,500,200,1.0,67,2848476788,0.11538461538461539,0.6,0.1935483870967742,1.0,26.0,0.0,0.0,0.0,1.0,0.0,0.375,0.6,0.4615384615384615,1.0,8.0,0.4166666666666667,1.0,0.5882352941176471,0.0,12.0,1.0,0.6,0.7499999999999999,1.0,3.0,0.625,1.0,0.7692307692307693,0.0,8.0,complete,
cm1,continuous,500,200,1.0,68,719785753,0.21052631578947367,0.8,0.3333333333333333,1.0,19.0,1.0,0.4,0.5714285714285715,1.0,2.0,0.5714285714285714,0.8,0.6666666666666666,1.0,7.0,0.6666666666666666,0.8,0.7272727272727272,1.0,6.0,1.0,0.8,0.888888888888889,1.0,4.0,1.0,0.8,0.888888888888889,1.0,4.0,complete,
cm1,continuous,500,200,1.0,69,2551551538,0.14285714285714285,0.6,0.23076923076923073,1.0,21.0,0.0,0.0,0.0,1.0,0.0,0.2857142857142857,0.4,0.3333333333333333,1.0,7.0,0.4166666666666667,1.0,0.5882352941176471,0.0,12.0,1.0,0.8,0.888888888888889,1.0,4.0,0.5555555555555556,1.0,0.7142857142857143,0.0,9.0,complete,
cm1,continuous,500,200,1.0,70,2611169986,0.21052631578947367,0.8,0.3333333333333333,1.0,19.0,0.0,0.0,0.0,1.0,0.0,0.42857142857142855,0.6,0.5,1.0,7.0,0.5,0.8,0.6153846153846154,1.0,8.0,1.0,0.6,0.7499999999999999,1.0,3.0,0.5,0.6,0.5454545454545454,1.0,6.0,complete,
cm1,continuous,500,200,1.0,71,3264928162,0.12,0.6,0.19999999999999998,1.0,25.0,0.0,0.0,0.0,1.0,0.0,0.4,0.4,0.4000000000000001,1.0,5.0,0.23529411764705882,0.8,0.3636363636363636,1.0,17.0,1.0,0.6,0.7499999999999999,1.0,3.0,0.3,0.6,0.4,1.0,10.0,complete,
cm1,continuous,500,200,1.0,72,1102734470,0.18181818181818182,0.8,0.2962962962962963,1.0,22.0,0.0,0.0,0.0,1.0,0.0,0.3333333333333333,0.4,0.3636363636363636,1.0,6.0,0.4166666666666667,1.0,0.5882352941176471,0.0,12.0,1.0,0.6,0.7499999999999999,1.0,3.0,0.7142857142857143,1.0,0.8333333333333333,0.0,7.0,complete,
cm1,continuous,500,200,1.0,73,4259385421,0.13043478260869565,0.6,0.21428571428571427,1.0,23.0,1.0,0.2,0.33333333333333337,1.0,1.0,0.375,0.6,0.4615384615384615,1.0,8.0,0.45454545454545453,1.0,0.625,0.0,11.0,1.0,0.4,0.5714285714285715,1.0,2.0,0.5555555555555556,1.0,0.7142857142857143,0.0,9.0,complete,
cm1,continuous,500,200,1.0,74,2241582203,0.12,0.6,0.19999999999999998,1.0,25.0,0.0,0.0,0.0,1.0,0.0,0.42857142857142855,0.6,0.5,1.0,7.0,0.5555555555555556,1.0,0.7142857142857143,0.0,9.0,1.0,0.8,0.888888888888889,1.0,4.0,0.8,0.8,0.8000000000000002,1.0,5.0,complete,
cm1,continuous,500,200,1.0,75,524988938,0.16,0.8,0.26666666666666666,1.0,25.0,0.0,0.0,0.0,1.0,1.0,0.3333333333333333,0.6,0.42857142857142855,1.0,9.0,0.45454545454545453,1.0,0.625,0.0,11.0,1.0,0.8,0.888888888888889,1.0,4.0,0.7142857142857143,1.0,0.8333333333333333,0.0,7.0,complete,
cm1,continuous,500,200,1.0,76,1445244776,0.13043478260869565,0.6,0.21428571428571427,1.0,23.0,0.0,0.0,0.0,1.0,0.0,0.2857142857142857,0.4,0.3333333333333333,1.0,7.0,0.35714285714285715,1.0,0.5263157894736842,0.0,14.0,1.0,0.6,0.7499999999999999,1.0,3.0,0.4444444444444444,0.8,0.5714285714285714,1.0,9.0,complete,
cm1,continuous,500,200,1.0,77,3457811929,0.12,0.6,0.19999999999999998,1.0,25.0,0.0,0.0,0.0,1.0,0.0,0.3333333333333333,0.6,0.42857142857142855,1.0,9.0,0.3333333333333333,1.0,0.5,0.0,15.0,1.0,0.6,0.7499999999999999,1.0,3.0,0.625,1.0,0.7692307692307693,0.0,8.0,complete,
cm1,continuous,500,200,1.0,78,1097921350,0.15789473684210525,0.6,0.25,1.0,19.0,0.0,0.0,0.0,1.0,0.0,0.5,0.6,0.5454545454545454,1.0,6.0,0.5,1.0,0.6666666666666666,0.0,10.0,1.0,0.6,0.7499999999999999,1.0,3.0,0.8333333333333334,1.0,0.9090909090909091,0.0,6.0,complete,
cm1,continuous,500,200,1.0,79,833838913,0.23076923076923078,0.6,0.33333333333333337,1.0,13.0,0.0,0.0,0.0,1.0,0.0,0.4,0.4,0.4000000000000001,1.0,5.0,0.2857142857142857,0.8,0.4210526315789473,1.0,14.0,1.0,0.6,0.7499999999999999,1.0,3.0,0.4,0.8,0.5333333333333333,1.0,10.0,complete,
cm1,continuous,500,200,1.0,80,3842796164,0.11538461538461539,0.6,0.1935483870967742,1.0,26.0,0.0,0.0,0.0,1.0,0.0,0.3333333333333333,0.6,0.42857142857142855,1.0,9.0,0.625,1.0,0.7692307692307693,0.0,8.0,1.0,0.8,0.888888888888889,1.0,4.0,0.625,1.0,0.7692307692307693,0.0,8.0,complete,
cm1,continuous,500,200,1.0,81,1173235485,0.2,0.6,0.3,1.0,15.0,0.0,0.0,0.0,1.0,0.0,0.5,0.6,0.5454545454545454,1.0,6.0,0.3125,1.0,0.47619047619047616,0.0,16.0,1.0,0.6,0.7499999999999999,1.0,3.0,0.5,1.0,0.6666666666666666,0.0,10.0,complete,
cm1,continuous,500,200,1.0,82,2160578887,0.09090909090909091,0.6,0.15789473684210525,1.0,33.0,0.0,0.0,0.0,1.0,0.0,0.21428571428571427,0.6,0.3157894736842105,1.0,14.0,0.4,0.8,0.5333333333333333,1.0,10.0,1.0,0.8,0.888888888888889,1.0,4.0,0.8,0.8,0.8000000000000002,1.0,5.0,complete,
cm1,continuous,500,200,1.0,83,327970638,0.13636363636363635,0.6,0.22222222222222218,1.0,22.0,0.0,0.0,0.0,1.0,1.0,0.4,0.4,0.4000000000000001,1.0,5.0,0.4166666666666667,1.0,0.5882352941176471,0.0,12.0,1.0,0.6,0.7499999999999999,1.0,3.0,0.5555555555555556,1.0,0.7142857142857143,0.0,9.0,complete,
cm1,continuous,500,200,1.0,84,1410427740,0.13043478260869565,0.6,0.21428571428571427,1.0,23.0,0.0,0.0,0.0,1.0,0.0,0.25,0.4,0.3076923076923077,1.0,8.0,0.35714285714285715,1.0,0.5263157894736842,0.0,14.0,1.0,0.4,0.5714285714285715,1.0,2.0,0.5555555555555556,1.0,0.7142857142857143,0.0,9.0,complete,
cm1,continuous,500,200,1.0,85,372804033,0.07407407407407407,0.4,0.125,1.0,27.0,0.0,0.0,0.0,1.0,0.0,0.14285714285714285,0.4,0.21052631578947364,1.0,14.0,0.3333333333333333,1.0,0.5,0.0,15.0,1.0,0.4,0.5714285714285715,1.0,2.0,0.5,0.8,0.6153846153846154,1.0,8.0,complete,
cm1,continuous,500,200,1.0,86,1602089980,0.1111111111111111,0.6,0.18750000000000003,1.0,27.0,0.0,0.0,0.0,1.0,0.0,0.23076923076923078,0.6,0.33333333333333337,1.0,13.0,0.3333333333333333,0.8,0.47058823529411764,1.0,12.0,1.0,0.6,0.7499999999999999,1.0,3.0,0.5714285714285714,0.8,0.6666666666666666,1.0,7.0,complete,
cm1,continuous,500,200,1.0,87,210260081,0.14285714285714285,0.6,0.23076923076923073,1.0,21.0,0.0,0.0,0.0,1.0,0.0,0.5,0.6,0.5454545454545454,1.0,6.0,0.4,0.8,0.5333333333333333,1.0,10.0,1.0,0.6,0.7499999999999999,1.0,3.0,0.4444444444444444,0.8,0.5714285714285714,1.0,9.0,complete,
cm1,continuous,500,200,1.0,88,3322532225,0.12,0.6,0.19999999999999998,1.0,25.0,0.0,0.0,0.0,1.0,0.0,0.2222222222222222,0.4,0.2857142857142857,1.0,9.0,0.4166666666666667,1.0,0.5882352941176471,0.0,12.0,1.0,0.6,0.7499999999999999,1.0,3.0,0.625,1.0,0.7692307692307693,0.0,8.0,complete,
cm1,continuous,500,200,1.0,89,718372703,0.09090909090909091,0.4,0.14814814814814814,1.0,22.0,1.0,0.2,0.33333333333333337,1.0,1.0,0.4,0.4,0.4000000000000001,1.0,5.0,0.4444444444444444,0.8,0.5714285714285714,1.0,9.0,1.0,0.4,0.5714285714285715,1.0,2.0,0.5714285714285714,0.8,0.6666666666666666,1.0,7.0,complete,
cm1,continuous,500,200,1.0,90,1452320934,0.10714285714285714,0.6,0.18181818181818182,1.0,28.0,0.0,0.0,0.0,1.0,0.0,0.3333333333333333,0.6,0.42857142857142855,1.0,9.0,0.3076923076923077,0.8,0.4444444444444444,1.0,13.0,1.0,0.6,0.7499999999999999,1.0,3.0,0.6666666666666666,0.8,0.7272727272727272,1.0,6.0,complete,
cm1,continuous,500,200,1.0,91,1594605303,0.14285714285714285,0.6,0.23076923076923073,1.0,21.0,0.0,0.0,0.0,1.0,0.0,0.5,0.6,0.5454545454545454,1.0,6.0,0.5,1.0,0.6666666666666666,0.0,10.0,1.0,0.8,0.888888888888889,1.0,4.0,0.625,1.0,0.7692307692307693,0.0,8.0,complete,
cm1,continuous,500,200,1.0,92,1316404493,0.14285714285714285,0.6,0.23076923076923073,1.0,21.0,0.0,0.0,0.0,1.0,0.0,0.5,0.6,0.5454545454545454,1.0,6.0,0.38461538461538464,1.0,0.5555555555555556,0.0,13.0,1.0,0.4,0.5714285714285715,1.0,2.0,0.5555555555555556,1.0,0.7142857142857143,0.0,9.0,complete,
cm1,continuous,500,200,1.0,93,1743705,0.07692307692307693,0.4,0.12903225806451613,1.0,26.0,0.0,0.0,0.0,1.0,1.0,0.2222222222222222,0.4,0.2857142857142857,1.0,9.0,0.4166666666666667,1.0,0.5882352941176471,0.0,12.0,1.0,0.8,0.888888888888889,1.0,4.0,0.5714285714285714,0.8,0.6666666666666666,1.0,7.0,complete,
cm1,continuous,500,200,1.0,94,2846120640,0.2222222222222222,0.8,0.3478260869565218,1.0,18.0,1.0,0.2,0.33333333333333337,1.0,1.0,0.6,0.6,0.6,1.0,5.0,0.5,1.0,0.6666666666666666,0.0,10.0,1.0,0.8,0.888888888888889,1.0,4.0,0.7142857142857143,1.0,0.8333333333333333,0.0,7.0,complete,
cm1,continuous,500,200,1.0,95,2592188990,0.13043478260869565,0.6,0.21428571428571427,1.0,23.0,0.0,0.0,0.0,1.0,0.0,0.3333333333333333,0.6,0.42857142857142855,1.0,9.0,0.45454545454545453,1.0,0.625,0.0,11.0,1.0,0.8,0.888888888888889,1.0,4.0,0.5714285714285714,0.8,0.6666666666666666,1.0,7.0,complete,
cm1,continuous,500,200,1.0,96,3784121579,0.125,0.6,0.20689655172413793,1.0,24.0,0.0,0.0,0.0,1.0,0.0,0.25,0.2,0.22222222222222224,1.0,4.0,0.35714285714285715,1.0,0.5263157894736842,0.0,14.0,1.0,0.4,0.5714285714285715,1.0,2.0,0.7142857142857143,1.0,0.8333333333333333,0.0,7.0,complete,
cm1,continuous,500,200,1.0,97,402186436,0.12121212121212122,0.8,0.2105263157894737,1.0,33.0,1.0,0.2,0.33333333333333337,1.0,1.0,0.2222222222222222,0.4,0.2857142857142857,1.0,9.0,0.5,0.8,0.6153846153846154,1.0,8.0,1.0,0.6,0.7499999999999999,1.0,3.0,0.6666666666666666,0.8,0.7272727272727272,1.0,6.0,complete,
cm1,continuous,500,200,1.0,98,361563964,0.19047619047619047,0.8,0.3076923076923077,1.0,21.0,0.0,0.0,0.0,1.0,0.0,0.2857142857142857,0.4,0.3333333333333333,1.0,7.0,0.5555555555555556,1.0,0.7142857142857143,0.0,9.0,1.0,0.8,0.888888888888889,1.0,4.0,0.7142857142857143,1.0,0.8333333333333333,0.0,7.0,complete,
cm1,continuous,500,200,1.0,99,2183930442,0.12,0.6,0.19999999999999998,1.0,25.0,0.0,0.0,0.0,1.0,0.0,0.23076923076923078,0.6,0.33333333333333337,1.0,13.0,0.25,1.0,0.4,0.0,20.0,1.0,0.4,0.5714285714285715,1.0,2.0,0.45454545454545453,1.0,0.625,0.0,11.0,complete,
cm1,continuous,500,200,10.0,0,2041563301,0.15,0.6,0.24,1.0,20.0,0.0,0.0,0.0,1.0,0.0,0.2,0.4,0.26666666666666666,1.0,10.0,0.38461538461538464,1.0,0.5555555555555556,0.0,13.0,1.0,0.4,0.5714285714285715,1.0,2.0,0.6666666666666666,0.8,0.7272727272727272,1.0,6.0,complete,
cm1,continuous,500,200,10.0,1,2916878706,0.15,0.6,0.24,1.0,20.0,0.0,0.0,0.0,1.0,0.0,0.2222222222222222,0.4,0.2857142857142857,1.0,9.0,0.3333333333333333,0.8,0.47058823529411764,1.0,12.0,1.0,0.6,0.7499999999999999,1.0,3.0,0.5,0.8,0.6153846153846154,1.0,8.0,complete,
cm1,continuous,500,200,10.0,2,1598382934,0.15,0.6,0.24,1.0,20.0,0.0,0.0,0.0,1.0,0.0,0.375,0.6,0.4615384615384615,1.0,8.0,0.4166666666666667,1.0,0.5882352941176471,0.0,12.0,1.0,0.8,0.888888888888889,1.0,4.0,0.625,1.0,0.7692307692307693,0.0,8.0,complete,
cm1,continuous,500,200,10.0,3,847232807,0.17391304347826086,0.8,0.2857142857142857,1.0,23.0,0.0,0.0,0.0,1.0,1.0,0.2,0.4,0.26666666666666666,1.0,10.0,0.2777777777777778,1.0,0.4347826086956522,0.0,18.0,1.0,0.6,0.7499999999999999,1.0,3.0,0.5555555555555556,1.0,0.7142857142857143,0.0,9.0,complete,
cm1,continuous,500,200,10.0,4,1479522312,0.11764705882352941,0.4,0.1818181818181818,1.0,17.0,0.0,0.0,0.0,1.0,0.0,0.25,0.4,0.3076923076923077,1.0,8.0,0.3333333333333333,1.0,0.5,0.0,15.0,1.0,0.6,0.7499999999999999,1.0,3.0,0.4166666666666667,1.0,0.5882352941176471,0.0,12.0,complete,
cm1,continuous,500,200,10.0,5,1857254808,0.08695652173913043,0.4,0.14285714285714285,1.0,23.0,0.0,0.0,0.0,1.0,0.0,0.3333333333333333,0.4,0.3636363636363636,1.0,6.0,0.3333333333333333,0.8,0.47058823529411764,1.0,12.0,1.0,0.6,0.7499999999999999,1.0,3.0,0.5714285714285714,0.8,0.6666666666666666,1.0,7.0,complete,
cm1,continuous,500,200,10.0,6,686839865,0.125,0.6,0.20689655172413793,1.0,24.0,0.0,0.0,0.0,1.0,0.0,0.42857142857142855,0.6,0.5,1.0,7.0,0.2777777777777778,1.0,0.4347826086956522,0.0,18.0,1.0,0.4,0.5714285714285715,1.0,2.0,0.4,0.8,0.5333333333333333,1.0,10.0,complete,
cm1,continuous,500,200,10.0,7,2335536837,0.11538461538461539,0.6,0.1935483870967742,1.0,26.0,0.0,0.0,0.0,1.0,0.0,0.2727272727272727,0.6,0.37499999999999994,1.0,11.0,0.35714285714285715,1.0,0.5263157894736842,0.0,14.0,1.0,0.6,0.7499999999999999,1.0,3.0,0.7142857142857143,1.0,0.8333333333333333,0.0,7.0,complete,
cm1,continuous,500,200,10.0,8,96486975,0.16,0.8,0.26666666666666666,1.0,25.0,0.0,0.0,0.0,1.0,0.0,0.18181818181818182,0.4,0.25000000000000006,1.0,11.0,0.45454545454545453,1.0,0.625,0.0,11.0,1.0,0.6,0.7499999999999999,1.0,3.0,0.625,1.0,0.7692307692307693,0.0,8.0,complete,
cm1,continuous,500,200,10.0,9,698921689,0.1,0.6,0.17142857142857143,1.0,30.0,0.0,0.0,0.0,1.0,0.0,0.2,0.4,0.26666666666666666,1.0,10.0,0.2857142857142857,0.8,0.4210526315789473,1.0,14.0,1.0,0.6,0.7499999999999999,1.0,3.0,0.5714285714285714,0.8,0.6666666666666666,1.0,7.0,complete,
cm1,continuous,500,200,10.0,10,154709121,0.13043478260869565,0.6,0.21428571428571427,1.0,23.0,0.0,0.0,0.0,1.0,0.0,0.42857142857142855,0.6,0.5,1.0,7.0,0.45454545454545453,1.0,0.625,0.0,11.0,1.0,0.6,0.7499999999999999,1.0,3.0,0.625,1.0,0.7692307692307693,0.0,8.0,complete,
cm1,continuous,500,200,10.0,11,245007031,0.09090909090909091,0.4,0.14814814814814814,1.0,22.0,0.0,0.0,0.0,1.0,0.0,0.25,0.4,0.3076923076923077,1.0,8.0,0.26666666666666666,0.8,0.4,1.0,15.0,1.0,0.4,0.5714285714285715,1.0,2.0,0.5714285714285714,0.8,0.6666666666666666,1.0,7.0,complete,
cm1,continuous,500,200,10.0,12,1340576298,0.125,0.6,0.20689655172413793,1.0,24.0,0.0,0.0,0.0,1.0,0.0,0.375,0.6,0.4615384615384615,1.0,8.0,0.2857142857142857,0.8,0.4210526315789473,1.0,14.0,1.0,0.6,0.7499999999999999,1.0,3.0,0.4,0.8,0.5333333333333333,1.0,10.0,complete,
cm1,continuous,500,200,10.0,13,2081724032,0.11538461538461539,0.6,0.1935483870967742,1.0,26.0,0.0,0.0,0.0,1.0,0.0,0.25,0.4,0.3076923076923077,1.0,8.0,0.3076923076923077,0.8,0.4444444444444444,1.0,13.0,1.0,0.6,0.7499999999999999,1.0,3.0,0.4,0.8,0.5333333333333333,1.0,10.0,complete,
cm1,continuous,500,200,10.0,14,2429699532,0.08695652173913043,0.4,0.14285714285714285,1.0,23.0,0.0,0.0,0.0,1.0,0.0,0.3333333333333333,0.4,0.3636363636363636,1.0,6.0,0.36363636363636365,0.8,0.5000000000000001,1.0,11.0,1.0,0.6,0.7499999999999999,1.0,3.0,0.5714285714285714,0.8,0.6666666666666666,1.0,7.0,complete,
cm1,continuous,500,200,10.0,15,3643816580,0.1111111111111111,0.4,0.1739130434782609,1.0,18.0,0.0,0.0,0.0,1.0,0.0,0.25,0.4,0.3076923076923077,1.0,8.0,0.23529411764705882,0.8,0.3636363636363636,1.0,17.0,1.0,0.4,0.5714285714285715,1.0,2.0,0.8,0.8,0.8000000000000002,1.0,5.0,complete,
cm1,continuous,500,200,10.0,16,688134877,0.17647058823529413,0.6,0.2727272727272727,1.0,17.0,1.0,0.2,0.33333333333333337,1.0,1.0,0.4,0.4,0.4000000000000001,1.0,5.0,0.4444444444444444,0.8,0.5714285714285714,1.0,9.0,1.0,0.6,0.7499999999999999,1.0,3.0,0.5714285714285714,0.8,0.6666666666666666,1.0,7.0,complete,
cm1,continuous,500,200,10.0,17,883285080,0.13636363636363635,0.6,0.22222222222222218,1.0,22.0,0.0,0.0,0.0,1.0,0.0,0.375,0.6,0.4615384615384615,1.0,8.0,0.5555555555555556,1.0,0.7142857142857143,0.0,9.0,1.0,0.6,0.7499999999999999,1.0,3.0,0.7142857142857143,1.0,0.8333333333333333,0.0,7.0,complete,
cm1,continuous,500,200,10.0,18,3920650775,0.21052631578947367,0.8,0.3333333333333333,1.0,19.0,0.0,0.0,0.0,1.0,0.0,0.5,0.4,0.4444444444444445,1.0,4.0,0.4166666666666667,1.0,0.5882352941176471,0.0,12.0,1.0,0.6,0.7499999999999999,1.0,3.0,0.625,1.0,0.7692307692307693,0.0,8.0,complete,
cm1,continuous,500,200,10.0,19,299635837,0.12,0.6,0.19999999999999998,1.0,25.0,0.0,0.0,0.0,1.0,0.0,0.2727272727272727,0.6,0.37499999999999994,1.0,11.0,0.35714285714285715,1.0,0.5263157894736842,0.0,14.0,1.0,0.2,0.33333333333333337,1.0,1.0,0.5555555555555556,1.0,0.7142857142857143,0.0,9.0,complete,
cm1,continuous,500,200,10.0,20,643831159,0.09523809523809523,0.4,0.15384615384615385,1.0,21.0,0.0,0.0,0.0,1.0,0.0,0.2222222222222222,0.4,0.2857142857142857,1.0,9.0,0.2777777777777778,1.0,0.4347826086956522,0.0,18.0,1.0,0.4,0.5714285714285715,1.0,2.0,0.4,0.8,0.5333333333333333,1.0,10.0,complete,
cm1,continuous,500,200,10.0,21,3930099293,0.10526315789473684,0.4,0.16666666666666666,1.0,19.0,0.0,0.0,0.0,1.0,0.0,0.4,0.4,0.4000000000000001,1.0,5.0,0.26666666666666666,0.8,0.4,1.0,15.0,1.0,0.6,0.7499999999999999,1.0,3.0,0.36363636363636365,0.8,0.5000000000000001,1.0,11.0,complete,
cm1,continuous,500,200,10.0,22,2554139537,0.16666666666666666,0.8,0.27586206896551724,1.0,24.0,0.0,0.0,0.0,1.0,0.0,0.25,0.4,0.3076923076923077,1.0,8.0,0.38461538461538464,1.0,0.5555555555555556,0.0,13.0,1.0,0.6,0.7499999999999999,1.0,3.0,0.45454545454545453,1.0,0.625,0.0,11.0,complete,
cm1,continuous,500,200,10.0,23,2251631863,0.2,0.8,0.32000000000000006,1.0,20.0,0.0,0.0,0.0,1.0,0.0,0.3333333333333333,0.4,0.3636363636363636,1.0,6.0,0.3333333333333333,0.8,0.47058823529411764,1.0,12.0,1.0,0.6,0.7499999999999999,1.0,3.0,0.5,0.8,0.6153846153846154,1.0,8.0,complete,
cm1,continuous,500,200,10.0,24,2686695205,0.14285714285714285,0.6,0.23076923076923073,1.0,21.0,0.0,0.0,0.0,1.0,0.0,0.42857142857142855,0.6,0.5,1.0,7.0,0.45454545454545453,1.0,0.625,0.0,11.0,1.0,0.6,0.7499999999999999,1.0,3.0,0.625,1.0,0.7692307692307693,0.0,8.0,complete,
cm1,continuous,500,200,10.0,25,1483432518,0.0967741935483871,0.6,0.16666666666666666,1.0,31.0,0.0,0.0,0.0,1.0,2.0,0.25,0.6,0.35294117647058826,1.0,12.0,0.2777777777777778,1.0,0.4347826086956522,0.0,18.0,1.0,0.6,0.7499999999999999,1.0,3.0,0.4166666666666667,1.0,0.5882352941176471,0.0,12.0,complete,
cm1,continuous,500,200,10.0,26,943675341,0.12,0.6,0.19999999999999998,1.0,25.0,0.0,0.0,0.0,1.0,0.0,0.3,0.6,0.4,1.0,10.0,0.4166666666666667,1.0,0.5882352941176471,0.0,12.0,1.0,0.6,0.7499999999999999,1.0,3.0,0.625,1.0,0.7692307692307693,0.0,8.0,complete,
cm1,continuous,500,200,10.0,27,2482305617,0.14814814814814814,0.8,0.25,1.0,27.0,0.0,0.0,0.0,1.0,0.0,0.23076923076923078,0.6,0.33333333333333337,1.0,13.0,0.29411764705882354,1.0,0.45454545454545453,0.0,17.0,1.0,0.4,0.5714285714285715,1.0,2.0,0.5,1.0,0.6666666666666666,0.0,10.0,complete,
cm1,continuous,500,200,10.0,28,3428735766,0.10344827586206896,0.6,0.17647058823529413,1.0,29.0,0.0,0.0,0.0,1.0,0.0,0.25,0.4,0.3076923076923077,1.0,8.0,0.3333333333333333,1.0,0.5,0.0,15.0,1.0,0.8,0.888888888888889,1.0,4.0,0.36363636363636365,0.8,0.5000000000000001,1.0,11.0,complete,
cm1,continuous,500,200,10.0,29,1865226278,0.1111111111111111,0.6,0.18750000000000003,1.0,27.0,1.0,0.2,0.33333333333333337,1.0,1.0,0.2857142857142857,0.4,0.3333333333333333,1.0,7.0,0.3125,1.0,0.47619047619047616,0.0,16.0,1.0,0.6,0.7499999999999999,1.0,3.0,0.6666666666666666,0.8,0.7272727272727272,1.0,6.0,complete,
cm1,continuous,500,200,10.0,30,3610399262,0.14285714285714285,0.6,0.23076923076923073,1.0,21.0,0.0,0.0,0.0,1.0,0.0,0.3333333333333333,0.4,0.3636363636363636,1.0,6.0,0.38461538461538464,1.0,0.5555555555555556,0.0,13.0,1.0,0.6,0.7499999999999999,1.0,3.0,0.5,1.0,0.6666666666666666,0.0,10.0,complete,
cm1,continuous,500,200,10.0,31,3011827499,0.17647058823529413,0.6,0.2727272727272727,1.0,17.0,1.0,0.2,0.33333333333333337,1.0,1.0,0.6666666666666666,0.4,0.5,1.0,3.0,0.3333333333333333,0.8,0.47058823529411764,1.0,12.0,1.0,0.6,0.7499999999999999,1.0,3.0,0.5,0.8,0.6153846153846154,1.0,8.0,complete,
cm1,continuous,500,200,10.0,32,2009529666,0.12,0.6,0.19999999999999998,1.0,25.0,0.0,0.0,0.0,1.0,0.0,0.2222222222222222,0.4,0.2857142857142857,1.0,9.0,0.45454545454545453,1.0,0.625,0.0,11.0,1.0,0.6,0.7499999999999999,1.0,3.0,0.6666666666666666,0.8,0.7272727272727272,1.0,6.0,complete,
cm1,continuous,500,200,10.0,33,2679420691,0.1111111111111111,0.4,0.1739130434782609,1.0,18.0,0.0,0.0,0.0,1.0,0.0,0.3333333333333333,0.4,0.3636363636363636,1.0,6.0,0.26666666666666666,0.8,0.4,1.0,15.0,1.0,0.6,0.7499999999999999,1.0,3.0,0.4,0.8,0.5333333333333333,1.0,10.0,complete,
cm1,continuous,500,200,10.0,34,2622994287,0.15384615384615385,0.8,0.25806451612903225,1.0,26.0,0.0,0.0,0.0,1.0,0.0,0.375,0.6,0.4615384615384615,1.0,8.0,0.4166666666666667,1.0,0.5882352941176471,0.0,12.0,1.0,0.6,0.7499999999999999,1.0,3.0,0.8,0.8,0.8000000000000002,1.0,5.0,complete,
cm1,continuous,500,200,10.0,35,3483143618,0.16666666666666666,0.8,0.27586206896551724,1.0,24.0,0.0,0.0,0.0,1.0,0.0,0.1,0.2,0.13333333333333333,1.0,10.0,0.2857142857142857,0.8,0.4210526315789473,1.0,14.0,1.0,0.4,0.5714285714285715,1.0,2.0,0.4444444444444444,0.8,0.5714285714285714,1.0,9.0,complete,
cm1,continuous,500,200,10.0,36,951728903,0.16666666666666666,0.6,0.2608695652173913,1.0,18.0,0.0,0.0,0.0,1.0,0.0,0.25,0.4,0.3076923076923077,1.0,8.0,0.3076923076923077,0.8,0.4444444444444444,1.0,13.0,1.0,0.6,0.7499999999999999,1.0,3.0,0.5,0.8,0.6153846153846154,1.0,8.0,complete,
cm1,continuous,500,200,10.0,37,692735682,0.11538461538461539,0.6,0.1935483870967742,1.0,26.0,1.0,0.2,0.33333333333333337,1.0,1.0,0.18181818181818182,0.4,0.25000000000000006,1.0,11.0,0.38461538461538464,1.0,0.5555555555555556,0.0,13.0,1.0,0.6,0.7499999999999999,1.0,3.0,0.5555555555555556,1.0,0.7142857142857143,0.0,9.0,complete,
cm1,continuous,500,200,10.0,38,2592235877,0.12,0.6,0.19999999999999998,1.0,25.0,0.0,0.0,0.0,1.0,0.0,0.3333333333333333,0.4,0.3636363636363636,1.0,6.0,0.625,1.0,0.7692307692307693,0.0,8.0,1.0,0.6,0.7499999999999999,1.0,3.0,0.7142857142857143,1.0,0.8333333333333333,0.0,7.0,complete,
cm1,continuous,500,200,10.0,39,942697089,0.08695652173913043,0.4,0.14285714285714285,1.0,23.0,0.0,0.0,0.0,1.0,0.0,0.3333333333333333,0.4,0.3636363636363636,1.0,6.0,0.3076923076923077,0.8,0.4444444444444444,1.0,13.0,1.0,0.6,0.7499999999999999,1.0,3.0,0.5,0.8,0.6153846153846154,1.0,8.0,complete,
cm1,continuous,500,200,10.0,40,2046107480,0.1111111111111111,0.6,0.18750000000000003,1.0,27.0,0.0,0.0,0.0,1.0,0.0,0.25,0.6,0.35294117647058826,1.0,12.0,0.45454545454545453,1.0,0.625,0.0,11.0,1.0,0.4,0.5714285714285715,1.0,2.0,0.5555555555555556,1.0,0.7142857142857143,0.0,9.0,complete,
cm1,continuous,500,200,10.0,41,3152106594,0.125,0.6,0.20689655172413793,1.0,24.0,0.0,0.0,0.0,1.0,0.0,0.2222222222222222,0.4,0.2857142857142857,1.0,9.0,0.3333333333333333,1.0,0.5,0.0,15.0,1.0,0.6,0.7499999999999999,1.0,3.0,0.5555555555555556,1.0,0.7142857142857143,0.0,9.0,complete,
cm1,continuous,500,200,10.0,42,4037241815,0.125,0.6,0.20689655172413793,1.0,24.0,0.0,0.0,0.0,1.0,0.0,0.25,0.4,0.3076923076923077,1.0,8.0,0.38461538461538464,1.0,0.5555555555555556,0.0,13.0,1.0,0.4,0.5714285714285715,1.0,2.0,0.5555555555555556,1.0,0.7142857142857143,0.0,9.0,complete,
cm1,continuous,500,200,10.0,43,2939959478,0.11764705882352941,0.4,0.1818181818181818,1.0,17.0,0.0,0.0,0.0,1.0,0.0,0.18181818181818182,0.4,0.25000000000000006,1.0,11.0,0.26666666666666666,0.8,0.4,1.0,15.0,1.0,0.6,0.7499999999999999,1.0,3.0,0.36363636363636365,0.8,0.5000000000000001,1.0,11.0,complete,
cm1,continuous,500,200,10.0,44,3736846056,0.15,0.6,0.24,1.0,20.0,0.0,0.0,0.0,1.0,0.0,0.375,0.6,0.4615384615384615,1.0,8.0,0.38461538461538464,1.0,0.5555555555555556,0.0,13.0,1.0,0.6,0.7499999999999999,1.0,3.0,0.7142857142857143,1.0,0.8333333333333333,0.0,7.0,complete,
cm1,continuous,500,200,10.0,45,3985637655,0.10714285714285714,0.6,0.18181818181818182,1.0,28.0,0.0,0.0,0.0,1.0,1.0,0.3333333333333333,0.4,0.3636363636363636,1.0,6.0,0.8333333333333334,1.0,0.9090909090909091,0.0,6.0,1.0,0.8,0.888888888888889,1.0,4.0,1.0,0.8,0.888888888888889,1.0,4.0,complete,
cm1,continuous,500,200,10.0,46,2621938742,0.13636363636363635,0.6,0.22222222222222218,1.0,22.0,0.0,0.0,0.0,1.0,1.0,0.25,0.4,0.3076923076923077,1.0,8.0,0.2222222222222222,0.8,0.3478260869565218,1.0,18.0,1.0,0.6,0.7499999999999999,1.0,3.0,0.36363636363636365,0.8,0.5000000000000001,1.0,11.0,complete,
cm1,continuous,500,200,10.0,47,2891730909,0.09523809523809523,0.4,0.15384615384615385,1.0,21.0,1.0,0.2,0.33333333333333337,1.0,1.0,0.2222222222222222,0.4,0.2857142857142857,1.0,9.0,0.4,0.8,0.5333333333333333,1.0,10.0,1.0,0.6,0.7499999999999999,1.0,3.0,0.5,0.8,0.6153846153846154,1.0,8.0,complete,
cm1,continuous,500,200,10.0,48,2335387393,0.12,0.6,0.19999999999999998,1.0,25.0,0.0,0.0,0.0,1.0,0.0,0.25,0.4,0.3076923076923077,1.0,8.0,0.3333333333333333,0.8,0.47058823529411764,1.0,12.0,1.0,0.6,0.7499999999999999,1.0,3.0,0.5,0.8,0.6153846153846154,1.0,8.0,complete,
cm1,continuous,500,200,10.0,49,1583429016,0.11538461538461539,0.6,0.1935483870967742,1.0,26.0,0.0,0.0,0.0,1.0,0.0,0.6,0.6,0.6,1.0,5.0,0.4166666666666667,1.0,0.5882352941176471,0.0,12.0,1.0,0.6,0.7499999999999999,1.0,3.0,0.5555555555555556,1.0,0.7142857142857143,0.0,9.0,complete,
cm1,continuous,500,200,10.0,50,1989757770,0.19047619047619047,0.8,0.3076923076923077,1.0,21.0,0.0,0.0,0.0,1.0,0.0,0.2857142857142857,0.4,0.3333333333333333,1.0,7.0,0.4444444444444444,0.8,0.5714285714285714,1.0,9.0,1.0,0.8,0.888888888888889,1.0,4.0,0.6666666666666666,0.8,0.7272727272727272,1.0,6.0,complete,
cm1,continuous,500,200,10.0,51,3338900868,0.15384615384615385,0.8,0.25806451612903225,1.0,26.0,0.0,0.0,0.0,1.0,0.0,0.2857142857142857,0.4,0.3333333333333333,1.0,7.0,0.38461538461538464,1.0,0.5555555555555556,0.0,13.0,1.0,0.6,0.7499999999999999,1.0,3.0,0.45454545454545453,1.0,0.625,0.0,11.0,complete,
cm1,continuous,500,200,10.0,52,3594077235,0.11538461538461539,0.6,0.1935483870967742,1.0,26.0,0.0,0.0,0.0,1.0,0.0,0.3333333333333333,0.4,0.3636363636363636,1.0,6.0,0.4,0.8,0.5333333333333333,1.0,10.0,1.0,0.6,0.7499999999999999,1.0,3.0,0.5714285714285714,0.8,0.6666666666666666,1.0,7.0,complete,
cm1,continuous,500,200,10.0,53,97403712,0.08,0.4,0.13333333333333333,1.0,25.0,0.0,0.0,0.0,1.0,0.0,0.2,0.4,0.26666666666666666,1.0,10.0,0.38461538461538464,1.0,0.5555555555555556,0.0,13.0,1.0,0.8,0.888888888888889,1.0,4.0,0.4444444444444444,0.8,0.5714285714285714,1.0,9.0,complete,
cm1,continuous,500,200,10.0,54,959761175,0.11538461538461539,0.6,0.1935483870967742,1.0,26.0,0.0,0.0,0.0,1.0,0.0,0.42857142857142855,0.6,0.5,1.0,7.0,0.4444444444444444,0.8,0.5714285714285714,1.0,9.0,1.0,0.6,0.7499999999999999,1.0,3.0,0.5714285714285714,0.8,0.6666666666666666,1.0,7.0,complete,
cm1,continuous,500,200,10.0,55,2719366852,0.10344827586206896,0.6,0.17647058823529413,1.0,29.0,0.0,0.0,0.0,1.0,0.0,0.18181818181818182,0.4,0.25000000000000006,1.0,11.0,0.36363636363636365,0.8,0.5000000000000001,1.0,11.0,1.0,0.6,0.7499999999999999,1.0,3.0,0.4444444444444444,0.8,0.5714285714285714,1.0,9.0,complete,
cm1,continuous,500,200,10.0,56,3962566518,0.09090909090909091,0.4,0.14814814814814814,1.0,22.0,0.0,0.0,0.0,1.0,0.0,0.3333333333333333,0.4,0.3636363636363636,1.0,6.0,0.36363636363636365,0.8,0.5000000000000001,1.0,11.0,1.0,0.4,0.5714285714285715,1.0,2.0,0.4,0.8,0.5333333333333333,1.0,10.0,complete,
cm1,continuous,500,200,10.0,57,3953945863,0.19047619047619047,0.8,0.3076923076923077,1.0,21.0,0.0,0.0,0.0,1.0,0.0,0.6666666666666666,0.4,0.5,1.0,3.0,0.4166666666666667,1.0,0.5882352941176471,0.0,12.0,1.0,0.8,0.888888888888889,1.0,4.0,0.8333333333333334,1.0,0.9090909090909091,0.0,6.0,complete,
cm1,continuous,500,200,10.0,58,331083916,0.1,0.4,0.16000000000000003,1.0,20.0,0.0,0.0,0.0,1.0,0.0,0.25,0.4,0.3076923076923077,1.0,8.0,0.3076923076923077,0.8,0.4444444444444444,1.0,13.0,1.0,0.6,0.7499999999999999,1.0,3.0,0.4444444444444444,0.8,0.5714285714285714,1.0,9.0,complete,
cm1,continuous,500,200,10.0,59,2558139917,0.13043478260869565,0.6,0.21428571428571427,1.0,23.0,0.0,0.0,0.0,1.0,0.0,0.25,0.4,0.3076923076923077,1.0,8.0,0.3125,1.0,0.47619047619047616,0.0,16.0,1.0,0.6,0.7499999999999999,1.0,3.0,0.5555555555555556,1.0,0.7142857142857143,0.0,9.0,complete,
cm1,continuous,500,200,10.0,60,3275486234,0.13043478260869565,0.6,0.21428571428571427,1.0,23.0,1.0,0.2,0.33333333333333337,1.0,1.0,0.2,0.4,0.26666666666666666,1.0,10.0,0.35714285714285715,1.0,0.5263157894736842,0.0,14.0,1.0,0.4,0.5714285714285715,1.0,2.0,0.5,1.0,0.6666666666666666,0.0,10.0,complete,
cm1,continuous,500,200,10.0,61,1153256847,0.09090909090909091,0.4,0.14814814814814814,1.0,22.0,0.0,0.0,0.0,1.0,0.0,0.16666666666666666,0.4,0.23529411764705882,1.0,12.0,0.2,0.8,0.32000000000000006,1.0,20.0,1.0,0.8,0.888888888888889,1.0,4.0,0.4444444444444444,0.8,0.5714285714285714,1.0,9.0,complete,
cm1,continuous,500,200,10.0,62,4002809690,0.125,0.6,0.20689655172413793,1.0,24.0,0.0,0.0,0.0,1.0,0.0,0.3333333333333333,0.6,0.42857142857142855,1.0,9.0,0.3076923076923077,0.8,0.4444444444444444,1.0,13.0,1.0,0.6,0.7499999999999999,1.0,3.0,0.4,0.8,0.5333333333333333,1.0,10.0,complete,
cm1,continuous,500,200,10.0,63,2731378595,0.10344827586206896,0.6,0.17647058823529413,1.0,29.0,0.0,0.0,0.0,1.0,0.0,0.3333333333333333,0.6,0.42857142857142855,1.0,9.0,0.29411764705882354,1.0,0.45454545454545453,0.0,17.0,1.0,0.8,0.888888888888889,1.0,4.0,0.45454545454545453,1.0,0.625,0.0,11.0,complete,
cm1,continuous,500,200,10.0,64,1530453925,0.09090909090909091,0.4,0.14814814814814814,1.0,22.0,1.0,0.2,0.33333333333333337,1.0,1.0,0.3333333333333333,0.4,0.3636363636363636,1.0,6.0,0.5,1.0,0.6666666666666666,0.0,10.0,1.0,0.6,0.7499999999999999,1.0,3.0,0.7142857142857143,1.0,0.8333333333333333,0.0,7.0,complete,
cm1,continuous,500,200,10.0,65,1515632770,0.12,0.6,0.19999999999999998,1.0,25.0,0.0,0.0,0.0,1.0,0.0,0.3,0.6,0.4,1.0,10.0,0.38461538461538464,1.0,0.5555555555555556,0.0,13.0,1.0,0.8,0.888888888888889,1.0,4.0,0.45454545454545453,1.0,0.625,0.0,11.0,complete,
cm1,continuous,500,200,10.0,66,2812051250,0.14285714285714285,0.6,0.23076923076923073,1.0,21.0,0.0,0.0,0.0,1.0,0.0,0.4,0.4,0.4000000000000001,1.0,5.0,0.3076923076923077,0.8,0.4444444444444444,1.0,13.0,1.0,0.6,0.7499999999999999,1.0,3.0,0.5714285714285714,0.8,0.6666666666666666,1.0,7.0,complete,
cm1,continuous,500,200,10.0,67,3089911127,0.13043478260869565,0.6,0.21428571428571427,1.0,23.0,0.0,0.0,0.0,1.0,0.0,0.2857142857142857,0.4,0.3333333333333333,1.0,7.0,0.5,1.0,0.6666666666666666,0.0,10.0,1.0,0.4,0.5714285714285715,1.0,2.0,0.6666666666666666,0.8,0.7272727272727272,1.0,6.0,complete,
cm1,continuous,500,200,10.0,68,789499267,0.15789473684210525,0.6,0.25,1.0,19.0,0.0,0.0,0.0,1.0,2.0,0.2857142857142857,0.4,0.3333333333333333,1.0,7.0,0.2857142857142857,0.8,0.4210526315789473,1.0,14.0,1.0,0.8,0.888888888888889,1.0,4.0,0.5714285714285714,0.8,0.6666666666666666,1.0,7.0,complete,
cm1,continuous,500,200,10.0,69,251936515,0.08333333333333333,0.4,0.13793103448275862,1.0,24.0,0.0,0.0,0.0,1.0,0.0,0.25,0.4,0.3076923076923077,1.0,8.0,0.4,0.8,0.5333333333333333,1.0,10.0,1.0,0.6,0.7499999999999999,1.0,3.0,0.5714285714285714,0.8,0.6666666666666666,1.0,7.0,complete,
cm1,continuous,500,200,10.0,70,709192937,0.08695652173913043,0.4,0.14285714285714285,1.0,23.0,0.0,0.0,0.0,1.0,0.0,0.4,0.4,0.4000000000000001,1.0,5.0,0.29411764705882354,1.0,0.45454545454545453,0.0,17.0,1.0,0.6,0.7499999999999999,1.0,3.0,0.5555555555555556,1.0,0.7142857142857143,0.0,9.0,complete,
cm1,continuous,500,200,10.0,71,3710497854,0.1111111111111111,0.6,0.18750000000000003,1.0,27.0,0.0,0.0,0.0,1.0,0.0,0.2222222222222222,0.4,0.2857142857142857,1.0,9.0,0.29411764705882354,1.0,0.45454545454545453,0.0,17.0,1.0,0.4,0.5714285714285715,1.0,2.0,0.3076923076923077,0.8,0.4444444444444444,1.0,13.0,complete,
cm1,continuous,500,200,10.0,72,2754645139,0.09523809523809523,0.4,0.15384615384615385,1.0,21.0,0.0,0.0,0.0,1.0,0.0,0.4,0.4,0.4000000000000001,1.0,5.0,0.21052631578947367,0.8,0.3333333333333333,1.0,19.0,1.0,0.4,0.5714285714285715,1.0,2.0,0.36363636363636365,0.8,0.5000000000000001,1.0,11.0,complete,
cm1,continuous,500,200,10.0,73,1915880445,0.14285714285714285,0.6,0.23076923076923073,1.0,21.0,1.0,0.2,0.33333333333333337,1.0,1.0,0.6,0.6,0.6,1.0,5.0,0.3125,1.0,0.47619047619047616,0.0,16.0,1.0,0.6,0.7499999999999999,1.0,3.0,0.4444444444444444,0.8,0.5714285714285714,1.0,9.0,complete,
cm1,continuous,500,200,10.0,74,1951319414,0.125,0.6,0.20689655172413793,1.0,24.0,0.0,0.0,0.0,1.0,0.0,0.2727272727272727,0.6,0.37499999999999994,1.0,11.0,0.3076923076923077,0.8,0.4444444444444444,1.0,13.0,1.0,0.8,0.888888888888889,1.0,4.0,0.5,0.8,0.6153846153846154,1.0,8.0,complete,
cm1,continuous,500,200,10.0,75,2337127293,0.08333333333333333,0.4,0.13793103448275862,1.0,24.0,0.0,0.0,0.0,1.0,0.0,0.2222222222222222,0.4,0.2857142857142857,1.0,9.0,0.25,1.0,0.4,0.0,20.0,1.0,0.6,0.7499999999999999,1.0,3.0,0.45454545454545453,1.0,0.625,0.0,11.0,complete,
cm1,continuous,500,200,10.0,76,3314292333,0.06451612903225806,0.4,0.1111111111111111,1.0,31.0,0.0,0.0,0.0,1.0,0.0,0.18181818181818182,0.4,0.25000000000000006,1.0,11.0,0.5,0.8,0.6153846153846154,1.0,8.0,1.0,0.8,0.888888888888889,1.0,4.0,0.6666666666666666,0.8,0.7272727272727272,1.0,6.0,complete,
cm1,continuous,500,200,10.0,77,2191404585,0.13043478260869565,0.6,0.21428571428571427,1.0,23.0,0.0,0.0,0.0,1.0,0.0,0.5,0.4,0.4444444444444445,1.0,4.0,0.45454545454545453,1.0,0.625,0.0,11.0,1.0,0.8,0.888888888888889,1.0,4.0,0.625,1.0,0.7692307692307693,0.0,8.0,complete,
cm1,continuous,500,200,10.0,78,3973020588,0.13636363636363635,0.6,0.22222222222222218,1.0,22.0,0.0,0.0,0.0,1.0,0.0,0.2857142857142857,0.4,0.3333333333333333,1.0,7.0,0.4166666666666667,1.0,0.5882352941176471,0.0,12.0,1.0,0.6,0.7499999999999999,1.0,3.0,0.4,0.8,0.5333333333333333,1.0,10.0,complete,
cm1,continuous,500,200,10.0,79,425244942,0.12,0.6,0.19999999999999998,1.0,25.0,0.0,0.0,0.0,1.0,0.0,0.2857142857142857,0.4,0.3333333333333333,1.0,7.0,0.4444444444444444,0.8,0.5714285714285714,1.0,9.0,1.0,0.6,0.7499999999999999,1.0,3.0,0.5,0.8,0.6153846153846154,1.0,8.0,complete,
cm1,continuous,500,200,10.0,80,1858829647,0.09090909090909091,0.4,0.14814814814814814,1.0,22.0,0.0,0.0,0.0,1.0,0.0,0.09090909090909091,0.2,0.12500000000000003,1.0,11.0,0.21052631578947367,0.8,0.3333333333333333,1.0,19.0,1.0,0.6,0.7499999999999999,1.0,3.0,0.3333333333333333,0.8,0.47058823529411764,1.0,12.0,complete,
cm1,continuous,500,200,10.0,81,2372938688,0.14285714285714285,0.6,0.23076923076923073,1.0,21.0,0.0,0.0,0.0,1.0,0.0,0.2857142857142857,0.4,0.3333333333333333,1.0,7.0,0.23529411764705882,0.8,0.3636363636363636,1.0,17.0,1.0,0.6,0.7499999999999999,1.0,3.0,0.4444444444444444,0.8,0.5714285714285714,1.0,9.0,complete,
cm1,continuous,500,200,10.0,82,1082859597,0.15789473684210525,0.6,0.25,1.0,19.0,0.0,0.0,0.0,1.0,0.0,0.2857142857142857,0.4,0.3333333333333333,1.0,7.0,0.625,1.0,0.7692307692307693,0.0,8.0,1.0,0.8,0.888888888888889,1.0,4.0,0.8333333333333334,1.0,0.9090909090909091,0.0,6.0,complete,
cm1,continuous,500,200,10.0,83,3841629770,0.11538461538461539,0.6,0.1935483870967742,1.0,26.0,0.0,0.0,0.0,1.0,0.0,0.3,0.6,0.4,1.0,10.0,0.3125,1.0,0.47619047619047616,0.0,16.0,1.0,0.6,0.7499999999999999,1.0,3.0,0.38461538461538464,1.0,0.5555555555555556,0.0,13.0,complete,
cm1,continuous,500,200,10.0,84,3224133775,0.2,0.8,0.32000000000000006,1.0,20.0,0.0,0.0,0.0,1.0,0.0,0.5,0.6,0.5454545454545454,1.0,6.0,0.4166666666666667,1.0,0.5882352941176471,0.0,12.0,1.0,0.8,0.888888888888889,1.0,4.0,0.5555555555555556,1.0,0.7142857142857143,0.0,9.0,complete,
cm1,continuous,500,200,10.0,85,3695089199,0.06896551724137931,0.4,0.1176470588235294,1.0,29.0,0.0,0.0,0.0,1.0,0.0,0.16666666666666666,0.4,0.23529411764705882,1.0,12.0,0.3333333333333333,0.8,0.47058823529411764,1.0,12.0,1.0,0.8,0.888888888888889,1.0,4.0,0.5,0.8,0.6153846153846154,1.0,8.0,complete,
cm1,continuous,500,200,10.0,86,1080202801,0.06896551724137931,0.4,0.1176470588235294,1.0,29.0,0.0,0.0,0.0,1.0,0.0,0.14285714285714285,0.4,0.21052631578947364,1.0,14.0,0.3076923076923077,0.8,0.4444444444444444,1.0,13.0,1.0,0.6,0.7499999999999999,1.0,3.0,0.5,0.8,0.6153846153846154,1.0,8.0,complete,
cm1,continuous,500,200,10.0,87,163016045,0.15789473684210525,0.6,0.25,1.0,19.0,0.0,0.0,0.0,1.0,0.0,0.375,0.6,0.4615384615384615,1.0,8.0,0.3076923076923077,0.8,0.4444444444444444,1.0,13.0,1.0,0.6,0.7499999999999999,1.0,3.0,0.5714285714285714,0.8,0.6666666666666666,1.0,7.0,complete,
cm1,continuous,500,200,10.0,88,3830589191,0.19047619047619047,0.8,0.3076923076923077,1.0,21.0,0.0,0.0,0.0,1.0,0.0,0.2,0.4,0.26666666666666666,1.0,10.0,0.3076923076923077,0.8,0.4444444444444444,1.0,13.0,1.0,0.4,0.5714285714285715,1.0,2.0,0.5,0.8,0.6153846153846154,1.0,8.0,complete,
cm1,continuous,500,200,10.0,89,1912579824,0.11538461538461539,0.6,0.1935483870967742,1.0,26.0,0.0,0.0,0.0,1.0,0.0,0.14285714285714285,0.4,0.21052631578947364,1.0,14.0,0.3076923076923077,0.8,0.4444444444444444,1.0,13.0,1.0,0.8,0.888888888888889,1.0,4.0,0.4444444444444444,0.8,0.5714285714285714,1.0,9.0,complete,
cm1,continuous,500,200,10.0,90,2444748044,0.11538461538461539,0.6,0.1935483870967742,1.0,26.0,0.0,0.0,0.0,1.0,0.0,0.3,0.6,0.4,1.0,10.0,0.4166666666666667,1.0,0.5882352941176471,0.0,12.0,1.0,0.6,0.7499999999999999,1.0,3.0,0.7142857142857143,1.0,0.8333333333333333,0.0,7.0,complete,
cm1,continuous,500,200,10.0,91,4058989779,0.1,0.4,0.16000000000000003,1.0,20.0,0.0,0.0,0.0,1.0,0.0,0.3333333333333333,0.4,0.3636363636363636,1.0,6.0,0.5714285714285714,0.8,0.6666666666666666,1.0,7.0,1.0,0.6,0.7499999999999999,1.0,3.0,0.8,0.8,0.8000000000000002,1.0,5.0,complete,
cm1,continuous,500,200,10.0,92,1429388619,0.125,0.6,0.20689655172413793,1.0,24.0,0.0,0.0,0.0,1.0,0.0,0.3333333333333333,0.6,0.42857142857142855,1.0,9.0,0.35714285714285715,1.0,0.5263157894736842,0.0,14.0,1.0,0.6,0.7499999999999999,1.0,3.0,0.5555555555555556,1.0,0.7142857142857143,0.0,9.0,complete,
cm1,continuous,500,200,10.0,93,2574888328,0.07692307692307693,0.4,0.12903225806451613,1.0,26.0,0.0,0.0,0.0,1.0,0.0,0.2857142857142857,0.4,0.3333333333333333,1.0,7.0,0.26666666666666666,0.8,0.4,1.0,15.0,1.0,0.2,0.33333333333333337,1.0,1.0,0.5714285714285714,0.8,0.6666666666666666,1.0,7.0,complete,
cm1,continuous,500,200,10.0,94,1194620431,0.15384615384615385,0.8,0.25806451612903225,1.0,26.0,0.0,0.0,0.0,1.0,0.0,0.25,0.6,0.35294117647058826,1.0,12.0,0.4166666666666667,1.0,0.5882352941176471,0.0,12.0,1.0,0.8,0.888888888888889,1.0,4.0,0.7142857142857143,1.0,0.8333333333333333,0.0,7.0,complete,
cm1,continuous,500,200,10.0,95,1426637362,0.15,0.6,0.24,1.0,20.0,0.0,0.0,0.0,1.0,0.0,0.2222222222222222,0.4,0.2857142857142857,1.0,9.0,0.26666666666666666,0.8,0.4,1.0,15.0,1.0,0.8,0.888888888888889,1.0,4.0,0.6666666666666666,0.8,0.7272727272727272,1.0,6.0,complete,
cm1,continuous,500,200,10.0,96,2986526132,0.16666666666666666,0.6,0.2608695652173913,1.0,18.0,0.0,0.0,0.0,1.0,0.0,0.3333333333333333,0.6,0.42857142857142855,1.0,9.0,0.38461538461538464,1.0,0.5555555555555556,0.0,13.0,1.0,0.6,0.7499999999999999,1.0,3.0,0.7142857142857143,1.0,0.8333333333333333,0.0,7.0,complete,
cm1,continuous,500,200,10.0,97,741750925,0.1,0.4,0.16000000000000003,1.0,20.0,0.0,0.0,0.0,1.0,0.0,0.3333333333333333,0.4,0.3636363636363636,1.0,6.0,0.4,0.8,0.5333333333333333,1.0,10.0,1.0,0.8,0.888888888888889,1.0,4.0,0.6666666666666666,0.8,0.7272727272727272,1.0,6.0,complete,
cm1,continuous,500,200,10.0,98,810284936,0.11538461538461539,0.6,0.1935483870967742,1.0,26.0,0.0,0.0,0.0,1.0,0.0,0.25,0.6,0.35294117647058826,1.0,12.0,0.4166666666666667,1.0,0.5882352941176471,0.0,12.0,1.0,0.4,0.5714285714285715,1.0,2.0,0.5555555555555556,1.0,0.7142857142857143,0.0,9.0,complete,
cm1,continuous,500,200,10.0,99,217335051,0.08333333333333333,0.4,0.13793103448275862,1.0,24.0,0.0,0.0,0.0,1.0,0.0,0.2,0.4,0.26666666666666666,1.0,10.0,0.3076923076923077,0.8,0.4444444444444444,1.0,13.0,1.0,0.4,0.5714285714285715,1.0,2.0,0.4444444444444444,0.8,0.5714285714285714,1.0,9.0,complete,
cm1,continuous,1000,50,1.0,0,1756061703,0.75,0.6,0.6666666666666665,1.0,4.0,1.0,0.6,0.7499999999999999,1.0,3.0,0.75,0.6,0.6666666666666665,1.0,4.0,1.0,0.8,0.888888888888889,1.0,4.0,1.0,0.6,0.7499999999999999,1.0,3.0,1.0,0.8,0.888888888888889,1.0,4.0,complete,
cm1,continuous,1000,50,1.0,1,1195578109,0.75,0.6,0.6666666666666665,1.0,4.0,1.0,0.6,0.7499999999999999,1.0,3.0,1.0,0.6,0.7499999999999999,1.0,3.0,1.0,1.0,1.0,0.0,5.0,1.0,0.6,0.7499999999999999,1.0,3.0,1.0,1.0,1.0,0.0,5.0,complete,
cm1,continuous,1000,50,1.0,2,4280359468,1.0,0.6,0.7499999999999999,1.0,3.0,1.0,0.6,0.7499999999999999,1.0,3.0,1.0,0.6,0.7499999999999999,1.0,3.0,1.0,0.8,0.888888888888889,1.0,4.0,1.0,0.8,0.888888888888889,1.0,4.0,1.0,0.8,0.888888888888889,1.0,4.0,complete,
cm1,continuous,1000,50,1.0,3,2294026706,0.75,0.6,0.6666666666666665,1.0,4.0,1.0,0.6,0.7499999999999999,1.0,3.0,1.0,0.6,0.7499999999999999,1.0,3.0,1.0,1.0,1.0,0.0,5.0,1.0,0.8,0.888888888888889,1.0,4.0,1.0,1.0,1.0,0.0,5.0,complete,
cm1,continuous,1000,50,1.0,4,1724379490,0.6666666666666666,0.8,0.7272727272727272,1.0,6.0,1.0,0.6,0.7499999999999999,1.0,3.0,0.75,0.6,0.6666666666666665,1.0,4.0,1.0,0.8,0.888888888888889,1.0,4.0,1.0,0.6,0.7499999999999999,1.0,3.0,1.0,0.8,0.888888888888889,1.0,4.0,complete,
cm1,continuous,1000,50,1.0,5,983725401,0.8,0.8,0.8000000000000002,1.0,5.0,1.0,0.8,0.888888888888889,1.0,4.0,1.0,0.8,0.888888888888889,1.0,4.0,0.8,0.8,0.8000000000000002,1.0,5.0,1.0,0.2,0.33333333333333337,1.0,1.0,1.0,0.6,0.7499999999999999,1.0,3.0,complete,
cm1,continuous,1000,50,1.0,6,3116440531,0.8,0.8,0.8000000000000002,1.0,5.0,1.0,0.6,0.7499999999999999,1.0,3.0,1.0,0.6,0.7499999999999999,1.0,3.0,1.0,0.8,0.888888888888889,1.0,4.0,1.0,0.6,0.7499999999999999,1.0,3.0,1.0,0.8,0.888888888888889,1.0,4.0,complete,
cm1,continuous,1000,50,1.0,7,3129281004,0.75,0.6,0.6666666666666665,1.0,4.0,1.0,0.6,0.7499999999999999,1.0,3.0,1.0,0.6,0.7499999999999999,1.0,3.0,1.0,0.8,0.888888888888889,1.0,4.0,1.0,0.6,0.7499999999999999,1.0,3.0,1.0,0.8,0.888888888888889,1.0,4.0,complete,
cm1,continuous,1000,50,1.0,8,3551978252,0.8,0.8,0.8000000000000002,1.0,5.0,1.0,0.6,0.7499999999999999,1.0,3.0,1.0,0.6,0.7499999999999999,1.0,3.0,1.0,0.8,0.888888888888889,1.0,4.0,1.0,0.4,0.5714285714285715,1.0,2.0,1.0,0.8,0.888888888888889,1.0,4.0,complete,
cm1,continuous,1000,50,1.0,9,2519920181,0.75,0.6,0.6666666666666665,1.0,4.0,1.0,0.6,0.7499999999999999,1.0,3.0,1.0,0.6,0.7499999999999999,1.0,3.0,1.0,0.8,0.888888888888889,1.0,4.0,1.0,0.8,0.888888888888889,1.0,4.0,1.0,0.8,0.888888888888889,1.0,4.0,complete,
cm1,continuous,1000,50,1.0,10,4075276012,0.75,0.6,0.6666666666666665,1.0,4.0,1.0,0.6,0.7499999999999999,1.0,3.0,1.0,0.6,0.7499999999999999,1.0,3.0,1.0,0.8,0.888888888888889,1.0,4.0,1.0,0.8,0.888888888888889,1.0,4.0,1.0,0.8,0.888888888888889,1.0,4.0,complete,
cm1,continuous,1000,50,1.0,11,3272251356,1.0,0.6,0.7499999999999999,1.0,3.0,1.0,0.6,0.7499999999999999,1.0,3.0,1.0,0.6,0.7499999999999999,1.0,3.0,1.0,1.0,1.0,0.0,5.0,1.0,0.6,0.7499999999999999,1.0,3.0,1.0,1.0,1.0,0.0,5.0,complete,
cm1,continuous,1000,50,1.0,12,320211909,0.6666666666666666,0.8,0.7272727272727272,1.0,6.0,1.0,0.6,0.7499999999999999,1.0,3.0,0.75,0.6,0.6666666666666665,1.0,4.0,1.0,1.0,1.0,0.0,5.0,1.0,0.2,0.33333333333333337,1.0,1.0,1.0,0.8,0.888888888888889,1.0,4.0,complete,
cm1,continuous,1000,50,1.0,13,2986571059,0.6666666666666666,0.8,0.7272727272727272,1.0,6.0,1.0,0.6,0.7499999999999999,1.0,3.0,1.0,0.6,0.7499999999999999,1.0,3.0,1.0,0.8,0.888888888888889,1.0,4.0,1.0,0.4,0.5714285714285715,1.0,2.0,1.0,0.8,0.888888888888889,1.0,4.0,complete,
cm1,continuous,1000,50,1.0,14,1280560108,0.5714285714285714,0.8,0.6666666666666666,1.0,7.0,1.0,0.6,0.7499999999999999,1.0,3.0,1.0,0.6,0.7499999999999999,1.0,3.0,1.0,1.0,1.0,0.0,5.0,1.0,0.2,0.33333333333333337,1.0,1.0,1.0,0.8,0.888888888888889,1.0,4.0,complete,
cm1,continuous,1000,50,1.0,15,2473281835,0.42857142857142855,0.6,0.5,1.0,7.0,1.0,0.6,0.7499999999999999,1.0,3.0,1.0,0.6,0.7499999999999999,1.0,3.0,1.0,0.8,0.888888888888889,1.0,4.0,1.0,0.2,0.33333333333333337,1.0,1.0,1.0,0.8,0.888888888888889,1.0,4.0,complete,
cm1,continuous,1000,50,1.0,16,2931174759,1.0,0.8,0.888888888888889,1.0,4.0,1.0,0.6,0.7499999999999999,1.0,3.0,1.0,0.6,0.7499999999999999,1.0,3.0,1.0,0.8,0.888888888888889,1.0,4.0,1.0,0.4,0.5714285714285715,1.0,2.0,1.0,0.8,0.888888888888889,1.0,4.0,complete,
cm1,continuous,1000,50,1.0,17,4133016588,0.6,0.6,0.6,1.0,5.0,1.0,0.6,0.7499999999999999,1.0,3.0,1.0,0.6,0.7499999999999999,1.0,3.0,1.0,1.0,1.0,0.0,5.0,1.0,0.6,0.7499999999999999,1.0,3.0,1.0,1.0,1.0,0.0,5.0,complete,
cm1,continuous,1000,50,1.0,18,1846264438,1.0,0.6,0.7499999999999999,1.0,3.0,1.0,0.6,0.7499999999999999,1.0,3.0,1.0,0.6,0.7499999999999999,1.0,3.0,1.0,0.8,0.888888888888889,1.0,4.0,1.0,0.4,0.5714285714285715,1.0,2.0,1.0,0.8,0.888888888888889,1.0,4.0,complete,
cm1,continuous,1000,50,1.0,19,2030219929,1.0,0.8,0.888888888888889,1.0,4.0,1.0,0.6,0.7499999999999999,1.0,3.0,1.0,0.8,0.888888888888889,1.0,4.0,1.0,0.8,0.888888888888889,1.0,4.0,1.0,0.4,0.5714285714285715,1.0,2.0,1.0,0.6,0.7499999999999999,1.0,3.0,complete,
cm1,continuous,1000,50,1.0,20,984071613,0.75,0.6,0.6666666666666665,1.0,4.0,1.0,0.6,0.7499999999999999,1.0,3.0,1.0,0.6,0.7499999999999999,1.0,3.0,1.0,0.8,0.888888888888889,1.0,4.0,1.0,0.6,0.7499999999999999,1.0,3.0,1.0,0.8,0.888888888888889,1.0,4.0,complete,
cm1,continuous,1000,50,1.0,21,2798727618,0.5,0.8,0.6153846153846154,1.0,8.0,1.0,0.6,0.7499999999999999,1.0,3.0,1.0,0.6,0.7499999999999999,1.0,3.0,1.0,1.0,1.0,0.0,5.0,1.0,0.6,0.7499999999999999,1.0,3.0,1.0,0.8,0.888888888888889,1.0,4.0,complete,
cm1,continuous,1000,50,1.0,22,2168422945,1.0,0.6,0.7499999999999999,1.0,3.0,1.0,0.6,0.7499999999999999,1.0,3.0,1.0,0.6,0.7499999999999999,1.0,3.0,1.0,0.8,0.888888888888889,1.0,4.0,1.0,0.4,0.5714285714285715,1.0,2.0,1.0,0.8,0.888888888888889,1.0,4.0,complete,
cm1,continuous,1000,50,1.0,23,1946089351,1.0,0.6,0.7499999999999999,1.0,3.0,1.0,0.6,0.7499999999999999,1.0,3.0,1.0,0.6,0.7499999999999999,1.0,3.0,1.0,1.0,1.0,0.0,5.0,1.0,0.8,0.888888888888889,1.0,4.0,1.0,0.8,0.888888888888889,1.0,4.0,complete,
cm1,continuous,1000,50,1.0,24,2624479858,1.0,0.8,0.888888888888889,1.0,4.0,1.0,0.6,0.7499999999999999,1.0,3.0,1.0,0.6,0.7499999999999999,1.0,3.0,1.0,1.0,1.0,0.0,5.0,1.0,0.8,0.888888888888889,1.0,4.0,1.0,0.8,0.888888888888889,1.0,4.0,complete,
cm1,continuous,1000,50,1.0,25,2962631604,1.0,0.8,0.888888888888889,1.0,4.0,1.0,0.6,0.7499999999999999,1.0,3.0,1.0,0.8,0.888888888888889,1.0,4.0,1.0,0.8,0.888888888888889,1.0,4.0,1.0,0.2,0.33333333333333337,1.0,1.0,1.0,0.8,0.888888888888889,1.0,4.0,complete,
cm1,continuous,1000,50,1.0,26,1769146071,1.0,0.8,0.888888888888889,1.0,4.0,1.0,0.6,0.7499999999999999,1.0,3.0,1.0,0.6,0.7499999999999999,1.0,3.0,1.0,0.8,0.888888888888889,1.0,4.0,1.0,0.6,0.7499999999999999,1.0,3.0,1.0,0.8,0.888888888888889,1.0,4.0,complete,
cm1,continuous,1000,50,1.0,27,4262060226,0.8,0.8,0.8000000000000002,1.0,5.0,1.0,0.6,0.7499999999999999,1.0,3.0,0.75,0.6,0.6666666666666665,1.0,4.0,1.0,0.8,0.888888888888889,1.0,4.0,1.0,0.6,0.7499999999999999,1.0,3.0,1.0,0.8,0.888888888888889,1.0,4.0,complete,
cm1,continuous,1000,50,1.0,28,1874937518,0.75,0.6,0.6666666666666665,1.0,4.0,1.0,0.6,0.7499999999999999,1.0,3.0,1.0,0.6,0.7499999999999999,1.0,3.0,1.0,1.0,1.0,0.0,5.0,1.0,0.8,0.888888888888889,1.0,4.0,1.0,1.0,1.0,0.0,5.0,complete,
cm1,continuous,1000,50,1.0,29,2151405782,0.75,0.6,0.6666666666666665,1.0,4.0,1.0,0.4,0.5714285714285715,1.0,2.0,1.0,0.6,0.7499999999999999,1.0,3.0,1.0,0.8,0.888888888888889,1.0,4.0,1.0,0.4,0.5714285714285715,1.0,2.0,1.0,0.8,0.888888888888889,1.0,4.0,complete,
cm1,continuous,1000,50,1.0,30,1925308168,0.75,0.6,0.6666666666666665,1.0,4.0,1.0,0.6,0.7499999999999999,1.0,3.0,1.0,0.6,0.7499999999999999,1.0,3.0,1.0,1.0,1.0,0.0,5.0,1.0,0.6,0.7499999999999999,1.0,3.0,1.0,0.8,0.888888888888889,1.0,4.0,complete,
cm1,continuous,1000,50,1.0,31,3080568751,0.75,0.6,0.6666666666666665,1.0,4.0,1.0,0.6,0.7499999999999999,1.0,3.0,1.0,0.6,0.7499999999999999,1.0,3.0,1.0,0.8,0.888888888888889,1.0,4.0,1.0,0.2,0.33333333333333337,1.0,1.0,1.0,0.8,0.888888888888889,1.0,4.0,complete,
cm1,continuous,1000,50,1.0,32,530387325,1.0,0.8,0.888888888888889,1.0,4.0,1.0,0.6,0.7499999999999999,1.0,3.0,1.0,0.8,0.888888888888889,1.0,4.0,1.0,0.8,0.888888888888889,1.0,4.0,1.0,0.6,0.7499999999999999,1.0,3.0,1.0,0.8,0.888888888888889,1.0,4.0,complete,
cm1,continuous,1000,50,1.0,33,3449717720,0.6,0.6,0.6,1.0,5.0,1.0,0.6,0.7499999999999999,1.0,3.0,1.0,0.6,0.7499999999999999,1.0,3.0,1.0,1.0,1.0,0.0,5.0,1.0,0.8,0.888888888888889,1.0,4.0,1.0,1.0,1.0,0.0,5.0,complete,
cm1,continuous,1000,50,1.0,34,1522321298,0.75,0.6,0.6666666666666665,1.0,4.0,1.0,0.6,0.7499999999999999,1.0,3.0,1.0,0.6,0.7499999999999999,1.0,3.0,1.0,0.8,0.888888888888889,1.0,4.0,1.0,0.6,0.7499999999999999,1.0,3.0,1.0,0.8,0.888888888888889,1.0,4.0,complete,
cm1,continuous,1000,50,1.0,35,3191282489,0.5,0.6,0.5454545454545454,1.0,6.0,1.0,0.6,0.7499999999999999,1.0,3.0,1.0,0.6,0.7499999999999999,1.0,3.0,0.8333333333333334,1.0,0.9090909090909091,0.0,6.0,1.0,0.8,0.888888888888889,1.0,4.0,1.0,0.8,0.888888888888889,1.0,4.0,complete,
cm1,continuous,1000,50,1.0,36,1520317008,0.75,0.6,0.6666666666666665,1.0,4.0,1.0,0.6,0.7499999999999999,1.0,3.0,1.0,0.6,0.7499999999999999,1.0,3.0,1.0,1.0,1.0,0.0,5.0,1.0,0.6,0.7499999999999999,1.0,3.0,1.0,1.0,1.0,0.0,5.0,complete,
cm1,continuous,1000,50,1.0,37,4172193195,0.8,0.8,0.8000000000000002,1.0,5.0,1.0,0.6,0.7499999999999999,1.0,3.0,1.0,0.6,0.7499999999999999,1.0,3.0,1.0,0.8,0.888888888888889,1.0,4.0,1.0,0.4,0.5714285714285715,1.0,2.0,1.0,0.8,0.888888888888889,1.0,4.0,complete,
cm1,continuous,1000,50,1.0,38,1979906194,0.5,0.6,0.5454545454545454,1.0,6.0,1.0,0.6,0.7499999999999999,1.0,3.0,0.75,0.6,0.6666666666666665,1.0,4.0,1.0,1.0,1.0,0.0,5.0,1.0,0.2,0.33333333333333337,1.0,1.0,1.0,0.8,0.888888888888889,1.0,4.0,complete,
cm1,continuous,1000,50,1.0,39,1703756130,0.5714285714285714,0.8,0.6666666666666666,1.0,7.0,1.0,0.6,0.7499999999999999,1.0,3.0,0.75,0.6,0.6666666666666665,1.0,4.0,1.0,1.0,1.0,0.0,5.0,1.0,0.8,0.888888888888889,1.0,4.0,1.0,0.8,0.888888888888889,1.0,4.0,complete,
cm1,continuous,1000,50,1.0,40,345588188,0.6666666666666666,0.8,0.7272727272727272,1.0,6.0,1.0,0.6,0.7499999999999999,1.0,3.0,1.0,0.6,0.7499999999999999,1.0,3.0,1.0,0.8,0.888888888888889,1.0,4.0,1.0,0.2,0.33333333333333337,1.0,1.0,1.0,0.8,0.888888888888889,1.0,4.0,complete,
cm1,continuous,1000,50,1.0,41,2084001485,0.8,0.8,0.8000000000000002,1.0,5.0,1.0,0.6,0.7499999999999999,1.0,3.0,0.75,0.6,0.6666666666666665,1.0,4.0,1.0,1.0,1.0,0.0,5.0,1.0,0.4,0.5714285714285715,1.0,2.0,1.0,0.6,0.7499999999999999,1.0,3.0,complete,
cm1,continuous,1000,50,1.0,42,2036441818,0.6666666666666666,0.8,0.7272727272727272,1.0,6.0,1.0,0.6,0.7499999999999999,1.0,3.0,0.6,0.6,0.6,1.0,5.0,1.0,0.8,0.888888888888889,1.0,4.0,1.0,0.6,0.7499999999999999,1.0,3.0,1.0,0.8,0.888888888888889,1.0,4.0,complete,
cm1,continuous,1000,50,1.0,43,2818120089,0.7142857142857143,1.0,0.8333333333333333,0.0,7.0,1.0,0.6,0.7499999999999999,1.0,3.0,0.8,0.8,0.8000000000000002,1.0,5.0,1.0,1.0,1.0,0.0,5.0,1.0,0.8,0.888888888888889,1.0,4.0,1.0,1.0,1.0,0.0,5.0,complete,
cm1,continuous,1000,50,1.0,44,4138039741,0.5,0.6,0.5454545454545454,1.0,6.0,1.0,0.6,0.7499999999999999,1.0,3.0,1.0,0.6,0.7499999999999999,1.0,3.0,1.0,1.0,1.0,0.0,5.0,1.0,0.6,0.7499999999999999,1.0,3.0,1.0,0.6,0.7499999999999999,1.0,3.0,complete,
cm1,continuous,1000,50,1.0,45,1745783147,0.6,0.6,0.6,1.0,5.0,1.0,0.4,0.5714285714285715,1.0,2.0,0.75,0.6,0.6666666666666665,1.0,4.0,1.0,0.8,0.888888888888889,1.0,4.0,1.0,0.8,0.888888888888889,1.0,4.0,1.0,0.8,0.888888888888889,1.0,4.0,complete,
cm1,continuous,1000,50,1.0,46,4175092212,0.8,0.8,0.8000000000000002,1.0,5.0,1.0,0.6,0.7499999999999999,1.0,3.0,1.0,0.6,0.7499999999999999,1.0,3.0,1.0,0.8,0.888888888888889,1.0,4.0,1.0,0.2,0.33333333333333337,1.0,1.0,1.0,0.8,0.888888888888889,1.0,4.0,complete,
cm1,continuous,1000,50,1.0,47,3706513230,0.8,0.8,0.8000000000000002,1.0,5.0,1.0,0.6,0.7499999999999999,1.0,3.0,1.0,0.6,0.7499999999999999,1.0,3.0,1.0,0.8,0.888888888888889,1.0,4.0,1.0,0.8,0.888888888888889,1.0,4.0,1.0,0.8,0.888888888888889,1.0,4.0,complete,
cm1,continuous,1000,50,1.0,48,2542196761,1.0,0.6,0.7499999999999999,1.0,3.0,1.0,0.6,0.7499999999999999,1.0,3.0,1.0,0.6,0.7499999999999999,1.0,3.0,1.0,0.8,0.888888888888889,1.0,4.0,1.0,0.4,0.5714285714285715,1.0,2.0,1.0,0.8,0.888888888888889,1.0,4.0,complete,
cm1,continuous,1000,50,1.0,49,3793390755,0.5,0.8,0.6153846153846154,1.0,8.0,1.0,0.6,0.7499999999999999,1.0,3.0,0.75,0.6,0.6666666666666665,1.0,4.0,1.0,1.0,1.0,0.0,5.0,1.0,0.2,0.33333333333333337,1.0,1.0,1.0,0.8,0.888888888888889,1.0,4.0,complete,
cm1,continuous,1000,50,1.0,50,2868740766,0.8333333333333334,1.0,0.9090909090909091,0.0,6.0,1.0,0.6,0.7499999999999999,1.0,3.0,1.0,0.6,0.7499999999999999,1.0,3.0,1.0,0.8,0.888888888888889,1.0,4.0,1.0,0.8,0.888888888888889,1.0,4.0,1.0,0.8,0.888888888888889,1.0,4.0,complete,
cm1,continuous,1000,50,1.0,51,128692229,0.6,0.6,0.6,1.0,5.0,1.0,0.4,0.5714285714285715,1.0,2.0,1.0,0.6,0.7499999999999999,1.0,3.0,1.0,1.0,1.0,0.0,5.0,1.0,0.8,0.888888888888889,1.0,4.0,1.0,0.8,0.888888888888889,1.0,4.0,complete,
cm1,continuous,1000,50,1.0,52,2911169423,0.8,0.8,0.8000000000000002,1.0,5.0,1.0,0.4,0.5714285714285715,1.0,2.0,1.0,0.6,0.7499999999999999,1.0,3.0,1.0,0.8,0.888888888888889,1.0,4.0,1.0,0.6,0.7499999999999999,1.0,3.0,1.0,0.8,0.888888888888889,1.0,4.0,complete,
cm1,continuous,1000,50,1.0,53,2241099390,1.0,0.8,0.888888888888889,1.0,4.0,1.0,0.6,0.7499999999999999,1.0,3.0,1.0,0.6,0.7499999999999999,1.0,3.0,1.0,0.8,0.888888888888889,1.0,4.0,1.0,0.6,0.7499999999999999,1.0,3.0,1.0,0.8,0.888888888888889,1.0,4.0,complete,
cm1,continuous,1000,50,1.0,54,1434288723,0.6666666666666666,0.8,0.7272727272727272,1.0,6.0,1.0,0.6,0.7499999999999999,1.0,3.0,1.0,0.6,0.7499999999999999,1.0,3.0,1.0,0.8,0.888888888888889,1.0,4.0,1.0,0.4,0.5714285714285715,1.0,2.0,1.0,0.8,0.888888888888889,1.0,4.0,complete,
cm1,continuous,1000,50,1.0,55,1114306425,0.8333333333333334,1.0,0.9090909090909091,0.0,6.0,1.0,0.6,0.7499999999999999,1.0,3.0,1.0,0.6,0.7499999999999999,1.0,3.0,1.0,1.0,1.0,0.0,5.0,1.0,0.6,0.7499999999999999,1.0,3.0,1.0,1.0,1.0,0.0,5.0,complete,
cm1,continuous,1000,50,1.0,56,3879941161,0.8,0.8,0.8000000000000002,1.0,5.0,1.0,0.6,0.7499999999999999,1.0,3.0,1.0,0.6,0.7499999999999999,1.0,3.0,1.0,0.8,0.888888888888889,1.0,4.0,1.0,0.6,0.7499999999999999,1.0,3.0,1.0,0.8,0.888888888888889,1.0,4.0,complete,
cm1,continuous,1000,50,1.0,57,3475484533,0.75,0.6,0.6666666666666665,1.0,4.0,1.0,0.6,0.7499999999999999,1.0,3.0,1.0,0.6,0.7499999999999999,1.0,3.0,1.0,0.8,0.888888888888889,1.0,4.0,1.0,0.6,0.7499999999999999,1.0,3.0,1.0,0.8,0.888888888888889,1.0,4.0,complete,
cm1,continuous,1000,50,1.0,58,217490316,0.75,0.6,0.6666666666666665,1.0,4.0,1.0,0.6,0.7499999999999999,1.0,3.0,0.75,0.6,0.6666666666666665,1.0,4.0,1.0,0.8,0.888888888888889,1.0,4.0,1.0,0.6,0.7499999999999999,1.0,3.0,1.0,0.8,0.888888888888889,1.0,4.0,complete,
cm1,continuous,1000,50,1.0,59,3022232453,0.8333333333333334,1.0,0.9090909090909091,0.0,6.0,1.0,0.6,0.7499999999999999,1.0,3.0,1.0,0.8,0.888888888888889,1.0,4.0,1.0,0.8,0.888888888888889,1.0,4.0,1.0,0.6,0.7499999999999999,1.0,3.0,1.0,0.8,0.888888888888889,1.0,4.0,complete,
cm1,continuous,1000,50,1.0,60,1763529153,0.75,0.6,0.6666666666666665,1.0,4.0,1.0,0.6,0.7499999999999999,1.0,3.0,1.0,0.6,0.7499999999999999,1.0,3.0,1.0,0.8,0.888888888888889,1.0,4.0,1.0,0.8,0.888888888888889,1.0,4.0,1.0,0.8,0.888888888888889,1.0,4.0,complete,
cm1,continuous,1000,50,1.0,61,3943922120,1.0,0.8,0.888888888888889,1.0,4.0,1.0,0.6,0.7499999999999999,1.0,3.0,1.0,0.8,0.888888888888889,1.0,4.0,1.0,0.8,0.888888888888889,1.0,4.0,1.0,0.2,0.33333333333333337,1.0,1.0,1.0,0.8,0.888888888888889,1.0,4.0,complete,
cm1,continuous,1000,50,1.0,62,1619175411,0.6666666666666666,0.8,0.7272727272727272,1.0,6.0,1.0,0.6,0.7499999999999999,1.0,3.0,1.0,0.6,0.7499999999999999,1.0,3.0,1.0,0.6,0.7499999999999999,1.0,3.0,1.0,0.2,0.33333333333333337,1.0,1.0,1.0,0.6,0.7499999999999999,1.0,3.0,complete,
cm1,continuous,1000,50,1.0,63,2131625856,1.0,0.6,0.7499999999999999,1.0,3.0,1.0,0.6,0.7499999999999999,1.0,3.0,1.0,0.6,0.7499999999999999,1.0,3.0,1.0,0.8,0.888888888888889,1.0,4.0,1.0,0.6,0.7499999999999999,1.0,3.0,1.0,0.8,0.888888888888889,1.0,4.0,complete,
cm1,continuous,1000,50,1.0,64,3328762480,0.6,0.6,0.6,1.0,5.0,1.0,0.6,0.7499999999999999,1.0,3.0,0.75,0.6,0.6666666666666665,1.0,4.0,1.0,1.0,1.0,0.0,5.0,1.0,0.8,0.888888888888889,1.0,4.0,1.0,1.0,1.0,0.0,5.0,complete,
cm1,continuous,1000,50,1.0,65,1389743894,0.6666666666666666,0.8,0.7272727272727272,1.0,6.0,1.0,0.6,0.7499999999999999,1.0,3.0,1.0,0.6,0.7499999999999999,1.0,3.0,1.0,0.8,0.888888888888889,1.0,4.0,1.0,0.2,0.33333333333333337,1.0,1.0,1.0,0.8,0.888888888888889,1.0,4.0,complete,
cm1,continuous,1000,50,1.0,66,703845890,1.0,0.6,0.7499999999999999,1.0,3.0,1.0,0.6,0.7499999999999999,1.0,3.0,1.0,0.6,0.7499999999999999,1.0,3.0,1.0,0.8,0.888888888888889,1.0,4.0,1.0,0.8,0.888888888888889,1.0,4.0,1.0,0.8,0.888888888888889,1.0,4.0,complete,
cm1,continuous,1000,50,1.0,67,410828424,0.75,0.6,0.6666666666666665,1.0,4.0,1.0,0.6,0.7499999999999999,1.0,3.0,1.0,0.6,0.7499999999999999,1.0,3.0,1.0,1.0,1.0,0.0,5.0,1.0,0.4,0.5714285714285715,1.0,2.0,1.0,0.8,0.888888888888889,1.0,4.0,complete,
cm1,continuous,1000,50,1.0,68,4285955892,0.75,0.6,0.6666666666666665,1.0,4.0,1.0,0.6,0.7499999999999999,1.0,3.0,1.0,0.6,0.7499999999999999,1.0,3.0,1.0,1.0,1.0,0.0,5.0,1.0,0.6,0.7499999999999999,1.0,3.0,1.0,1.0,1.0,0.0,5.0,complete,
cm1,continuous,1000,50,1.0,69,2061999822,1.0,0.8,0.888888888888889,1.0,4.0,1.0,0.6,0.7499999999999999,1.0,3.0,1.0,0.6,0.7499999999999999,1.0,3.0,1.0,0.8,0.888888888888889,1.0,4.0,1.0,0.6,0.7499999999999999,1.0,3.0,1.0,0.8,0.888888888888889,1.0,4.0,complete,
cm1,continuous,1000,50,1.0,70,1081216123,1.0,0.8,0.888888888888889,1.0,4.0,1.0,0.6,0.7499999999999999,1.0,3.0,1.0,0.6,0.7499999999999999,1.0,3.0,1.0,0.8,0.888888888888889,1.0,4.0,1.0,0.6,0.7499999999999999,1.0,3.0,1.0,0.6,0.7499999999999999,1.0,3.0,complete,
cm1,continuous,1000,50,1.0,71,3777781480,0.8,0.8,0.8000000000000002,1.0,5.0,1.0,0.6,0.7499999999999999,1.0,3.0,1.0,0.6,0.7499999999999999,1.0,3.0,1.0,0.8,0.888888888888889,1.0,4.0,1.0,0.2,0.33333333333333337,1.0,1.0,1.0,0.8,0.888888888888889,1.0,4.0,complete,
cm1,continuous,1000,50,1.0,72,2418317297,0.5714285714285714,0.8,0.6666666666666666,1.0,7.0,1.0,0.6,0.7499999999999999,1.0,3.0,1.0,0.6,0.7499999999999999,1.0,3.0,1.0,0.8,0.888888888888889,1.0,4.0,1.0,0.6,0.7499999999999999,1.0,3.0,1.0,0.8,0.888888888888889,1.0,4.0,complete,
cm1,continuous,1000,50,1.0,73,4049312678,1.0,0.6,0.7499999999999999,1.0,3.0,1.0,0.6,0.7499999999999999,1.0,3.0,1.0,0.6,0.7499999999999999,1.0,3.0,1.0,1.0,1.0,0.0,5.0,1.0,0.8,0.888888888888889,1.0,4.0,1.0,1.0,1.0,0.0,5.0,complete,
cm1,continuous,1000,50,1.0,74,2297758500,1.0,0.8,0.888888888888889,1.0,4.0,1.0,0.6,0.7499999999999999,1.0,3.0,1.0,0.6,0.7499999999999999,1.0,3.0,1.0,1.0,1.0,0.0,5.0,1.0,0.4,0.5714285714285715,1.0,2.0,1.0,0.8,0.888888888888889,1.0,4.0,complete,
cm1,continuous,1000,50,1.0,75,3785048888,1.0,0.6,0.7499999999999999,1.0,3.0,1.0,0.6,0.7499999999999999,1.0,3.0,1.0,0.6,0.7499999999999999,1.0,3.0,1.0,1.0,1.0,0.0,5.0,1.0,0.6,0.7499999999999999,1.0,3.0,1.0,0.8,0.888888888888889,1.0,4.0,complete,
cm1,continuous,1000,50,1.0,76,2916291839,0.8,0.8,0.8000000000000002,1.0,5.0,1.0,0.6,0.7499999999999999,1.0,3.0,0.75,0.6,0.6666666666666665,1.0,4.0,1.0,1.0,1.0,0.0,5.0,1.0,0.6,0.7499999999999999,1.0,3.0,1.0,0.8,0.888888888888889,1.0,4.0,complete,
cm1,continuous,1000,50,1.0,77,239199503,0.6666666666666666,0.8,0.7272727272727272,1.0,6.0,1.0,0.6,0.7499999999999999,1.0,3.0,1.0,0.6,0.7499999999999999,1.0,3.0,1.0,1.0,1.0,0.0,5.0,1.0,0.4,0.5714285714285715,1.0,2.0,1.0,1.0,1.0,0.0,5.0,complete,
cm1,continuous,1000,50,1.0,78,2409771631,0.6666666666666666,0.8,0.7272727272727272,1.0,6.0,1.0,0.6,0.7499999999999999,1.0,3.0,1.0,0.6,0.7499999999999999,1.0,3.0,1.0,0.8,0.888888888888889,1.0,4.0,1.0,0.6,0.7499999999999999,1.0,3.0,1.0,0.8,0.888888888888889,1.0,4.0,complete,
cm1,continuous,1000,50,1.0,79,892850439,0.75,0.6,0.6666666666666665,1.0,4.0,1.0,0.4,0.5714285714285715,1.0,2.0,1.0,0.6,0.7499999999999999,1.0,3.0,1.0,0.8,0.888888888888889,1.0,4.0,1.0,0.8,0.888888888888889,1.0,4.0,1.0,0.8,0.888888888888889,1.0,4.0,complete,
cm1,continuous,1000,50,1.0,80,627625843,1.0,0.8,0.888888888888889,1.0,4.0,1.0,0.6,0.7499999999999999,1.0,3.0,1.0,0.6,0.7499999999999999,1.0,3.0,1.0,1.0,1.0,0.0,5.0,1.0,0.6,0.7499999999999999,1.0,3.0,1.0,0.6,0.7499999999999999,1.0,3.0,complete,
cm1,continuous,1000,50,1.0,81,1254330615,0.6666666666666666,0.8,0.7272727272727272,1.0,6.0,1.0,0.6,0.7499999999999999,1.0,3.0,1.0,0.6,0.7499999999999999,1.0,3.0,1.0,0.8,0.888888888888889,1.0,4.0,1.0,0.4,0.5714285714285715,1.0,2.0,1.0,0.8,0.888888888888889,1.0,4.0,complete,
cm1,continuous,1000,50,1.0,82,1933534221,0.8,0.8,0.8000000000000002,1.0,5.0,1.0,0.6,0.7499999999999999,1.0,3.0,1.0,0.6,0.7499999999999999,1.0,3.0,1.0,1.0,1.0,0.0,5.0,1.0,0.8,0.888888888888889,1.0,4.0,1.0,0.8,0.888888888888889,1.0,4.0,complete,
cm1,continuous,1000,50,1.0,83,356798507,0.6,0.6,0.6,1.0,5.0,1.0,0.6,0.7499999999999999,1.0,3.0,0.75,0.6,0.6666666666666665,1.0,4.0,1.0,0.8,0.888888888888889,1.0,4.0,1.0,0.8,0.888888888888889,1.0,4.0,1.0,0.8,0.888888888888889,1.0,4.0,complete,
cm1,continuous,1000,50,1.0,84,1426410604,1.0,1.0,1.0,0.0,5.0,1.0,0.6,0.7499999999999999,1.0,3.0,1.0,0.6,0.7499999999999999,1.0,3.0,1.0,0.8,0.888888888888889,1.0,4.0,1.0,0.6,0.7499999999999999,1.0,3.0,1.0,0.8,0.888888888888889,1.0,4.0,complete,
cm1,continuous,1000,50,1.0,85,3457457959,0.5,0.8,0.6153846153846154,1.0,8.0,1.0,0.4,0.5714285714285715,1.0,2.0,0.6666666666666666,0.4,0.5,1.0,3.0,1.0,0.8,0.888888888888889,1.0,4.0,1.0,0.6,0.7499999999999999,1.0,3.0,1.0,0.8,0.888888888888889,1.0,4.0,complete,
cm1,continuous,1000,50,1.0,86,3156087247,1.0,0.8,0.888888888888889,1.0,4.0,1.0,0.6,0.7499999999999999,1.0,3.0,1.0,0.8,0.888888888888889,1.0,4.0,1.0,1.0,1.0,0.0,5.0,1.0,0.4,0.5714285714285715,1.0,2.0,1.0,0.8,0.888888888888889,1.0,4.0,complete,
cm1,continuous,1000,50,1.0,87,2012800096,0.5714285714285714,0.8,0.6666666666666666,1.0,7.0,1.0,0.6,0.7499999999999999,1.0,3.0,0.75,0.6,0.6666666666666665,1.0,4.0,1.0,1.0,1.0,0.0,5.0,1.0,0.4,0.5714285714285715,1.0,2.0,1.0,0.8,0.888888888888889,1.0,4.0,complete,
cm1,continuous,1000,50,1.0,88,118628494,1.0,0.8,0.888888888888889,1.0,4.0,1.0,0.6,0.7499999999999999,1.0,3.0,1.0,0.6,0.7499999999999999,1.0,3.0,1.0,1.0,1.0,0.0,5.0,1.0,0.6,0.7499999999999999,1.0,3.0,1.0,1.0,1.0,0.0,5.0,complete,
cm1,continuous,1000,50,1.0,89,1723755945,1.0,0.8,0.888888888888889,1.0,4.0,1.0,0.6,0.7499999999999999,1.0,3.0,1.0,0.6,0.7499999999999999,1.0,3.0,1.0,0.8,0.888888888888889,1.0,4.0,1.0,0.6,0.7499999999999999,1.0,3.0,1.0,0.8,0.888888888888889,1.0,4.0,complete,
cm1,continuous,1000,50,1.0,90,3036607542,0.5,0.6,0.5454545454545454,1.0,6.0,1.0,0.6,0.7499999999999999,1.0,3.0,1.0,0.6,0.7499999999999999,1.0,3.0,1.0,1.0,1.0,0.0,5.0,1.0,0.6,0.7499999999999999,1.0,3.0,1.0,0.8,0.888888888888889,1.0,4.0,complete,
cm1,continuous,1000,50,1.0,91,2473889212,0.75,0.6,0.6666666666666665,1.0,4.0,1.0,0.6,0.7499999999999999,1.0,3.0,1.0,0.6,0.7499999999999999,1.0,3.0,1.0,0.8,0.888888888888889,1.0,4.0,1.0,0.4,0.5714285714285715,1.0,2.0,1.0,0.8,0.888888888888889,1.0,4.0,complete,
cm1,continuous,1000,50,1.0,92,2215815334,0.6666666666666666,0.8,0.7272727272727272,1.0,6.0,1.0,0.6,0.7499999999999999,1.0,3.0,0.8,0.8,0.8000000000000002,1.0,5.0,1.0,0.8,0.888888888888889,1.0,4.0,1.0,0.8,0.888888888888889,1.0,4.0,1.0,0.8,0.888888888888889,1.0,4.0,complete,
cm1,continuous,1000,50,1.0,93,2239373580,0.6666666666666666,0.8,0.7272727272727272,1.0,6.0,1.0,0.6,0.7499999999999999,1.0,3.0,0.75,0.6,0.6666666666666665,1.0,4.0,1.0,0.8,0.888888888888889,1.0,4.0,1.0,0.8,0.888888888888889,1.0,4.0,1.0,0.8,0.888888888888889,1.0,4.0,complete,
cm1,continuous,1000,50,1.0,94,3303665221,0.75,0.6,0.6666666666666665,1.0,4.0,1.0,0.6,0.7499999999999999,1.0,3.0,0.75,0.6,0.6666666666666665,1.0,4.0,1.0,1.0,1.0,0.0,5.0,1.0,0.6,0.7499999999999999,1.0,3.0,1.0,0.8,0.888888888888889,1.0,4.0,complete,
cm1,continuous,1000,50,1.0,95,3505797936,0.6,0.6,0.6,1.0,5.0,1.0,0.6,0.7499999999999999,1.0,3.0,0.75,0.6,0.6666666666666665,1.0,4.0,1.0,1.0,1.0,0.0,5.0,1.0,0.8,0.888888888888889,1.0,4.0,1.0,1.0,1.0,0.0,5.0,complete,
cm1,continuous,1000,50,1.0,96,3050907895,0.8,0.8,0.8000000000000002,1.0,5.0,1.0,0.6,0.7499999999999999,1.0,3.0,0.8,0.8,0.8000000000000002,1.0,5.0,1.0,0.8,0.888888888888889,1.0,4.0,1.0,0.4,0.5714285714285715,1.0,2.0,1.0,0.8,0.888888888888889,1.0,4.0,complete,
cm1,continuous,1000,50,1.0,97,1260831777,0.3333333333333333,0.6,0.42857142857142855,1.0,9.0,1.0,0.6,0.7499999999999999,1.0,3.0,1.0,0.6,0.7499999999999999,1.0,3.0,1.0,0.8,0.888888888888889,1.0,4.0,1.0,0.8,0.888888888888889,1.0,4.0,1.0,0.8,0.888888888888889,1.0,4.0,complete,
cm1,continuous,1000,50,1.0,98,2637040713,0.5714285714285714,0.8,0.6666666666666666,1.0,7.0,1.0,0.6,0.7499999999999999,1.0,3.0,1.0,0.6,0.7499999999999999,1.0,3.0,1.0,0.8,0.888888888888889,1.0,4.0,1.0,0.6,0.7499999999999999,1.0,3.0,1.0,0.8,0.888888888888889,1.0,4.0,complete,
cm1,continuous,1000,50,1.0,99,2954242353,1.0,0.8,0.888888888888889,1.0,4.0,1.0,0.6,0.7499999999999999,1.0,3.0,1.0,0.6,0.7499999999999999,1.0,3.0,1.0,1.0,1.0,0.0,5.0,1.0,0.6,0.7499999999999999,1.0,3.0,1.0,1.0,1.0,0.0,5.0,complete,
cm1,continuous,1000,50,10.0,0,1201111997,1.0,0.6,0.7499999999999999,1.0,3.0,1.0,0.6,0.7499999999999999,1.0,3.0,1.0,0.6,0.7499999999999999,1.0,3.0,1.0,1.0,1.0,0.0,5.0,1.0,0.8,0.888888888888889,1.0,4.0,1.0,0.8,0.888888888888889,1.0,4.0,complete,
cm1,continuous,1000,50,10.0,1,4136021711,1.0,0.6,0.7499999999999999,1.0,3.0,1.0,0.6,0.7499999999999999,1.0,3.0,1.0,0.6,0.7499999999999999,1.0,3.0,1.0,0.8,0.888888888888889,1.0,4.0,1.0,0.2,0.33333333333333337,1.0,1.0,1.0,0.6,0.7499999999999999,1.0,3.0,complete,
cm1,continuous,1000,50,10.0,2,264316072,0.5,0.6,0.5454545454545454,1.0,6.0,1.0,0.6,0.7499999999999999,1.0,3.0,1.0,0.6,0.7499999999999999,1.0,3.0,1.0,1.0,1.0,0.0,5.0,1.0,0.8,0.888888888888889,1.0,4.0,1.0,0.8,0.888888888888889,1.0,4.0,complete,
cm1,continuous,1000,50,10.0,3,2133287501,0.8,0.8,0.8000000000000002,1.0,5.0,1.0,0.6,0.7499999999999999,1.0,3.0,0.75,0.6,0.6666666666666665,1.0,4.0,1.0,1.0,1.0,0.0,5.0,1.0,0.6,0.7499999999999999,1.0,3.0,1.0,0.8,0.888888888888889,1.0,4.0,complete,
cm1,continuous,1000,50,10.0,4,1081757844,0.5,0.6,0.5454545454545454,1.0,6.0,1.0,0.4,0.5714285714285715,1.0,2.0,1.0,0.6,0.7499999999999999,1.0,3.0,1.0,0.8,0.888888888888889,1.0,4.0,1.0,0.8,0.888888888888889,1.0,4.0,1.0,0.8,0.888888888888889,1.0,4.0,complete,
cm1,continuous,1000,50,10.0,5,2501021621,1.0,0.8,0.888888888888889,1.0,4.0,1.0,0.6,0.7499999999999999,1.0,3.0,1.0,0.8,0.888888888888889,1.0,4.0,1.0,0.8,0.888888888888889,1.0,4.0,1.0,0.4,0.5714285714285715,1.0,2.0,1.0,0.6,0.7499999999999999,1.0,3.0,complete,
cm1,continuous,1000,50,10.0,6,3038384014,0.42857142857142855,0.6,0.5,1.0,7.0,1.0,0.6,0.7499999999999999,1.0,3.0,1.0,0.6,0.7499999999999999,1.0,3.0,1.0,0.6,0.7499999999999999,1.0,3.0,1.0,0.4,0.5714285714285715,1.0,2.0,1.0,0.6,0.7499999999999999,1.0,3.0,complete,
cm1,continuous,1000,50,10.0,7,937184577,0.5,0.6,0.5454545454545454,1.0,6.0,1.0,0.6,0.7499999999999999,1.0,3.0,1.0,0.6,0.7499999999999999,1.0,3.0,1.0,0.8,0.888888888888889,1.0,4.0,1.0,0.8,0.888888888888889,1.0,4.0,1.0,0.8,0.888888888888889,1.0,4.0,complete,
cm1,continuous,1000,50,10.0,8,224069954,0.75,0.6,0.6666666666666665,1.0,4.0,1.0,0.6,0.7499999999999999,1.0,3.0,1.0,0.6,0.7499999999999999,1.0,3.0,1.0,1.0,1.0,0.0,5.0,1.0,0.4,0.5714285714285715,1.0,2.0,1.0,1.0,1.0,0.0,5.0,complete,
cm1,continuous,1000,50,10.0,9,904165097,0.6,0.6,0.6,1.0,5.0,1.0,0.6,0.7499999999999999,1.0,3.0,1.0,0.6,0.7499999999999999,1.0,3.0,1.0,1.0,1.0,0.0,5.0,1.0,0.4,0.5714285714285715,1.0,2.0,1.0,1.0,1.0,0.0,5.0,complete,
cm1,continuous,1000,50,10.0,10,213600965,0.75,0.6,0.6666666666666665,1.0,4.0,1.0,0.6,0.7499999999999999,1.0,3.0,1.0,0.6,0.7499999999999999,1.0,3.0,1.0,0.8,0.888888888888889,1.0,4.0,1.0,0.8,0.888888888888889,1.0,4.0,1.0,0.6,0.7499999999999999,1.0,3.0,complete,
cm1,continuous,1000,50,10.0,11,4000444780,0.75,0.6,0.6666666666666665,1.0,4.0,1.0,0.6,0.7499999999999999,1.0,3.0,1.0,0.6,0.7499999999999999,1.0,3.0,1.0,0.8,0.888888888888889,1.0,4.0,1.0,0.6,0.7499999999999999,1.0,3.0,1.0,0.8,0.888888888888889,1.0,4.0,complete,
cm1,continuous,1000,50,10.0,12,101952711,0.6,0.6,0.6,1.0,5.0,1.0,0.6,0.7499999999999999,1.0,3.0,0.75,0.6,0.6666666666666665,1.0,4.0,1.0,1.0,1.0,0.0,5.0,1.0,0.6,0.7499999999999999,1.0,3.0,1.0,0.8,0.888888888888889,1.0,4.0,complete,
cm1,continuous,1000,50,10.0,13,646883858,1.0,0.6,0.7499999999999999,1.0,3.0,1.0,0.6,0.7499999999999999,1.0,3.0,1.0,0.6,0.7499999999999999,1.0,3.0,1.0,0.8,0.888888888888889,1.0,4.0,1.0,0.4,0.5714285714285715,1.0,2.0,1.0,0.8,0.888888888888889,1.0,4.0,complete,
cm1,continuous,1000,50,10.0,14,1035951343,0.6,0.6,0.6,1.0,5.0,1.0,0.6,0.7499999999999999,1.0,3.0,0.75,0.6,0.6666666666666665,1.0,4.0,1.0,1.0,1.0,0.0,5.0,1.0,0.8,0.888888888888889,1.0,4.0,1.0,0.8,0.888888888888889,1.0,4.0,complete,
cm1,continuous,1000,50,10.0,15,716401148,0.75,0.6,0.6666666666666665,1.0,4.0,1.0,0.6,0.7499999999999999,1.0,3.0,1.0,0.6,0.7499999999999999,1.0,3.0,1.0,0.8,0.888888888888889,1.0,4.0,1.0,0.8,0.888888888888889,1.0,4.0,1.0,0.8,0.888888888888889,1.0,4.0,complete,
cm1,continuous,1000,50,10.0,16,3066793775,0.8,0.8,0.8000000000000002,1.0,5.0,1.0,0.6,0.7499999999999999,1.0,3.0,1.0,0.6,0.7499999999999999,1.0,3.0,1.0,0.8,0.888888888888889,1.0,4.0,1.0,0.8,0.888888888888889,1.0,4.0,1.0,0.8,0.888888888888889,1.0,4.0,complete,
cm1,continuous,1000,50,10.0,17,835418669,0.8,0.8,0.8000000000000002,1.0,5.0,1.0,0.6,0.7499999999999999,1.0,3.0,1.0,0.6,0.7499999999999999,1.0,3.0,1.0,1.0,1.0,0.0,5.0,1.0,0.6,0.7499999999999999,1.0,3.0,1.0,0.6,0.7499999999999999,1.0,3.0,complete,
cm1,continuous,1000,50,10.0,18,3081865650,0.5,0.6,0.5454545454545454,1.0,6.0,1.0,0.4,0.5714285714285715,1.0,2.0,0.6666666666666666,0.4,0.5,1.0,3.0,1.0,0.8,0.888888888888889,1.0,4.0,1.0,0.6,0.7499999999999999,1.0,3.0,1.0,0.8,0.888888888888889,1.0,4.0,complete,
cm1,continuous,1000,50,10.0,19,494970404,0.8,0.8,0.8000000000000002,1.0,5.0,1.0,0.4,0.5714285714285715,1.0,2.0,0.75,0.6,0.6666666666666665,1.0,4.0,1.0,1.0,1.0,0.0,5.0,1.0,0.4,0.5714285714285715,1.0,2.0,1.0,1.0,1.0,0.0,5.0,complete,
cm1,continuous,1000,50,10.0,20,3653840105,0.6666666666666666,0.8,0.7272727272727272,1.0,6.0,1.0,0.6,0.7499999999999999,1.0,3.0,1.0,0.6,0.7499999999999999,1.0,3.0,1.0,1.0,1.0,0.0,5.0,1.0,0.6,0.7499999999999999,1.0,3.0,1.0,1.0,1.0,0.0,5.0,complete,
cm1,continuous,1000,50,10.0,21,2189979644,0.8,0.8,0.8000000000000002,1.0,5.0,1.0,0.6,0.7499999999999999,1.0,3.0,1.0,0.8,0.888888888888889,1.0,4.0,1.0,1.0,1.0,0.0,5.0,1.0,0.8,0.888888888888889,1.0,4.0,1.0,0.8,0.888888888888889,1.0,4.0,complete,
cm1,continuous,1000,50,10.0,22,853587068,1.0,0.6,0.7499999999999999,1.0,3.0,1.0,0.6,0.7499999999999999,1.0,3.0,1.0,0.4,0.5714285714285715,1.0,2.0,1.0,0.8,0.888888888888889,1.0,4.0,1.0,0.6,0.7499999999999999,1.0,3.0,1.0,0.8,0.888888888888889,1.0,4.0,complete,
cm1,continuous,1000,50,10.0,23,4136021995,0.6666666666666666,0.8,0.7272727272727272,1.0,6.0,1.0,0.6,0.7499999999999999,1.0,3.0,1.0,0.6,0.7499999999999999,1.0,3.0,1.0,0.8,0.888888888888889,1.0,4.0,1.0,0.6,0.7499999999999999,1.0,3.0,1.0,0.8,0.888888888888889,1.0,4.0,complete,
cm1,continuous,1000,50,10.0,24,3394126268,0.8,0.8,0.8000000000000002,1.0,5.0,1.0,0.4,0.5714285714285715,1.0,2.0,1.0,0.6,0.7499999999999999,1.0,3.0,1.0,0.8,0.888888888888889,1.0,4.0,1.0,0.6,0.7499999999999999,1.0,3.0,1.0,0.8,0.888888888888889,1.0,4.0,complete,
cm1,continuous,1000,50,10.0,25,239805601,1.0,0.6,0.7499999999999999,1.0,3.0,1.0,0.6,0.7499999999999999,1.0,3.0,1.0,0.6,0.7499999999999999,1.0,3.0,1.0,1.0,1.0,0.0,5.0,1.0,0.8,0.888888888888889,1.0,4.0,1.0,1.0,1.0,0.0,5.0,complete,
cm1,continuous,1000,50,10.0,26,3653441039,0.6,0.6,0.6,1.0,5.0,1.0,0.4,0.5714285714285715,1.0,2.0,1.0,0.4,0.5714285714285715,1.0,2.0,1.0,0.8,0.888888888888889,1.0,4.0,1.0,0.8,0.888888888888889,1.0,4.0,1.0,0.8,0.888888888888889,1.0,4.0,complete,
cm1,continuous,1000,50,10.0,27,1644052489,0.6,0.6,0.6,1.0,5.0,1.0,0.4,0.5714285714285715,1.0,2.0,1.0,0.6,0.7499999999999999,1.0,3.0,1.0,1.0,1.0,0.0,5.0,1.0,0.2,0.33333333333333337,1.0,1.0,1.0,0.8,0.888888888888889,1.0,4.0,complete,
cm1,continuous,1000,50,10.0,28,2609836842,0.75,0.6,0.6666666666666665,1.0,4.0,1.0,0.6,0.7499999999999999,1.0,3.0,1.0,0.6,0.7499999999999999,1.0,3.0,1.0,1.0,1.0,0.0,5.0,1.0,0.6,0.7499999999999999,1.0,3.0,1.0,1.0,1.0,0.0,5.0,complete,
cm1,continuous,1000,50,10.0,29,3231789410,0.8,0.8,0.8000000000000002,1.0,5.0,1.0,0.4,0.5714285714285715,1.0,2.0,1.0,0.4,0.5714285714285715,1.0,2.0,1.0,0.8,0.888888888888889,1.0,4.0,1.0,0.2,0.33333333333333337,1.0,1.0,1.0,0.6,0.7499999999999999,1.0,3.0,complete,
cm1,continuous,1000,50,10.0,30,4131201770,1.0,0.6,0.7499999999999999,1.0,3.0,1.0,0.6,0.7499999999999999,1.0,3.0,1.0,0.6,0.7499999999999999,1.0,3.0,1.0,0.8,0.888888888888889,1.0,4.0,1.0,0.6,0.7499999999999999,1.0,3.0,1.0,0.8,0.888888888888889,1.0,4.0,complete,
cm1,continuous,1000,50,10.0,31,2846830927,0.6,0.6,0.6,1.0,5.0,1.0,0.6,0.7499999999999999,1.0,3.0,1.0,0.6,0.7499999999999999,1.0,3.0,1.0,0.8,0.888888888888889,1.0,4.0,1.0,0.6,0.7499999999999999,1.0,3.0,1.0,0.8,0.888888888888889,1.0,4.0,complete,
cm1,continuous,1000,50,10.0,32,1120192587,0.5,0.6,0.5454545454545454,1.0,6.0,1.0,0.6,0.7499999999999999,1.0,3.0,0.6,0.6,0.6,1.0,5.0,1.0,1.0,1.0,0.0,5.0,1.0,0.6,0.7499999999999999,1.0,3.0,1.0,1.0,1.0,0.0,5.0,complete,
cm1,continuous,1000,50,10.0,33,3080777300,0.5,0.6,0.5454545454545454,1.0,6.0,1.0,0.4,0.5714285714285715,1.0,2.0,0.75,0.6,0.6666666666666665,1.0,4.0,1.0,0.8,0.888888888888889,1.0,4.0,1.0,0.4,0.5714285714285715,1.0,2.0,1.0,0.8,0.888888888888889,1.0,4.0,complete,
cm1,continuous,1000,50,10.0,34,2404153707,0.6,0.6,0.6,1.0,5.0,1.0,0.6,0.7499999999999999,1.0,3.0,0.75,0.6,0.6666666666666665,1.0,4.0,1.0,1.0,1.0,0.0,5.0,1.0,0.6,0.7499999999999999,1.0,3.0,1.0,1.0,1.0,0.0,5.0,complete,
cm1,continuous,1000,50,10.0,35,216603474,0.75,0.6,0.6666666666666665,1.0,4.0,1.0,0.4,0.5714285714285715,1.0,2.0,1.0,0.4,0.5714285714285715,1.0,2.0,1.0,0.8,0.888888888888889,1.0,4.0,1.0,0.6,0.7499999999999999,1.0,3.0,1.0,0.8,0.888888888888889,1.0,4.0,complete,
cm1,continuous,1000,50,10.0,36,2084348810,0.6,0.6,0.6,1.0,5.0,1.0,0.6,0.7499999999999999,1.0,3.0,1.0,0.6,0.7499999999999999,1.0,3.0,0.8333333333333334,1.0,0.9090909090909091,0.0,6.0,1.0,0.6,0.7499999999999999,1.0,3.0,0.8333333333333334,1.0,0.9090909090909091,0.0,6.0,complete,
cm1,continuous,1000,50,10.0,37,1073081400,0.6,0.6,0.6,1.0,5.0,1.0,0.6,0.7499999999999999,1.0,3.0,1.0,0.6,0.7499999999999999,1.0,3.0,1.0,0.8,0.888888888888889,1.0,4.0,1.0,0.4,0.5714285714285715,1.0,2.0,1.0,0.8,0.888888888888889,1.0,4.0,complete,
cm1,continuous,1000,50,10.0,38,651771133,0.6,0.6,0.6,1.0,5.0,1.0,0.6,0.7499999999999999,1.0,3.0,1.0,0.6,0.7499999999999999,1.0,3.0,1.0,1.0,1.0,0.0,5.0,1.0,0.4,0.5714285714285715,1.0,2.0,1.0,0.8,0.888888888888889,1.0,4.0,complete,
cm1,continuous,1000,50,10.0,39,6089125,0.6,0.6,0.6,1.0,5.0,1.0,0.6,0.7499999999999999,1.0,3.0,0.75,0.6,0.6666666666666665,1.0,4.0,1.0,1.0,1.0,0.0,5.0,1.0,0.6,0.7499999999999999,1.0,3.0,1.0,1.0,1.0,0.0,5.0,complete,
cm1,continuous,1000,50,10.0,40,98648077,0.75,0.6,0.6666666666666665,1.0,4.0,1.0,0.6,0.7499999999999999,1.0,3.0,0.75,0.6,0.6666666666666665,1.0,4.0,1.0,1.0,1.0,0.0,5.0,1.0,0.8,0.888888888888889,1.0,4.0,1.0,0.8,0.888888888888889,1.0,4.0,complete,
cm1,continuous,1000,50,10.0,41,4028438940,0.4444444444444444,0.8,0.5714285714285714,1.0,9.0,1.0,0.4,0.5714285714285715,1.0,2.0,0.75,0.6,0.6666666666666665,1.0,4.0,1.0,1.0,1.0,0.0,5.0,1.0,0.4,0.5714285714285715,1.0,2.0,1.0,1.0,1.0,0.0,5.0,complete,
cm1,continuous,1000,50,10.0,42,199770753,0.8,0.8,0.8000000000000002,1.0,5.0,1.0,0.4,0.5714285714285715,1.0,2.0,0.8,0.8,0.8000000000000002,1.0,5.0,1.0,0.8,0.888888888888889,1.0,4.0,1.0,0.6,0.7499999999999999,1.0,3.0,1.0,0.8,0.888888888888889,1.0,4.0,complete,
cm1,continuous,1000,50,10.0,43,311915649,0.8,0.8,0.8000000000000002,1.0,5.0,1.0,0.6,0.7499999999999999,1.0,3.0,1.0,0.6,0.7499999999999999,1.0,3.0,1.0,0.8,0.888888888888889,1.0,4.0,1.0,0.8,0.888888888888889,1.0,4.0,1.0,0.8,0.888888888888889,1.0,4.0,complete,
cm1,continuous,1000,50,10.0,44,1583563131,0.5,0.8,0.6153846153846154,1.0,8.0,1.0,0.4,0.5714285714285715,1.0,2.0,1.0,0.6,0.7499999999999999,1.0,3.0,1.0,0.8,0.888888888888889,1.0,4.0,1.0,0.6,0.7499999999999999,1.0,3.0,1.0,0.8,0.888888888888889,1.0,4.0,complete,
cm1,continuous,1000,50,10.0,45,4010307639,0.75,0.6,0.6666666666666665,1.0,4.0,1.0,0.6,0.7499999999999999,1.0,3.0,1.0,0.6,0.7499999999999999,1.0,3.0,1.0,0.8,0.888888888888889,1.0,4.0,1.0,0.2,0.33333333333333337,1.0,1.0,1.0,0.8,0.888888888888889,1.0,4.0,complete,
cm1,continuous,1000,50,10.0,46,2960487936,0.8,0.8,0.8000000000000002,1.0,5.0,1.0,0.6,0.7499999999999999,1.0,3.0,1.0,0.6,0.7499999999999999,1.0,3.0,1.0,0.8,0.888888888888889,1.0,4.0,1.0,0.6,0.7499999999999999,1.0,3.0,1.0,0.8,0.888888888888889,1.0,4.0,complete,
cm1,continuous,1000,50,10.0,47,1460905043,0.8,0.8,0.8000000000000002,1.0,5.0,1.0,0.6,0.7499999999999999,1.0,3.0,1.0,0.8,0.888888888888889,1.0,4.0,1.0,0.6,0.7499999999999999,1.0,3.0,1.0,0.4,0.5714285714285715,1.0,2.0,1.0,0.6,0.7499999999999999,1.0,3.0,complete,
cm1,continuous,1000,50,10.0,48,1050451744,0.6666666666666666,0.8,0.7272727272727272,1.0,6.0,1.0,0.6,0.7499999999999999,1.0,3.0,1.0,0.6,0.7499999999999999,1.0,3.0,1.0,0.8,0.888888888888889,1.0,4.0,1.0,0.6,0.7499999999999999,1.0,3.0,1.0,0.6,0.7499999999999999,1.0,3.0,complete,
cm1,continuous,1000,50,10.0,49,3990408157,0.75,0.6,0.6666666666666665,1.0,4.0,1.0,0.6,0.7499999999999999,1.0,3.0,0.75,0.6,0.6666666666666665,1.0,4.0,1.0,0.8,0.888888888888889,1.0,4.0,1.0,0.8,0.888888888888889,1.0,4.0,1.0,0.8,0.888888888888889,1.0,4.0,complete,
cm1,continuous,1000,50,10.0,50,1885611999,0.75,0.6,0.6666666666666665,1.0,4.0,1.0,0.6,0.7499999999999999,1.0,3.0,0.75,0.6,0.6666666666666665,1.0,4.0,1.0,0.8,0.888888888888889,1.0,4.0,1.0,0.6,0.7499999999999999,1.0,3.0,1.0,0.8,0.888888888888889,1.0,4.0,complete,
cm1,continuous,1000,50,10.0,51,1012218411,0.75,0.6,0.6666666666666665,1.0,4.0,1.0,0.6,0.7499999999999999,1.0,3.0,1.0,0.6,0.7499999999999999,1.0,3.0,1.0,1.0,1.0,0.0,5.0,1.0,0.6,0.7499999999999999,1.0,3.0,1.0,0.8,0.888888888888889,1.0,4.0,complete,
cm1,continuous,1000,50,10.0,52,2653820314,1.0,0.6,0.7499999999999999,1.0,3.0,1.0,0.4,0.5714285714285715,1.0,2.0,1.0,0.6,0.7499999999999999,1.0,3.0,1.0,0.8,0.888888888888889,1.0,4.0,1.0,0.8,0.888888888888889,1.0,4.0,1.0,0.8,0.888888888888889,1.0,4.0,complete,
cm1,continuous,1000,50,10.0,53,3711394899,1.0,0.8,0.888888888888889,1.0,4.0,1.0,0.4,0.5714285714285715,1.0,2.0,1.0,0.8,0.888888888888889,1.0,4.0,1.0,1.0,1.0,0.0,5.0,1.0,0.2,0.33333333333333337,1.0,1.0,1.0,0.8,0.888888888888889,1.0,4.0,complete,
cm1,continuous,1000,50,10.0,54,144157279,0.6,0.6,0.6,1.0,5.0,1.0,0.4,0.5714285714285715,1.0,2.0,0.75,0.6,0.6666666666666665,1.0,4.0,1.0,0.8,0.888888888888889,1.0,4.0,1.0,0.2,0.33333333333333337,1.0,1.0,1.0,0.8,0.888888888888889,1.0,4.0,complete,
cm1,continuous,1000,50,10.0,55,393306915,1.0,0.8,0.888888888888889,1.0,4.0,1.0,0.6,0.7499999999999999,1.0,3.0,1.0,0.6,0.7499999999999999,1.0,3.0,1.0,0.8,0.888888888888889,1.0,4.0,1.0,0.2,0.33333333333333337,1.0,1.0,1.0,0.6,0.7499999999999999,1.0,3.0,complete,
cm1,continuous,1000,50,10.0,56,1304843125,0.8,0.8,0.8000000000000002,1.0,5.0,1.0,0.6,0.7499999999999999,1.0,3.0,1.0,0.6,0.7499999999999999,1.0,3.0,1.0,1.0,1.0,0.0,5.0,1.0,0.6,0.7499999999999999,1.0,3.0,1.0,0.8,0.888888888888889,1.0,4.0,complete,
cm1,continuous,1000,50,10.0,57,1437972545,0.6,0.6,0.6,1.0,5.0,1.0,0.4,0.5714285714285715,1.0,2.0,1.0,0.6,0.7499999999999999,1.0,3.0,1.0,0.8,0.888888888888889,1.0,4.0,1.0,0.6,0.7499999999999999,1.0,3.0,1.0,0.8,0.888888888888889,1.0,4.0,complete,
cm1,continuous,1000,50,10.0,58,3596725609,1.0,0.6,0.7499999999999999,1.0,3.0,1.0,0.4,0.5714285714285715,1.0,2.0,1.0,0.6,0.7499999999999999,1.0,3.0,1.0,0.8,0.888888888888889,1.0,4.0,1.0,0.2,0.33333333333333337,1.0,1.0,1.0,0.8,0.888888888888889,1.0,4.0,complete,
cm1,continuous,1000,50,10.0,59,3935196811,0.375,0.6,0.4615384615384615,1.0,8.0,1.0,0.6,0.7499999999999999,1.0,3.0,1.0,0.6,0.7499999999999999,1.0,3.0,1.0,1.0,1.0,0.0,5.0,1.0,0.4,0.5714285714285715,1.0,2.0,1.0,0.6,0.7499999999999999,1.0,3.0,complete,
cm1,continuous,1000,50,10.0,60,2953972848,1.0,0.6,0.7499999999999999,1.0,3.0,1.0,0.6,0.7499999999999999,1.0,3.0,1.0,0.6,0.7499999999999999,1.0,3.0,1.0,0.8,0.888888888888889,1.0,4.0,1.0,0.6,0.7499999999999999,1.0,3.0,1.0,0.8,0.888888888888889,1.0,4.0,complete,
cm1,continuous,1000,50,10.0,61,2314440767,0.8,0.8,0.8000000000000002,1.0,5.0,1.0,0.6,0.7499999999999999,1.0,3.0,1.0,0.6,0.7499999999999999,1.0,3.0,1.0,0.8,0.888888888888889,1.0,4.0,1.0,0.4,0.5714285714285715,1.0,2.0,1.0,0.8,0.888888888888889,1.0,4.0,complete,
cm1,continuous,1000,50,10.0,62,1379467560,0.6,0.6,0.6,1.0,5.0,1.0,0.4,0.5714285714285715,1.0,2.0,1.0,0.4,0.5714285714285715,1.0,2.0,1.0,0.8,0.888888888888889,1.0,4.0,1.0,0.4,0.5714285714285715,1.0,2.0,1.0,0.8,0.888888888888889,1.0,4.0,complete,
cm1,continuous,1000,50,10.0,63,834363687,0.75,0.6,0.6666666666666665,1.0,4.0,1.0,0.6,0.7499999999999999,1.0,3.0,1.0,0.6,0.7499999999999999,1.0,3.0,1.0,1.0,1.0,0.0,5.0,1.0,0.8,0.888888888888889,1.0,4.0,1.0,1.0,1.0,0.0,5.0,complete,
cm1,continuous,1000,50,10.0,64,2389985258,0.5,0.8,0.6153846153846154,1.0,8.0,1.0,0.6,0.7499999999999999,1.0,3.0,1.0,0.6,0.7499999999999999,1.0,3.0,1.0,1.0,1.0,0.0,5.0,1.0,0.8,0.888888888888889,1.0,4.0,1.0,1.0,1.0,0.0,5.0,complete,
cm1,continuous,1000,50,10.0,65,3722641301,0.5714285714285714,0.8,0.6666666666666666,1.0,7.0,1.0,0.4,0.5714285714285715,1.0,2.0,1.0,0.8,0.888888888888889,1.0,4.0,1.0,1.0,1.0,0.0,5.0,1.0,0.2,0.33333333333333337,1.0,1.0,1.0,1.0,1.0,0.0,5.0,complete,
cm1,continuous,1000,50,10.0,66,3040285825,0.5714285714285714,0.8,0.6666666666666666,1.0,7.0,1.0,0.6,0.7499999999999999,1.0,3.0,1.0,0.6,0.7499999999999999,1.0,3.0,1.0,0.6,0.7499999999999999,1.0,3.0,1.0,0.2,0.33333333333333337,1.0,1.0,1.0,0.4,0.5714285714285715,1.0,2.0,complete,
cm1,continuous,1000,50,10.0,67,1721644999,0.6666666666666666,0.8,0.7272727272727272,1.0,6.0,1.0,0.6,0.7499999999999999,1.0,3.0,0.75,0.6,0.6666666666666665,1.0,4.0,1.0,0.8,0.888888888888889,1.0,4.0,1.0,0.6,0.7499999999999999,1.0,3.0,1.0,0.8,0.888888888888889,1.0,4.0,complete,
cm1,continuous,1000,50,10.0,68,59540352,0.6,0.6,0.6,1.0,5.0,1.0,0.4,0.5714285714285715,1.0,2.0,0.75,0.6,0.6666666666666665,1.0,4.0,1.0,0.8,0.888888888888889,1.0,4.0,1.0,0.4,0.5714285714285715,1.0,2.0,1.0,0.8,0.888888888888889,1.0,4.0,complete,
cm1,continuous,1000,50,10.0,69,1234832489,0.6,0.6,0.6,1.0,5.0,1.0,0.6,0.7499999999999999,1.0,3.0,0.75,0.6,0.6666666666666665,1.0,4.0,1.0,0.8,0.888888888888889,1.0,4.0,1.0,0.4,0.5714285714285715,1.0,2.0,1.0,0.8,0.888888888888889,1.0,4.0,complete,
cm1,continuous,1000,50,10.0,70,1050379202,0.6666666666666666,0.8,0.7272727272727272,1.0,6.0,1.0,0.6,0.7499999999999999,1.0,3.0,1.0,0.6,0.7499999999999999,1.0,3.0,1.0,0.8,0.888888888888889,1.0,4.0,1.0,0.6,0.7499999999999999,1.0,3.0,1.0,0.8,0.888888888888889,1.0,4.0,complete,
cm1,continuous,1000,50,10.0,71,2969375485,0.6,0.6,0.6,1.0,5.0,1.0,0.4,0.5714285714285715,1.0,2.0,0.75,0.6,0.6666666666666665,1.0,4.0,1.0,0.8,0.888888888888889,1.0,4.0,1.0,0.6,0.7499999999999999,1.0,3.0,1.0,0.8,0.888888888888889,1.0,4.0,complete,
cm1,continuous,1000,50,10.0,72,2747124626,0.6666666666666666,0.8,0.7272727272727272,1.0,6.0,1.0,0.6,0.7499999999999999,1.0,3.0,0.75,0.6,0.6666666666666665,1.0,4.0,1.0,0.8,0.888888888888889,1.0,4.0,1.0,0.8,0.888888888888889,1.0,4.0,1.0,0.8,0.888888888888889,1.0,4.0,complete,
cm1,continuous,1000,50,10.0,73,2223232634,0.75,0.6,0.6666666666666665,1.0,4.0,1.0,0.6,0.7499999999999999,1.0,3.0,1.0,0.6,0.7499999999999999,1.0,3.0,1.0,1.0,1.0,0.0,5.0,1.0,0.8,0.888888888888889,1.0,4.0,1.0,0.8,0.888888888888889,1.0,4.0,complete,
cm1,continuous,1000,50,10.0,74,2990982981,0.6,0.6,0.6,1.0,5.0,1.0,0.6,0.7499999999999999,1.0,3.0,1.0,0.6,0.7499999999999999,1.0,3.0,1.0,0.8,0.888888888888889,1.0,4.0,1.0,0.8,0.888888888888889,1.0,4.0,1.0,0.8,0.888888888888889,1.0,4.0,complete,
cm1,continuous,1000,50,10.0,75,1699222099,0.5,0.6,0.5454545454545454,1.0,6.0,1.0,0.4,0.5714285714285715,1.0,2.0,1.0,0.6,0.7499999999999999,1.0,3.0,1.0,0.8,0.888888888888889,1.0,4.0,1.0,0.4,0.5714285714285715,1.0,2.0,1.0,0.8,0.888888888888889,1.0,4.0,complete,
cm1,continuous,1000,50,10.0,76,3005720130,0.6666666666666666,0.8,0.7272727272727272,1.0,6.0,1.0,0.8,0.888888888888889,1.0,4.0,0.75,0.6,0.6666666666666665,1.0,4.0,1.0,1.0,1.0,0.0,5.0,1.0,0.6,0.7499999999999999,1.0,3.0,1.0,0.8,0.888888888888889,1.0,4.0,complete,
cm1,continuous,1000,50,10.0,77,645178741,0.8,0.8,0.8000000000000002,1.0,5.0,0.75,0.6,0.6666666666666665,1.0,4.0,0.75,0.6,0.6666666666666665,1.0,4.0,1.0,0.8,0.888888888888889,1.0,4.0,1.0,0.4,0.5714285714285715,1.0,2.0,1.0,0.8,0.888888888888889,1.0,4.0,complete,
cm1,continuous,1000,50,10.0,78,3911933118,0.6,0.6,0.6,1.0,5.0,1.0,0.6,0.7499999999999999,1.0,3.0,1.0,0.6,0.7499999999999999,1.0,3.0,1.0,0.8,0.888888888888889,1.0,4.0,1.0,0.8,0.888888888888889,1.0,4.0,1.0,0.8,0.888888888888889,1.0,4.0,complete,
cm1,continuous,1000,50,10.0,79,410937661,0.5,0.6,0.5454545454545454,1.0,6.0,1.0,0.6,0.7499999999999999,1.0,3.0,1.0,0.6,0.7499999999999999,1.0,3.0,1.0,1.0,1.0,0.0,5.0,1.0,0.2,0.33333333333333337,1.0,1.0,1.0,0.6,0.7499999999999999,1.0,3.0,complete,
cm1,continuous,1000,50,10.0,80,2038091792,0.75,0.6,0.6666666666666665,1.0,4.0,1.0,0.6,0.7499999999999999,1.0,3.0,1.0,0.6,0.7499999999999999,1.0,3.0,1.0,0.8,0.888888888888889,1.0,4.0,1.0,0.6,0.7499999999999999,1.0,3.0,1.0,0.8,0.888888888888889,1.0,4.0,complete,
cm1,continuous,1000,50,10.0,81,4151531184,0.75,0.6,0.6666666666666665,1.0,4.0,1.0,0.4,0.5714285714285715,1.0,2.0,1.0,0.4,0.5714285714285715,1.0,2.0,1.0,0.8,0.888888888888889,1.0,4.0,1.0,0.6,0.7499999999999999,1.0,3.0,1.0,0.6,0.7499999999999999,1.0,3.0,complete,
cm1,continuous,1000,50,10.0,82,395745831,0.5,0.6,0.5454545454545454,1.0,6.0,1.0,0.4,0.5714285714285715,1.0,2.0,1.0,0.6,0.7499999999999999,1.0,3.0,1.0,0.8,0.888888888888889,1.0,4.0,1.0,0.8,0.888888888888889,1.0,4.0,1.0,0.8,0.888888888888889,1.0,4.0,complete,
cm1,continuous,1000,50,10.0,83,3213691149,0.6666666666666666,0.8,0.7272727272727272,1.0,6.0,1.0,0.6,0.7499999999999999,1.0,3.0,1.0,0.6,0.7499999999999999,1.0,3.0,1.0,1.0,1.0,0.0,5.0,1.0,0.2,0.33333333333333337,1.0,1.0,1.0,0.8,0.888888888888889,1.0,4.0,complete,
cm1,continuous,1000,50,10.0,84,1123645281,1.0,0.8,0.888888888888889,1.0,4.0,1.0,0.4,0.5714285714285715,1.0,2.0,1.0,0.8,0.888888888888889,1.0,4.0,1.0,0.8,0.888888888888889,1.0,4.0,1.0,0.4,0.5714285714285715,1.0,2.0,1.0,0.8,0.888888888888889,1.0,4.0,complete,
cm1,continuous,1000,50,10.0,85,3950630153,0.42857142857142855,0.6,0.5,1.0,7.0,1.0,0.6,0.7499999999999999,1.0,3.0,1.0,0.6,0.7499999999999999,1.0,3.0,1.0,0.8,0.888888888888889,1.0,4.0,1.0,0.6,0.7499999999999999,1.0,3.0,1.0,0.8,0.888888888888889,1.0,4.0,complete,
cm1,continuous,1000,50,10.0,86,4015372838,0.6666666666666666,0.8,0.7272727272727272,1.0,6.0,1.0,0.4,0.5714285714285715,1.0,2.0,1.0,0.6,0.7499999999999999,1.0,3.0,1.0,1.0,1.0,0.0,5.0,1.0,0.6,0.7499999999999999,1.0,3.0,1.0,1.0,1.0,0.0,5.0,complete,
cm1,continuous,1000,50,10.0,87,1104026637,0.375,0.6,0.4615384615384615,1.0,8.0,1.0,0.4,0.5714285714285715,1.0,2.0,1.0,0.6,0.7499999999999999,1.0,3.0,1.0,0.8,0.888888888888889,1.0,4.0,1.0,0.6,0.7499999999999999,1.0,3.0,1.0,0.8,0.888888888888889,1.0,4.0,complete,
cm1,continuous,1000,50,10.0,88,515652538,0.8,0.8,0.8000000000000002,1.0,5.0,1.0,0.4,0.5714285714285715,1.0,2.0,1.0,0.6,0.7499999999999999,1.0,3.0,1.0,0.8,0.888888888888889,1.0,4.0,1.0,0.4,0.5714285714285715,1.0,2.0,1.0,0.8,0.888888888888889,1.0,4.0,complete,
cm1,continuous,1000,50,10.0,89,3076927680,0.8,0.8,0.8000000000000002,1.0,5.0,1.0,0.6,0.7499999999999999,1.0,3.0,0.75,0.6,0.6666666666666665,1.0,4.0,1.0,0.8,0.888888888888889,1.0,4.0,1.0,0.4,0.5714285714285715,1.0,2.0,1.0,0.8,0.888888888888889,1.0,4.0,complete,
cm1,continuous,1000,50,10.0,90,1395169012,0.5,0.6,0.5454545454545454,1.0,6.0,1.0,0.6,0.7499999999999999,1.0,3.0,0.75,0.6,0.6666666666666665,1.0,4.0,1.0,0.8,0.888888888888889,1.0,4.0,1.0,0.4,0.5714285714285715,1.0,2.0,1.0,0.8,0.888888888888889,1.0,4.0,complete,
cm1,continuous,1000,50,10.0,91,3111740497,0.6,0.6,0.6,1.0,5.0,1.0,0.6,0.7499999999999999,1.0,3.0,0.75,0.6,0.6666666666666665,1.0,4.0,1.0,0.8,0.888888888888889,1.0,4.0,1.0,0.6,0.7499999999999999,1.0,3.0,1.0,0.8,0.888888888888889,1.0,4.0,complete,
cm1,continuous,1000,50,10.0,92,885725441,1.0,0.8,0.888888888888889,1.0,4.0,1.0,0.6,0.7499999999999999,1.0,3.0,1.0,0.6,0.7499999999999999,1.0,3.0,1.0,0.8,0.888888888888889,1.0,4.0,1.0,0.4,0.5714285714285715,1.0,2.0,1.0,0.8,0.888888888888889,1.0,4.0,complete,
cm1,continuous,1000,50,10.0,93,97793593,0.75,0.6,0.6666666666666665,1.0,4.0,1.0,0.4,0.5714285714285715,1.0,2.0,1.0,0.4,0.5714285714285715,1.0,2.0,1.0,0.8,0.888888888888889,1.0,4.0,1.0,0.8,0.888888888888889,1.0,4.0,1.0,0.8,0.888888888888889,1.0,4.0,complete,
cm1,continuous,1000,50,10.0,94,2906045235,0.5,0.6,0.5454545454545454,1.0,6.0,1.0,0.6,0.7499999999999999,1.0,3.0,0.75,0.6,0.6666666666666665,1.0,4.0,1.0,1.0,1.0,0.0,5.0,1.0,0.6,0.7499999999999999,1.0,3.0,1.0,1.0,1.0,0.0,5.0,complete,
cm1,continuous,1000,50,10.0,95,2937484212,0.5,0.6,0.5454545454545454,1.0,6.0,1.0,0.6,0.7499999999999999,1.0,3.0,1.0,0.6,0.7499999999999999,1.0,3.0,1.0,1.0,1.0,0.0,5.0,1.0,0.6,0.7499999999999999,1.0,3.0,1.0,1.0,1.0,0.0,5.0,complete,
cm1,continuous,1000,50,10.0,96,161259627,0.8333333333333334,1.0,0.9090909090909091,0.0,6.0,1.0,0.6,0.7499999999999999,1.0,3.0,1.0,0.6,0.7499999999999999,1.0,3.0,1.0,0.8,0.888888888888889,1.0,4.0,1.0,0.8,0.888888888888889,1.0,4.0,1.0,0.8,0.888888888888889,1.0,4.0,complete,
cm1,continuous,1000,50,10.0,97,1944411349,0.8,0.8,0.8000000000000002,1.0,5.0,1.0,0.6,0.7499999999999999,1.0,3.0,1.0,0.8,0.888888888888889,1.0,4.0,1.0,1.0,1.0,0.0,5.0,1.0,0.2,0.33333333333333337,1.0,1.0,1.0,0.8,0.888888888888889,1.0,4.0,complete,
cm1,continuous,1000,50,10.0,98,1566687509,0.6,0.6,0.6,1.0,5.0,1.0,0.4,0.5714285714285715,1.0,2.0,1.0,0.6,0.7499999999999999,1.0,3.0,1.0,0.8,0.888888888888889,1.0,4.0,1.0,0.6,0.7499999999999999,1.0,3.0,1.0,0.8,0.888888888888889,1.0,4.0,complete,
cm1,continuous,1000,50,10.0,99,3751725724,0.6,0.6,0.6,1.0,5.0,1.0,0.6,0.7499999999999999,1.0,3.0,1.0,0.6,0.7499999999999999,1.0,3.0,1.0,0.8,0.888888888888889,1.0,4.0,1.0,0.8,0.888888888888889,1.0,4.0,1.0,0.6,0.7499999999999999,1.0,3.0,complete,
cm1,continuous,1000,200,1.0,0,514505597,0.13043478260869565,0.6,0.21428571428571427,1.0,23.0,0.0,0.0,0.0,1.0,0.0,0.42857142857142855,0.6,0.5,1.0,7.0,0.2857142857142857,0.8,0.4210526315789473,1.0,14.0,1.0,0.4,0.5714285714285715,1.0,2.0,0.5,0.8,0.6153846153846154,1.0,8.0,complete,
cm1,continuous,1000,200,1.0,1,1207319172,0.2222222222222222,0.8,0.3478260869565218,1.0,18.0,1.0,0.2,0.33333333333333337,1.0,1.0,1.0,0.6,0.7499999999999999,1.0,3.0,0.5,1.0,0.6666666666666666,0.0,10.0,1.0,0.6,0.7499999999999999,1.0,3.0,0.8333333333333334,1.0,0.9090909090909091,0.0,6.0,complete,
cm1,continuous,1000,200,1.0,2,2612604754,0.14285714285714285,0.6,0.23076923076923073,1.0,21.0,0.0,0.0,0.0,1.0,0.0,0.2727272727272727,0.6,0.37499999999999994,1.0,11.0,0.5,1.0,0.6666666666666666,0.0,10.0,1.0,0.8,0.888888888888889,1.0,4.0,0.8,0.8,0.8000000000000002,1.0,5.0,complete,
cm1,continuous,1000,200,1.0,3,100398013,0.12,0.6,0.19999999999999998,1.0,25.0,1.0,0.2,0.33333333333333337,1.0,1.0,0.3333333333333333,0.6,0.42857142857142855,1.0,9.0,0.4166666666666667,1.0,0.5882352941176471,0.0,12.0,1.0,0.6,0.7499999999999999,1.0,3.0,0.625,1.0,0.7692307692307693,0.0,8.0,complete,
cm1,continuous,1000,200,1.0,4,168382049,0.21739130434782608,1.0,0.3571428571428571,0.0,23.0,0.0,0.0,0.0,1.0,0.0,0.3333333333333333,0.6,0.42857142857142855,1.0,9.0,0.5,0.8,0.6153846153846154,1.0,8.0,1.0,0.8,0.888888888888889,1.0,4.0,0.8,0.8,0.8000000000000002,1.0,5.0,complete,
cm1,continuous,1000,200,1.0,5,762285993,0.15,0.6,0.24,1.0,20.0,0.0,0.0,0.0,1.0,0.0,0.2857142857142857,0.4,0.3333333333333333,1.0,7.0,0.5,0.8,0.6153846153846154,1.0,8.0,1.0,0.4,0.5714285714285715,1.0,2.0,0.5714285714285714,0.8,0.6666666666666666,1.0,7.0,complete,
cm1,continuous,1000,200,1.0,6,2246955896,0.13043478260869565,0.6,0.21428571428571427,1.0,23.0,0.0,0.0,0.0,1.0,0.0,0.3333333333333333,0.4,0.3636363636363636,1.0,6.0,0.625,1.0,0.7692307692307693,0.0,8.0,1.0,0.8,0.888888888888889,1.0,4.0,0.6666666666666666,0.8,0.7272727272727272,1.0,6.0,complete,
cm1,continuous,1000,200,1.0,7,1930556339,0.125,0.6,0.20689655172413793,1.0,24.0,1.0,0.2,0.33333333333333337,1.0,1.0,0.25,0.4,0.3076923076923077,1.0,8.0,0.625,1.0,0.7692307692307693,0.0,8.0,1.0,0.6,0.7499999999999999,1.0,3.0,0.8333333333333334,1.0,0.9090909090909091,0.0,6.0,complete,
cm1,continuous,1000,200,1.0,8,3786779243,0.16,0.8,0.26666666666666666,1.0,25.0,0.0,0.0,0.0,1.0,0.0,0.42857142857142855,0.6,0.5,1.0,7.0,0.5,1.0,0.6666666666666666,0.0,10.0,1.0,1.0,1.0,0.0,5.0,0.8333333333333334,1.0,0.9090909090909091,0.0,6.0,complete,
cm1,continuous,1000,200,1.0,9,1669423275,0.23529411764705882,0.8,0.3636363636363636,1.0,17.0,1.0,0.2,0.33333333333333337,1.0,1.0,0.5,0.6,0.5454545454545454,1.0,6.0,0.45454545454545453,1.0,0.625,0.0,11.0,1.0,0.6,0.7499999999999999,1.0,3.0,0.5,1.0,0.6666666666666666,0.0,10.0,complete,
cm1,continuous,1000,200,1.0,10,3705877531,0.14285714285714285,0.6,0.23076923076923073,1.0,21.0,0.0,0.0,0.0,1.0,0.0,0.42857142857142855,0.6,0.5,1.0,7.0,0.7142857142857143,1.0,0.8333333333333333,0.0,7.0,1.0,0.6,0.7499999999999999,1.0,3.0,0.8333333333333334,1.0,0.9090909090909091,0.0,6.0,complete,
cm1,continuous,1000,200,1.0,11,1783719727,0.12,0.6,0.19999999999999998,1.0,25.0,0.0,0.0,0.0,1.0,0.0,0.21428571428571427,0.6,0.3157894736842105,1.0,14.0,0.38461538461538464,1.0,0.5555555555555556,0.0,13.0,1.0,0.6,0.7499999999999999,1.0,3.0,0.7142857142857143,1.0,0.8333333333333333,0.0,7.0,complete,
cm1,continuous,1000,200,1.0,12,4175437632,0.125,0.6,0.20689655172413793,1.0,24.0,0.0,0.0,0.0,1.0,0.0,0.375,0.6,0.4615384615384615,1.0,8.0,0.5555555555555556,1.0,0.7142857142857143,0.0,9.0,1.0,0.6,0.7499999999999999,1.0,3.0,0.625,1.0,0.7692307692307693,0.0,8.0,complete,
cm1,continuous,1000,200,1.0,13,2371753541,0.15,0.6,0.24,1.0,20.0,0.0,0.0,0.0,1.0,0.0,0.42857142857142855,0.6,0.5,1.0,7.0,0.5,1.0,0.6666666666666666,0.0,10.0,1.0,0.6,0.7499999999999999,1.0,3.0,0.7142857142857143,1.0,0.8333333333333333,0.0,7.0,complete,
cm1,continuous,1000,200,1.0,14,3748713023,0.11538461538461539,0.6,0.1935483870967742,1.0,26.0,1.0,0.2,0.33333333333333337,1.0,1.0,0.23076923076923078,0.6,0.33333333333333337,1.0,13.0,0.5555555555555556,1.0,0.7142857142857143,0.0,9.0,1.0,0.8,0.888888888888889,1.0,4.0,0.625,1.0,0.7692307692307693,0.0,8.0,complete,
cm1,continuous,1000,200,1.0,15,882956893,0.07692307692307693,0.4,0.12903225806451613,1.0,26.0,0.0,0.0,0.0,1.0,0.0,0.25,0.4,0.3076923076923077,1.0,8.0,0.625,1.0,0.7692307692307693,0.0,8.0,1.0,0.6,0.7499999999999999,1.0,3.0,0.8,0.8,0.8000000000000002,1.0,5.0,complete,
cm1,continuous,1000,200,1.0,16,2401480303,0.13636363636363635,0.6,0.22222222222222218,1.0,22.0,1.0,0.2,0.33333333333333337,1.0,1.0,0.3333333333333333,0.6,0.42857142857142855,1.0,9.0,0.5555555555555556,1.0,0.7142857142857143,0.0,9.0,1.0,0.8,0.888888888888889,1.0,4.0,0.8333333333333334,1.0,0.9090909090909091,0.0,6.0,complete,
cm1,continuous,1000,200,1.0,17,3240431793,0.21052631578947367,0.8,0.3333333333333333,1.0,19.0,0.0,0.0,0.0,1.0,0.0,0.5714285714285714,0.8,0.6666666666666666,1.0,7.0,0.5,1.0,0.6666666666666666,0.0,10.0,1.0,0.6,0.7499999999999999,1.0,3.0,0.625,1.0,0.7692307692307693,0.0,8.0,complete,
cm1,continuous,1000,200,1.0,18,1009373456,0.13636363636363635,0.6,0.22222222222222218,1.0,22.0,0.0,0.0,0.0,1.0,0.0,0.3333333333333333,0.6,0.42857142857142855,1.0,9.0,0.38461538461538464,1.0,0.5555555555555556,0.0,13.0,1.0,0.8,0.888888888888889,1.0,4.0,0.625,1.0,0.7692307692307693,0.0,8.0,complete,
cm1,continuous,1000,200,1.0,19,2228289983,0.13043478260869565,0.6,0.21428571428571427,1.0,23.0,0.0,0.0,0.0,1.0,0.0,0.3333333333333333,0.6,0.42857142857142855,1.0,9.0,0.4444444444444444,0.8,0.5714285714285714,1.0,9.0,1.0,0.6,0.7499999999999999,1.0,3.0,0.6666666666666666,0.8,0.7272727272727272,1.0,6.0,complete,
cm1,continuous,1000,200,1.0,20,3037222687,0.16666666666666666,0.6,0.2608695652173913,1.0,18.0,0.0,0.0,0.0,1.0,0.0,0.2857142857142857,0.4,0.3333333333333333,1.0,7.0,0.7142857142857143,1.0,0.8333333333333333,0.0,7.0,1.0,0.6,0.7499999999999999,1.0,3.0,0.8333333333333334,1.0,0.9090909090909091,0.0,6.0,complete,
cm1,continuous,1000,200,1.0,21,2419949626,0.14285714285714285,0.8,0.24242424242424243,1.0,28.0,0.0,0.0,0.0,1.0,0.0,0.4,0.8,0.5333333333333333,1.0,10.0,0.35714285714285715,1.0,0.5263157894736842,0.0,14.0,1.0,0.6,0.7499999999999999,1.0,3.0,0.45454545454545453,1.0,0.625,0.0,11.0,complete,
cm1,continuous,1000,200,1.0,22,1025552446,0.17391304347826086,0.8,0.2857142857142857,1.0,23.0,0.0,0.0,0.0,1.0,0.0,0.5,0.8,0.6153846153846154,1.0,8.0,0.4166666666666667,1.0,0.5882352941176471,0.0,12.0,1.0,0.6,0.7499999999999999,1.0,3.0,0.7142857142857143,1.0,0.8333333333333333,0.0,7.0,complete,
cm1,continuous,1000,200,1.0,23,2273926444,0.1111111111111111,0.6,0.18750000000000003,1.0,27.0,0.0,0.0,0.0,1.0,0.0,0.375,0.6,0.4615384615384615,1.0,8.0,0.5,1.0,0.6666666666666666,0.0,10.0,1.0,0.6,0.7499999999999999,1.0,3.0,0.5555555555555556,1.0,0.7142857142857143,0.0,9.0,complete,
cm1,continuous,1000,200,1.0,24,1848455568,0.12,0.6,0.19999999999999998,1.0,25.0,0.0,0.0,0.0,1.0,0.0,0.6,0.6,0.6,1.0,5.0,0.45454545454545453,1.0,0.625,0.0,11.0,1.0,0.6,0.7499999999999999,1.0,3.0,0.5714285714285714,0.8,0.6666666666666666,1.0,7.0,complete,
cm1,continuous,1000,200,1.0,25,4168456196,0.17391304347826086,0.8,0.2857142857142857,1.0,23.0,0.0,0.0,0.0,1.0,0.0,0.36363636363636365,0.8,0.5000000000000001,1.0,11.0,0.5555555555555556,1.0,0.7142857142857143,0.0,9.0,1.0,0.4,0.5714285714285715,1.0,2.0,0.8,0.8,0.8000000000000002,1.0,5.0,complete,
cm1,continuous,1000,200,1.0,26,2501501766,0.18181818181818182,0.8,0.2962962962962963,1.0,22.0,0.0,0.0,0.0,1.0,0.0,0.42857142857142855,0.6,0.5,1.0,7.0,0.5555555555555556,1.0,0.7142857142857143,0.0,9.0,1.0,0.6,0.7499999999999999,1.0,3.0,0.7142857142857143,1.0,0.8333333333333333,0.0,7.0,complete,
cm1,continuous,1000,200,1.0,27,2172008805,0.125,0.6,0.20689655172413793,1.0,24.0,1.0,0.2,0.33333333333333337,1.0,1.0,0.42857142857142855,0.6,0.5,1.0,7.0,0.35714285714285715,1.0,0.5263157894736842,0.0,14.0,1.0,0.6,0.7499999999999999,1.0,3.0,0.7142857142857143,1.0,0.8333333333333333,0.0,7.0,complete,
cm1,continuous,1000,200,1.0,28,3200407515,0.16,0.8,0.26666666666666666,1.0,25.0,0.0,0.0,0.0,1.0,0.0,0.5,0.6,0.5454545454545454,1.0,6.0,0.5,1.0,0.6666666666666666,0.0,10.0,1.0,0.6,0.7499999999999999,1.0,3.0,0.625,1.0,0.7692307692307693,0.0,8.0,complete,
cm1,continuous,1000,200,1.0,29,3705214296,0.125,0.6,0.20689655172413793,1.0,24.0,0.0,0.0,0.0,1.0,0.0,0.375,0.6,0.4615384615384615,1.0,8.0,0.35714285714285715,1.0,0.5263157894736842,0.0,14.0,1.0,0.6,0.7499999999999999,1.0,3.0,0.625,1.0,0.7692307692307693,0.0,8.0,complete,
cm1,continuous,1000,200,1.0,30,3065581292,0.12,0.6,0.19999999999999998,1.0,25.0,0.0,0.0,0.0,1.0,0.0,0.375,0.6,0.4615384615384615,1.0,8.0,0.5,1.0,0.6666666666666666,0.0,10.0,1.0,0.6,0.7499999999999999,1.0,3.0,0.6666666666666666,0.8,0.7272727272727272,1.0,6.0,complete,
cm1,continuous,1000,200,1.0,31,3682874961,0.18181818181818182,0.8,0.2962962962962963,1.0,22.0,0.0,0.0,0.0,1.0,1.0,0.3333333333333333,0.6,0.42857142857142855,1.0,9.0,0.5,1.0,0.6666666666666666,0.0,10.0,1.0,0.6,0.7499999999999999,1.0,3.0,1.0,1.0,1.0,0.0,5.0,complete,
cm1,continuous,1000,200,1.0,32,3296792064,0.16,0.8,0.26666666666666666,1.0,25.0,0.0,0.0,0.0,1.0,0.0,0.42857142857142855,0.6,0.5,1.0,7.0,0.35714285714285715,1.0,0.5263157894736842,0.0,14.0,1.0,0.6,0.7499999999999999,1.0,3.0,0.7142857142857143,1.0,0.8333333333333333,0.0,7.0,complete,
cm1,continuous,1000,200,1.0,33,3132056937,0.11538461538461539,0.6,0.1935483870967742,1.0,26.0,0.0,0.0,0.0,1.0,0.0,0.3333333333333333,0.6,0.42857142857142855,1.0,9.0,0.625,1.0,0.7692307692307693,0.0,8.0,1.0,0.6,0.7499999999999999,1.0,3.0,0.7142857142857143,1.0,0.8333333333333333,0.0,7.0,complete,
cm1,continuous,1000,200,1.0,34,1429841977,0.16,0.8,0.26666666666666666,1.0,25.0,0.0,0.0,0.0,1.0,0.0,0.3333333333333333,0.6,0.42857142857142855,1.0,9.0,0.45454545454545453,1.0,0.625,0.0,11.0,1.0,0.6,0.7499999999999999,1.0,3.0,0.6666666666666666,0.8,0.7272727272727272,1.0,6.0,complete,
cm1,continuous,1000,200,1.0,35,3867349447,0.2631578947368421,1.0,0.4166666666666667,0.0,19.0,0.0,0.0,0.0,1.0,0.0,0.3333333333333333,0.4,0.3636363636363636,1.0,6.0,0.4444444444444444,0.8,0.5714285714285714,1.0,9.0,1.0,0.8,0.888888888888889,1.0,4.0,0.8,0.8,0.8000000000000002,1.0,5.0,complete,
cm1,continuous,1000,200,1.0,36,2898765147,0.14285714285714285,0.6,0.23076923076923073,1.0,21.0,0.0,0.0,0.0,1.0,0.0,0.375,0.6,0.4615384615384615,1.0,8.0,0.45454545454545453,1.0,0.625,0.0,11.0,1.0,0.8,0.888888888888889,1.0,4.0,0.7142857142857143,1.0,0.8333333333333333,0.0,7.0,complete,
cm1,continuous,1000,200,1.0,37,3997877272,0.1111111111111111,0.6,0.18750000000000003,1.0,27.0,0.0,0.0,0.0,1.0,0.0,0.2727272727272727,0.6,0.37499999999999994,1.0,11.0,0.45454545454545453,1.0,0.625,0.0,11.0,1.0,0.8,0.888888888888889,1.0,4.0,0.7142857142857143,1.0,0.8333333333333333,0.0,7.0,complete,
cm1,continuous,1000,200,1.0,38,2736488608,0.15789473684210525,0.6,0.25,1.0,19.0,0.0,0.0,0.0,1.0,0.0,0.3,0.6,0.4,1.0,10.0,1.0,1.0,1.0,0.0,5.0,1.0,0.8,0.888888888888889,1.0,4.0,1.0,1.0,1.0,0.0,5.0,complete,
cm1,continuous,1000,200,1.0,39,3867749555,0.13043478260869565,0.6,0.21428571428571427,1.0,23.0,0.0,0.0,0.0,1.0,0.0,0.3333333333333333,0.6,0.42857142857142855,1.0,9.0,0.625,1.0,0.7692307692307693,0.0,8.0,1.0,0.6,0.7499999999999999,1.0,3.0,1.0,1.0,1.0,0.0,5.0,complete,
cm1,continuous,1000,200,1.0,40,69991151,0.14285714285714285,0.6,0.23076923076923073,1.0,21.0,0.0,0.0,0.0,1.0,0.0,0.375,0.6,0.4615384615384615,1.0,8.0,0.625,1.0,0.7692307692307693,0.0,8.0,1.0,0.8,0.888888888888889,1.0,4.0,0.8333333333333334,1.0,0.9090909090909091,0.0,6.0,complete,
cm1,continuous,1000,200,1.0,41,2569097729,0.13333333333333333,0.8,0.2285714285714286,1.0,30.0,0.0,0.0,0.0,1.0,0.0,0.23076923076923078,0.6,0.33333333333333337,1.0,13.0,0.3333333333333333,1.0,0.5,0.0,15.0,1.0,0.4,0.5714285714285715,1.0,2.0,0.45454545454545453,1.0,0.625,0.0,11.0,complete,
cm1,continuous,1000,200,1.0,42,3455814935,0.13043478260869565,0.6,0.21428571428571427,1.0,23.0,0.0,0.0,0.0,1.0,0.0,0.25,0.4,0.3076923076923077,1.0,8.0,0.45454545454545453,1.0,0.625,0.0,11.0,1.0,0.8,0.888888888888889,1.0,4.0,0.625,1.0,0.7692307692307693,0.0,8.0,complete,
cm1,continuous,1000,200,1.0,43,1423171853,0.18181818181818182,0.8,0.2962962962962963,1.0,22.0,0.0,0.0,0.0,1.0,0.0,0.2727272727272727,0.6,0.37499999999999994,1.0,11.0,0.5,1.0,0.6666666666666666,0.0,10.0,1.0,0.8,0.888888888888889,1.0,4.0,0.8333333333333334,1.0,0.9090909090909091,0.0,6.0,complete,
cm1,continuous,1000,200,1.0,44,1080789808,0.19047619047619047,0.8,0.3076923076923077,1.0,21.0,0.0,0.0,0.0,1.0,0.0,0.42857142857142855,0.6,0.5,1.0,7.0,0.5,1.0,0.6666666666666666,0.0,10.0,1.0,0.8,0.888888888888889,1.0,4.0,0.7142857142857143,1.0,0.8333333333333333,0.0,7.0,complete,
cm1,continuous,1000,200,1.0,45,868811270,0.15789473684210525,0.6,0.25,1.0,19.0,0.0,0.0,0.0,1.0,0.0,0.6,0.6,0.6,1.0,5.0,1.0,1.0,1.0,0.0,5.0,1.0,0.6,0.7499999999999999,1.0,3.0,1.0,0.8,0.888888888888889,1.0,4.0,complete,
cm1,continuous,1000,200,1.0,46,901710140,0.12,0.6,0.19999999999999998,1.0,25.0,0.0,0.0,0.0,1.0,0.0,0.3333333333333333,0.6,0.42857142857142855,1.0,9.0,0.625,1.0,0.7692307692307693,0.0,8.0,1.0,0.8,0.888888888888889,1.0,4.0,1.0,1.0,1.0,0.0,5.0,complete,
cm1,continuous,1000,200,1.0,47,124396342,0.12,0.6,0.19999999999999998,1.0,25.0,0.0,0.0,0.0,1.0,0.0,0.23076923076923078,0.6,0.33333333333333337,1.0,13.0,0.45454545454545453,1.0,0.625,0.0,11.0,1.0,0.6,0.7499999999999999,1.0,3.0,0.625,1.0,0.7692307692307693,0.0,8.0,complete,
cm1,continuous,1000,200,1.0,48,1387688813,0.12,0.6,0.19999999999999998,1.0,25.0,0.0,0.0,0.0,1.0,0.0,0.2727272727272727,0.6,0.37499999999999994,1.0,11.0,0.38461538461538464,1.0,0.5555555555555556,0.0,13.0,1.0,0.8,0.888888888888889,1.0,4.0,0.5555555555555556,1.0,0.7142857142857143,0.0,9.0,complete,
cm1,continuous,1000,200,1.0,49,2387367712,0.13043478260869565,0.6,0.21428571428571427,1.0,23.0,1.0,0.2,0.33333333333333337,1.0,1.0,0.2,0.4,0.26666666666666666,1.0,10.0,0.3,0.6,0.4,1.0,10.0,1.0,0.6,0.7499999999999999,1.0,3.0,0.5,0.6,0.5454545454545454,1.0,6.0,complete,
cm1,continuous,1000,200,1.0,50,1670395092,0.14285714285714285,0.6,0.23076923076923073,1.0,21.0,1.0,0.2,0.33333333333333337,1.0,1.0,0.5,0.6,0.5454545454545454,1.0,6.0,0.5555555555555556,1.0,0.7142857142857143,0.0,9.0,1.0,0.8,0.888888888888889,1.0,4.0,0.8333333333333334,1.0,0.9090909090909091,0.0,6.0,complete,
cm1,continuous,1000,200,1.0,51,2433654578,0.13636363636363635,0.6,0.22222222222222218,1.0,22.0,0.0,0.0,0.0,1.0,0.0,0.3333333333333333,0.6,0.42857142857142855,1.0,9.0,0.38461538461538464,1.0,0.5555555555555556,0.0,13.0,1.0,0.6,0.7499999999999999,1.0,3.0,0.625,1.0,0.7692307692307693,0.0,8.0,complete,
cm1,continuous,1000,200,1.0,52,2515539608,0.12,0.6,0.19999999999999998,1.0,25.0,0.0,0.0,0.0,1.0,0.0,0.2,0.4,0.26666666666666666,1.0,10.0,0.3076923076923077,0.8,0.4444444444444444,1.0,13.0,1.0,0.6,0.7499999999999999,1.0,3.0,0.4444444444444444,0.8,0.5714285714285714,1.0,9.0,complete,
cm1,continuous,1000,200,1.0,53,1034654043,0.12,0.6,0.19999999999999998,1.0,25.0,0.0,0.0,0.0,1.0,0.0,0.3333333333333333,0.6,0.42857142857142855,1.0,9.0,0.45454545454545453,1.0,0.625,0.0,11.0,1.0,0.8,0.888888888888889,1.0,4.0,0.5555555555555556,1.0,0.7142857142857143,0.0,9.0,complete,
cm1,continuous,1000,200,1.0,54,1011071940,0.26666666666666666,0.8,0.4,1.0,15.0,0.0,0.0,0.0,1.0,0.0,0.5714285714285714,0.8,0.6666666666666666,1.0,7.0,0.45454545454545453,1.0,0.625,0.0,11.0,1.0,0.6,0.7499999999999999,1.0,3.0,0.625,1.0,0.7692307692307693,0.0,8.0,complete,
cm1,continuous,1000,200,1.0,55,792712351,0.18181818181818182,0.8,0.2962962962962963,1.0,22.0,0.0,0.0,0.0,1.0,0.0,0.5,0.6,0.5454545454545454,1.0,6.0,0.625,1.0,0.7692307692307693,0.0,8.0,1.0,0.6,0.7499999999999999,1.0,3.0,0.7142857142857143,1.0,0.8333333333333333,0.0,7.0,complete,
cm1,continuous,1000,200,1.0,56,220649694,0.1,0.6,0.17142857142857143,1.0,30.0,0.0,0.0,0.0,1.0,0.0,0.3333333333333333,0.6,0.42857142857142855,1.0,9.0,0.5555555555555556,1.0,0.7142857142857143,0.0,9.0,1.0,0.4,0.5714285714285715,1.0,2.0,0.7142857142857143,1.0,0.8333333333333333,0.0,7.0,complete,
cm1,continuous,1000,200,1.0,57,3668547360,0.23529411764705882,0.8,0.3636363636363636,1.0,17.0,0.0,0.0,0.0,1.0,0.0,0.6666666666666666,0.8,0.7272727272727272,1.0,6.0,1.0,1.0,1.0,0.0,5.0,1.0,0.8,0.888888888888889,1.0,4.0,1.0,1.0,1.0,0.0,5.0,complete,
cm1,continuous,1000,200,1.0,58,2618311281,0.21052631578947367,0.8,0.3333333333333333,1.0,19.0,0.0,0.0,0.0,1.0,0.0,0.6,0.6,0.6,1.0,5.0,0.625,1.0,0.7692307692307693,0.0,8.0,1.0,0.6,0.7499999999999999,1.0,3.0,1.0,1.0,1.0,0.0,5.0,complete,
cm1,continuous,1000,200,1.0,59,2147117220,0.2,0.8,0.32000000000000006,1.0,20.0,0.0,0.0,0.0,1.0,1.0,0.36363636363636365,0.8,0.5000000000000001,1.0,11.0,0.7142857142857143,1.0,0.8333333333333333,0.0,7.0,1.0,0.6,0.7499999999999999,1.0,3.0,0.8333333333333334,1.0,0.9090909090909091,0.0,6.0,complete,
cm1,continuous,1000,200,1.0,60,3186155923,0.13043478260869565,0.6,0.21428571428571427,1.0,23.0,0.0,0.0,0.0,1.0,0.0,0.3333333333333333,0.6,0.42857142857142855,1.0,9.0,0.45454545454545453,1.0,0.625,0.0,11.0,1.0,0.8,0.888888888888889,1.0,4.0,0.7142857142857143,1.0,0.8333333333333333,0.0,7.0,complete,
cm1,continuous,1000,200,1.0,61,2325871147,0.13636363636363635,0.6,0.22222222222222218,1.0,22.0,0.0,0.0,0.0,1.0,0.0,0.75,0.6,0.6666666666666665,1.0,4.0,0.4444444444444444,0.8,0.5714285714285714,1.0,9.0,1.0,0.8,0.888888888888889,1.0,4.0,0.6666666666666666,0.8,0.7272727272727272,1.0,6.0,complete,
cm1,continuous,1000,200,1.0,62,3700597753,0.15789473684210525,0.6,0.25,1.0,19.0,0.0,0.0,0.0,1.0,0.0,0.3333333333333333,0.6,0.42857142857142855,1.0,9.0,0.5,1.0,0.6666666666666666,0.0,10.0,1.0,1.0,1.0,0.0,5.0,0.7142857142857143,1.0,0.8333333333333333,0.0,7.0,complete,
cm1,continuous,1000,200,1.0,63,1807042422,0.17391304347826086,0.8,0.2857142857142857,1.0,23.0,0.0,0.0,0.0,1.0,0.0,0.4444444444444444,0.8,0.5714285714285714,1.0,9.0,0.7142857142857143,1.0,0.8333333333333333,0.0,7.0,1.0,0.6,0.7499999999999999,1.0,3.0,0.8333333333333334,1.0,0.9090909090909091,0.0,6.0,complete,
cm1,continuous,1000,200,1.0,64,2773213476,0.13636363636363635,0.6,0.22222222222222218,1.0,22.0,0.0,0.0,0.0,1.0,0.0,0.18181818181818182,0.4,0.25000000000000006,1.0,11.0,0.5555555555555556,1.0,0.7142857142857143,0.0,9.0,1.0,0.8,0.888888888888889,1.0,4.0,0.625,1.0,0.7692307692307693,0.0,8.0,complete,
cm1,continuous,1000,200,1.0,65,4257119183,0.10526315789473684,0.4,0.16666666666666666,1.0,19.0,0.0,0.0,0.0,1.0,1.0,0.4,0.4,0.4000000000000001,1.0,5.0,0.5,1.0,0.6666666666666666,0.0,10.0,1.0,0.6,0.7499999999999999,1.0,3.0,0.6666666666666666,0.8,0.7272727272727272,1.0,6.0,complete,
cm1,continuous,1000,200,1.0,66,4264654363,0.13043478260869565,0.6,0.21428571428571427,1.0,23.0,0.0,0.0,0.0,1.0,0.0,0.375,0.6,0.4615384615384615,1.0,8.0,0.3125,1.0,0.47619047619047616,0.0,16.0,1.0,0.6,0.7499999999999999,1.0,3.0,0.5555555555555556,1.0,0.7142857142857143,0.0,9.0,complete,
cm1,continuous,1000,200,1.0,67,3653450959,0.15,0.6,0.24,1.0,20.0,1.0,0.2,0.33333333333333337,1.0,1.0,0.3,0.6,0.4,1.0,10.0,0.7142857142857143,1.0,0.8333333333333333,0.0,7.0,1.0,0.6,0.7499999999999999,1.0,3.0,0.8333333333333334,1.0,0.9090909090909091,0.0,6.0,complete,
cm1,continuous,1000,200,1.0,68,1666162560,0.13636363636363635,0.6,0.22222222222222218,1.0,22.0,0.0,0.0,0.0,1.0,0.0,0.2222222222222222,0.4,0.2857142857142857,1.0,9.0,0.5714285714285714,0.8,0.6666666666666666,1.0,7.0,1.0,0.6,0.7499999999999999,1.0,3.0,0.8,0.8,0.8000000000000002,1.0,5.0,complete,
cm1,continuous,1000,200,1.0,69,1637761195,0.13636363636363635,0.6,0.22222222222222218,1.0,22.0,0.0,0.0,0.0,1.0,0.0,0.6,0.6,0.6,1.0,5.0,0.5555555555555556,1.0,0.7142857142857143,0.0,9.0,1.0,0.6,0.7499999999999999,1.0,3.0,0.7142857142857143,1.0,0.8333333333333333,0.0,7.0,complete,
cm1,continuous,1000,200,1.0,70,2324930233,0.19047619047619047,0.8,0.3076923076923077,1.0,21.0,0.0,0.0,0.0,1.0,0.0,0.3333333333333333,0.8,0.47058823529411764,1.0,12.0,0.625,1.0,0.7692307692307693,0.0,8.0,1.0,0.8,0.888888888888889,1.0,4.0,0.8333333333333334,1.0,0.9090909090909091,0.0,6.0,complete,
cm1,continuous,1000,200,1.0,71,314503261,0.16666666666666666,0.6,0.2608695652173913,1.0,18.0,0.0,0.0,0.0,1.0,0.0,0.42857142857142855,0.6,0.5,1.0,7.0,0.5555555555555556,1.0,0.7142857142857143,0.0,9.0,1.0,0.8,0.888888888888889,1.0,4.0,0.7142857142857143,1.0,0.8333333333333333,0.0,7.0,complete,
cm1,continuous,1000,200,1.0,72,619632139,0.13636363636363635,0.6,0.22222222222222218,1.0,22.0,0.0,0.0,0.0,1.0,0.0,0.375,0.6,0.4615384615384615,1.0,8.0,0.4166666666666667,1.0,0.5882352941176471,0.0,12.0,1.0,0.4,0.5714285714285715,1.0,2.0,0.5714285714285714,0.8,0.6666666666666666,1.0,7.0,complete,
cm1,continuous,1000,200,1.0,73,3766601580,0.15789473684210525,0.6,0.25,1.0,19.0,0.0,0.0,0.0,1.0,0.0,0.5,0.6,0.5454545454545454,1.0,6.0,0.5,1.0,0.6666666666666666,0.0,10.0,1.0,0.8,0.888888888888889,1.0,4.0,0.625,1.0,0.7692307692307693,0.0,8.0,complete,
cm1,continuous,1000,200,1.0,74,2239857830,0.13043478260869565,0.6,0.21428571428571427,1.0,23.0,1.0,0.2,0.33333333333333337,1.0,1.0,0.5,0.6,0.5454545454545454,1.0,6.0,0.45454545454545453,1.0,0.625,0.0,11.0,1.0,0.4,0.5714285714285715,1.0,2.0,0.8,0.8,0.8000000000000002,1.0,5.0,complete,
cm1,continuous,1000,200,1.0,75,3004627090,0.13636363636363635,0.6,0.22222222222222218,1.0,22.0,1.0,0.2,0.33333333333333337,1.0,1.0,0.3,0.6,0.4,1.0,10.0,0.38461538461538464,1.0,0.5555555555555556,0.0,13.0,1.0,0.4,0.5714285714285715,1.0,2.0,0.7142857142857143,1.0,0.8333333333333333,0.0,7.0,complete,
cm1,continuous,1000,200,1.0,76,1536665102,0.12,0.6,0.19999999999999998,1.0,25.0,0.0,0.0,0.0,1.0,0.0,0.25,0.6,0.35294117647058826,1.0,12.0,0.38461538461538464,1.0,0.5555555555555556,0.0,13.0,1.0,0.4,0.5714285714285715,1.0,2.0,0.5,1.0,0.6666666666666666,0.0,10.0,complete,
cm1,continuous,1000,200,1.0,77,1794431083,0.125,0.6,0.20689655172413793,1.0,24.0,0.0,0.0,0.0,1.0,0.0,0.3333333333333333,0.6,0.42857142857142855,1.0,9.0,0.5,1.0,0.6666666666666666,0.0,10.0,1.0,0.8,0.888888888888889,1.0,4.0,0.625,1.0,0.7692307692307693,0.0,8.0,complete,
cm1,continuous,1000,200,1.0,78,4206400355,0.19047619047619047,0.8,0.3076923076923077,1.0,21.0,0.0,0.0,0.0,1.0,0.0,0.375,0.6,0.4615384615384615,1.0,8.0,0.5,1.0,0.6666666666666666,0.0,10.0,1.0,0.6,0.7499999999999999,1.0,3.0,0.5555555555555556,1.0,0.7142857142857143,0.0,9.0,complete,
cm1,continuous,1000,200,1.0,79,1193605564,0.18181818181818182,0.8,0.2962962962962963,1.0,22.0,0.0,0.0,0.0,1.0,0.0,0.2727272727272727,0.6,0.37499999999999994,1.0,11.0,0.45454545454545453,1.0,0.625,0.0,11.0,1.0,0.6,0.7499999999999999,1.0,3.0,0.7142857142857143,1.0,0.8333333333333333,0.0,7.0,complete,
cm1,continuous,1000,200,1.0,80,1341126309,0.1,0.6,0.17142857142857143,1.0,30.0,0.0,0.0,0.0,1.0,0.0,0.3,0.6,0.4,1.0,10.0,0.625,1.0,0.7692307692307693,0.0,8.0,1.0,0.6,0.7499999999999999,1.0,3.0,1.0,1.0,1.0,0.0,5.0,complete,
cm1,continuous,1000,200,1.0,81,3633572489,0.2,1.0,0.33333333333333337,0.0,25.0,0.0,0.0,0.0,1.0,0.0,0.375,0.6,0.4615384615384615,1.0,8.0,0.35714285714285715,1.0,0.5263157894736842,0.0,14.0,1.0,0.6,0.7499999999999999,1.0,3.0,0.625,1.0,0.7692307692307693,0.0,8.0,complete,
cm1,continuous,1000,200,1.0,82,3471694063,0.13043478260869565,0.6,0.21428571428571427,1.0,23.0,0.0,0.0,0.0,1.0,0.0,0.375,0.6,0.4615384615384615,1.0,8.0,0.625,1.0,0.7692307692307693,0.0,8.0,1.0,0.6,0.7499999999999999,1.0,3.0,0.7142857142857143,1.0,0.8333333333333333,0.0,7.0,complete,
cm1,continuous,1000,200,1.0,83,4009823082,0.25,0.8,0.38095238095238093,1.0,16.0,1.0,0.2,0.33333333333333337,1.0,1.0,0.375,0.6,0.4615384615384615,1.0,8.0,0.625,1.0,0.7692307692307693,0.0,8.0,1.0,0.6,0.7499999999999999,1.0,3.0,0.8333333333333334,1.0,0.9090909090909091,0.0,6.0,complete,
cm1,continuous,1000,200,1.0,84,654367643,0.16666666666666666,0.8,0.27586206896551724,1.0,24.0,0.0,0.0,0.0,1.0,0.0,0.4444444444444444,0.8,0.5714285714285714,1.0,9.0,0.5555555555555556,1.0,0.7142857142857143,0.0,9.0,1.0,0.6,0.7499999999999999,1.0,3.0,0.8333333333333334,1.0,0.9090909090909091,0.0,6.0,complete,
cm1,continuous,1000,200,1.0,85,1610468347,0.125,0.6,0.20689655172413793,1.0,24.0,1.0,0.2,0.33333333333333337,1.0,1.0,0.3,0.6,0.4,1.0,10.0,0.625,1.0,0.7692307692307693,0.0,8.0,1.0,0.6,0.7499999999999999,1.0,3.0,0.7142857142857143,1.0,0.8333333333333333,0.0,7.0,complete,
cm1,continuous,1000,200,1.0,86,1483833189,0.125,0.6,0.20689655172413793,1.0,24.0,1.0,0.2,0.33333333333333337,1.0,1.0,0.5,0.6,0.5454545454545454,1.0,6.0,0.5555555555555556,1.0,0.7142857142857143,0.0,9.0,1.0,0.6,0.7499999999999999,1.0,3.0,0.8333333333333334,1.0,0.9090909090909091,0.0,6.0,complete,
cm1,continuous,1000,200,1.0,87,212557673,0.10714285714285714,0.6,0.18181818181818182,1.0,28.0,0.0,0.0,0.0,1.0,0.0,0.3,0.6,0.4,1.0,10.0,0.38461538461538464,1.0,0.5555555555555556,0.0,13.0,1.0,0.6,0.7499999999999999,1.0,3.0,0.7142857142857143,1.0,0.8333333333333333,0.0,7.0,complete,
cm1,continuous,1000,200,1.0,88,2768612814,0.12903225806451613,0.8,0.2222222222222222,1.0,31.0,1.0,0.2,0.33333333333333337,1.0,1.0,0.23076923076923078,0.6,0.33333333333333337,1.0,13.0,0.4166666666666667,1.0,0.5882352941176471,0.0,12.0,1.0,0.6,0.7499999999999999,1.0,3.0,0.8,0.8,0.8000000000000002,1.0,5.0,complete,
cm1,continuous,1000,200,1.0,89,1555893778,0.19047619047619047,0.8,0.3076923076923077,1.0,21.0,0.0,0.0,0.0,1.0,0.0,0.3333333333333333,0.6,0.42857142857142855,1.0,9.0,0.4166666666666667,1.0,0.5882352941176471,0.0,12.0,1.0,0.6,0.7499999999999999,1.0,3.0,0.5555555555555556,1.0,0.7142857142857143,0.0,9.0,complete,
cm1,continuous,1000,200,1.0,90,489892137,0.17391304347826086,0.8,0.2857142857142857,1.0,23.0,0.0,0.0,0.0,1.0,0.0,0.4,0.8,0.5333333333333333,1.0,10.0,0.38461538461538464,1.0,0.5555555555555556,0.0,13.0,1.0,0.6,0.7499999999999999,1.0,3.0,0.5555555555555556,1.0,0.7142857142857143,0.0,9.0,complete,
cm1,continuous,1000,200,1.0,91,1460445194,0.26666666666666666,0.8,0.4,1.0,15.0,0.0,0.0,0.0,1.0,0.0,0.6,0.6,0.6,1.0,5.0,0.7142857142857143,1.0,0.8333333333333333,0.0,7.0,1.0,0.6,0.7499999999999999,1.0,3.0,0.8333333333333334,1.0,0.9090909090909091,0.0,6.0,complete,
cm1,continuous,1000,200,1.0,92,1693307210,0.13043478260869565,0.6,0.21428571428571427,1.0,23.0,0.0,0.0,0.0,1.0,0.0,0.2857142857142857,0.4,0.3333333333333333,1.0,7.0,0.7142857142857143,1.0,0.8333333333333333,0.0,7.0,1.0,0.6,0.7499999999999999,1.0,3.0,0.8333333333333334,1.0,0.9090909090909091,0.0,6.0,complete,
cm1,continuous,1000,200,1.0,93,842093247,0.16666666666666666,0.8,0.27586206896551724,1.0,24.0,0.0,0.0,0.0,1.0,0.0,0.42857142857142855,0.6,0.5,1.0,7.0,0.45454545454545453,1.0,0.625,0.0,11.0,1.0,0.6,0.7499999999999999,1.0,3.0,0.625,1.0,0.7692307692307693,0.0,8.0,complete,
cm1,continuous,1000,200,1.0,94,2449668293,0.14814814814814814,0.8,0.25,1.0,27.0,0.0,0.0,0.0,1.0,0.0,0.36363636363636365,0.8,0.5000000000000001,1.0,11.0,0.625,1.0,0.7692307692307693,0.0,8.0,1.0,0.8,0.888888888888889,1.0,4.0,0.8,0.8,0.8000000000000002,1.0,5.0,complete,
cm1,continuous,1000,200,1.0,95,208076921,0.13636363636363635,0.6,0.22222222222222218,1.0,22.0,1.0,0.2,0.33333333333333337,1.0,1.0,0.25,0.4,0.3076923076923077,1.0,8.0,0.4,0.8,0.5333333333333333,1.0,10.0,1.0,0.6,0.7499999999999999,1.0,3.0,0.6666666666666666,0.8,0.7272727272727272,1.0,6.0,complete,
cm1,continuous,1000,200,1.0,96,4288267189,0.16666666666666666,0.8,0.27586206896551724,1.0,24.0,0.0,0.0,0.0,1.0,0.0,0.25,0.6,0.35294117647058826,1.0,12.0,0.45454545454545453,1.0,0.625,0.0,11.0,1.0,0.6,0.7499999999999999,1.0,3.0,0.625,1.0,0.7692307692307693,0.0,8.0,complete,
cm1,continuous,1000,200,1.0,97,2040035059,0.16,0.8,0.26666666666666666,1.0,25.0,0.0,0.0,0.0,1.0,0.0,0.5,0.6,0.5454545454545454,1.0,6.0,0.45454545454545453,1.0,0.625,0.0,11.0,1.0,0.8,0.888888888888889,1.0,4.0,0.7142857142857143,1.0,0.8333333333333333,0.0,7.0,complete,
cm1,continuous,1000,200,1.0,98,2581986640,0.08695652173913043,0.4,0.14285714285714285,1.0,23.0,0.0,0.0,0.0,1.0,0.0,0.25,0.4,0.3076923076923077,1.0,8.0,0.45454545454545453,1.0,0.625,0.0,11.0,1.0,0.8,0.888888888888889,1.0,4.0,0.7142857142857143,1.0,0.8333333333333333,0.0,7.0,complete,
cm1,continuous,1000,200,1.0,99,3134695559,0.17391304347826086,0.8,0.2857142857142857,1.0,23.0,1.0,0.2,0.33333333333333337,1.0,1.0,0.4,0.8,0.5333333333333333,1.0,10.0,0.5,1.0,0.6666666666666666,0.0,10.0,1.0,0.6,0.7499999999999999,1.0,3.0,0.4444444444444444,0.8,0.5714285714285714,1.0,9.0,complete,
cm1,continuous,1000,200,10.0,0,2623359665,0.08333333333333333,0.4,0.13793103448275862,1.0,24.0,0.0,0.0,0.0,1.0,0.0,0.2857142857142857,0.4,0.3333333333333333,1.0,7.0,0.35714285714285715,1.0,0.5263157894736842,0.0,14.0,1.0,0.6,0.7499999999999999,1.0,3.0,0.5714285714285714,0.8,0.6666666666666666,1.0,7.0,complete,
cm1,continuous,1000,200,10.0,1,3985818918,0.13636363636363635,0.6,0.22222222222222218,1.0,22.0,0.0,0.0,0.0,1.0,0.0,0.42857142857142855,0.6,0.5,1.0,7.0,0.4166666666666667,1.0,0.5882352941176471,0.0,12.0,1.0,0.8,0.888888888888889,1.0,4.0,0.5555555555555556,1.0,0.7142857142857143,0.0,9.0,complete,
cm1,continuous,1000,200,10.0,2,3487954302,0.17391304347826086,0.8,0.2857142857142857,1.0,23.0,0.0,0.0,0.0,1.0,0.0,0.25,0.6,0.35294117647058826,1.0,12.0,0.4166666666666667,1.0,0.5882352941176471,0.0,12.0,1.0,0.6,0.7499999999999999,1.0,3.0,0.5555555555555556,1.0,0.7142857142857143,0.0,9.0,complete,
cm1,continuous,1000,200,10.0,3,4156976104,0.17391304347826086,0.8,0.2857142857142857,1.0,23.0,0.0,0.0,0.0,1.0,0.0,0.23076923076923078,0.6,0.33333333333333337,1.0,13.0,0.4166666666666667,1.0,0.5882352941176471,0.0,12.0,1.0,0.6,0.7499999999999999,1.0,3.0,0.5,1.0,0.6666666666666666,0.0,10.0,complete,
cm1,continuous,1000,200,10.0,4,3780752612,0.2,0.6,0.3,1.0,15.0,0.0,0.0,0.0,1.0,0.0,0.5,0.4,0.4444444444444445,1.0,4.0,0.38461538461538464,1.0,0.5555555555555556,0.0,13.0,1.0,0.6,0.7499999999999999,1.0,3.0,0.5555555555555556,1.0,0.7142857142857143,0.0,9.0,complete,
cm1,continuous,1000,200,10.0,5,3821012079,0.08,0.4,0.13333333333333333,1.0,25.0,0.0,0.0,0.0,1.0,0.0,0.3333333333333333,0.4,0.3636363636363636,1.0,6.0,0.3076923076923077,0.8,0.4444444444444444,1.0,13.0,1.0,0.6,0.7499999999999999,1.0,3.0,0.5,0.8,0.6153846153846154,1.0,8.0,complete,
cm1,continuous,1000,200,10.0,6,2614511990,0.15,0.6,0.24,1.0,20.0,0.0,0.0,0.0,1.0,0.0,0.42857142857142855,0.6,0.5,1.0,7.0,0.4166666666666667,1.0,0.5882352941176471,0.0,12.0,1.0,0.8,0.888888888888889,1.0,4.0,0.625,1.0,0.7692307692307693,0.0,8.0,complete,
cm1,continuous,1000,200,10.0,7,2024238075,0.17647058823529413,0.6,0.2727272727272727,1.0,17.0,0.0,0.0,0.0,1.0,0.0,0.5,0.6,0.5454545454545454,1.0,6.0,0.8333333333333334,1.0,0.9090909090909091,0.0,6.0,1.0,0.6,0.7499999999999999,1.0,3.0,1.0,1.0,1.0,0.0,5.0,complete,
cm1,continuous,1000,200,10.0,8,1194869418,0.15,0.6,0.24,1.0,20.0,0.0,0.0,0.0,1.0,0.0,0.42857142857142855,0.6,0.5,1.0,7.0,0.3333333333333333,1.0,0.5,0.0,15.0,1.0,0.6,0.7499999999999999,1.0,3.0,0.5,0.8,0.6153846153846154,1.0,8.0,complete,
cm1,continuous,1000,200,10.0,9,4058015100,0.09090909090909091,0.4,0.14814814814814814,1.0,22.0,0.0,0.0,0.0,1.0,0.0,0.25,0.4,0.3076923076923077,1.0,8.0,0.3333333333333333,1.0,0.5,0.0,15.0,1.0,0.8,0.888888888888889,1.0,4.0,0.6666666666666666,0.8,0.7272727272727272,1.0,6.0,complete,
cm1,continuous,1000,200,10.0,10,276091679,0.10344827586206896,0.6,0.17647058823529413,1.0,29.0,0.0,0.0,0.0,1.0,0.0,0.375,0.6,0.4615384615384615,1.0,8.0,0.4166666666666667,1.0,0.5882352941176471,0.0,12.0,1.0,0.6,0.7499999999999999,1.0,3.0,0.5,1.0,0.6666666666666666,0.0,10.0,complete,
cm1,continuous,1000,200,10.0,11,3589357287,0.14285714285714285,0.6,0.23076923076923073,1.0,21.0,0.0,0.0,0.0,1.0,0.0,0.3,0.6,0.4,1.0,10.0,0.4,0.8,0.5333333333333333,1.0,10.0,1.0,0.6,0.7499999999999999,1.0,3.0,0.4444444444444444,0.8,0.5714285714285714,1.0,9.0,complete,
cm1,continuous,1000,200,10.0,12,1283266341,0.13636363636363635,0.6,0.22222222222222218,1.0,22.0,0.0,0.0,0.0,1.0,0.0,0.3333333333333333,0.6,0.42857142857142855,1.0,9.0,0.4166666666666667,1.0,0.5882352941176471,0.0,12.0,1.0,0.6,0.7499999999999999,1.0,3.0,0.5555555555555556,1.0,0.7142857142857143,0.0,9.0,complete,
cm1,continuous,1000,200,10.0,13,1500943583,0.15,0.6,0.24,1.0,20.0,0.0,0.0,0.0,1.0,0.0,0.2,0.4,0.26666666666666666,1.0,10.0,0.3333333333333333,1.0,0.5,0.0,15.0,1.0,0.8,0.888888888888889,1.0,4.0,0.625,1.0,0.7692307692307693,0.0,8.0,complete,
cm1,continuous,1000,200,10.0,14,2098055786,0.14285714285714285,0.8,0.24242424242424243,1.0,28.0,0.0,0.0,0.0,1.0,0.0,0.4,0.8,0.5333333333333333,1.0,10.0,0.4166666666666667,1.0,0.5882352941176471,0.0,12.0,1.0,0.6,0.7499999999999999,1.0,3.0,0.8333333333333334,1.0,0.9090909090909091,0.0,6.0,complete,
cm1,continuous,1000,200,10.0,15,440541639,0.125,0.6,0.20689655172413793,1.0,24.0,0.0,0.0,0.0,1.0,0.0,0.375,0.6,0.4615384615384615,1.0,8.0,0.38461538461538464,1.0,0.5555555555555556,0.0,13.0,1.0,0.6,0.7499999999999999,1.0,3.0,0.8333333333333334,1.0,0.9090909090909091,0.0,6.0,complete,
cm1,continuous,1000,200,10.0,16,487293402,0.15151515151515152,1.0,0.2631578947368421,0.0,33.0,0.0,0.0,0.0,1.0,0.0,0.2857142857142857,0.8,0.4210526315789473,1.0,14.0,0.5555555555555556,1.0,0.7142857142857143,0.0,9.0,1.0,0.8,0.888888888888889,1.0,4.0,0.8333333333333334,1.0,0.9090909090909091,0.0,6.0,complete,
cm1,continuous,1000,200,10.0,17,3602899476,0.13636363636363635,0.6,0.22222222222222218,1.0,22.0,0.0,0.0,0.0,1.0,0.0,0.2857142857142857,0.4,0.3333333333333333,1.0,7.0,0.5,1.0,0.6666666666666666,0.0,10.0,1.0,0.6,0.7499999999999999,1.0,3.0,0.8,0.8,0.8000000000000002,1.0,5.0,complete,
cm1,continuous,1000,200,10.0,18,726957604,0.15789473684210525,0.6,0.25,1.0,19.0,0.0,0.0,0.0,1.0,0.0,0.42857142857142855,0.6,0.5,1.0,7.0,0.45454545454545453,1.0,0.625,0.0,11.0,1.0,0.6,0.7499999999999999,1.0,3.0,0.5555555555555556,1.0,0.7142857142857143,0.0,9.0,complete,
cm1,continuous,1000,200,10.0,19,831268487,0.17391304347826086,0.8,0.2857142857142857,1.0,23.0,0.0,0.0,0.0,1.0,0.0,0.3333333333333333,0.8,0.47058823529411764,1.0,12.0,0.5,1.0,0.6666666666666666,0.0,10.0,1.0,0.2,0.33333333333333337,1.0,1.0,0.8333333333333334,1.0,0.9090909090909091,0.0,6.0,complete,
cm1,continuous,1000,200,10.0,20,1382164570,0.125,0.6,0.20689655172413793,1.0,24.0,0.0,0.0,0.0,1.0,0.0,0.6,0.6,0.6,1.0,5.0,0.45454545454545453,1.0,0.625,0.0,11.0,1.0,0.6,0.7499999999999999,1.0,3.0,0.5555555555555556,1.0,0.7142857142857143,0.0,9.0,complete,
cm1,continuous,1000,200,10.0,21,3746191372,0.14285714285714285,0.6,0.23076923076923073,1.0,21.0,0.0,0.0,0.0,1.0,0.0,0.5,0.6,0.5454545454545454,1.0,6.0,0.5,1.0,0.6666666666666666,0.0,10.0,1.0,0.6,0.7499999999999999,1.0,3.0,1.0,1.0,1.0,0.0,5.0,complete,
cm1,continuous,1000,200,10.0,22,2626701709,0.12,0.6,0.19999999999999998,1.0,25.0,0.0,0.0,0.0,1.0,0.0,0.15384615384615385,0.4,0.2222222222222222,1.0,13.0,0.35714285714285715,1.0,0.5263157894736842,0.0,14.0,1.0,0.6,0.7499999999999999,1.0,3.0,0.45454545454545453,1.0,0.625,0.0,11.0,complete,
cm1,continuous,1000,200,10.0,23,2864427780,0.21052631578947367,0.8,0.3333333333333333,1.0,19.0,0.0,0.0,0.0,1.0,0.0,0.42857142857142855,0.6,0.5,1.0,7.0,0.45454545454545453,1.0,0.625,0.0,11.0,1.0,0.8,0.888888888888889,1.0,4.0,0.7142857142857143,1.0,0.8333333333333333,0.0,7.0,complete,
cm1,continuous,1000,200,10.0,24,3638121340,0.21052631578947367,0.8,0.3333333333333333,1.0,19.0,0.0,0.0,0.0,1.0,0.0,0.5,0.8,0.6153846153846154,1.0,8.0,0.625,1.0,0.7692307692307693,0.0,8.0,1.0,0.8,0.888888888888889,1.0,4.0,0.7142857142857143,1.0,0.8333333333333333,0.0,7.0,complete,
cm1,continuous,1000,200,10.0,25,2219974671,0.13043478260869565,0.6,0.21428571428571427,1.0,23.0,1.0,0.2,0.33333333333333337,1.0,1.0,0.375,0.6,0.4615384615384615,1.0,8.0,0.5555555555555556,1.0,0.7142857142857143,0.0,9.0,1.0,0.6,0.7499999999999999,1.0,3.0,0.8333333333333334,1.0,0.9090909090909091,0.0,6.0,complete,
cm1,continuous,1000,200,10.0,26,759652196,0.14285714285714285,0.6,0.23076923076923073,1.0,21.0,0.0,0.0,0.0,1.0,0.0,0.3333333333333333,0.6,0.42857142857142855,1.0,9.0,0.625,1.0,0.7692307692307693,0.0,8.0,1.0,0.6,0.7499999999999999,1.0,3.0,0.8333333333333334,1.0,0.9090909090909091,0.0,6.0,complete,
cm1,continuous,1000,200,10.0,27,447790408,0.125,0.6,0.20689655172413793,1.0,24.0,0.0,0.0,0.0,1.0,0.0,0.5,0.6,0.5454545454545454,1.0,6.0,0.29411764705882354,1.0,0.45454545454545453,0.0,17.0,1.0,0.4,0.5714285714285715,1.0,2.0,0.5,1.0,0.6666666666666666,0.0,10.0,complete,
cm1,continuous,1000,200,10.0,28,3013588843,0.13043478260869565,0.6,0.21428571428571427,1.0,23.0,0.0,0.0,0.0,1.0,0.0,0.3333333333333333,0.6,0.42857142857142855,1.0,9.0,0.5,1.0,0.6666666666666666,0.0,10.0,1.0,0.4,0.5714285714285715,1.0,2.0,0.625,1.0,0.7692307692307693,0.0,8.0,complete,
cm1,continuous,1000,200,10.0,29,2166676571,0.2,0.6,0.3,1.0,15.0,0.0,0.0,0.0,1.0,1.0,0.42857142857142855,0.6,0.5,1.0,7.0,0.45454545454545453,1.0,0.625,0.0,11.0,1.0,0.6,0.7499999999999999,1.0,3.0,0.7142857142857143,1.0,0.8333333333333333,0.0,7.0,complete,
cm1,continuous,1000,200,10.0,30,2889089705,0.12,0.6,0.19999999999999998,1.0,25.0,1.0,0.2,0.33333333333333337,1.0,1.0,0.2727272727272727,0.6,0.37499999999999994,1.0,11.0,0.5555555555555556,1.0,0.7142857142857143,0.0,9.0,1.0,0.4,0.5714285714285715,1.0,2.0,1.0,0.8,0.888888888888889,1.0,4.0,complete,
cm1,continuous,1000,200,10.0,31,3166717159,0.12,0.6,0.19999999999999998,1.0,25.0,0.0,0.0,0.0,1.0,0.0,0.21428571428571427,0.6,0.3157894736842105,1.0,14.0,0.5,1.0,0.6666666666666666,0.0,10.0,1.0,0.6,0.7499999999999999,1.0,3.0,0.8333333333333334,1.0,0.9090909090909091,0.0,6.0,complete,
cm1,continuous,1000,200,10.0,32,1804954762,0.15789473684210525,0.6,0.25,1.0,19.0,0.0,0.0,0.0,1.0,0.0,0.5,0.6,0.5454545454545454,1.0,6.0,0.5,1.0,0.6666666666666666,0.0,10.0,1.0,0.4,0.5714285714285715,1.0,2.0,0.7142857142857143,1.0,0.8333333333333333,0.0,7.0,complete,
cm1,continuous,1000,200,10.0,33,3790131555,0.07407407407407407,0.4,0.125,1.0,27.0,0.0,0.0,0.0,1.0,0.0,0.2,0.4,0.26666666666666666,1.0,10.0,0.3125,1.0,0.47619047619047616,0.0,16.0,1.0,0.6,0.7499999999999999,1.0,3.0,0.5,0.8,0.6153846153846154,1.0,8.0,complete,
cm1,continuous,1000,200,10.0,34,4294598009,0.15384615384615385,0.8,0.25806451612903225,1.0,26.0,0.0,0.0,0.0,1.0,0.0,0.375,0.6,0.4615384615384615,1.0,8.0,0.625,1.0,0.7692307692307693,0.0,8.0,1.0,0.6,0.7499999999999999,1.0,3.0,0.8333333333333334,1.0,0.9090909090909091,0.0,6.0,complete,
cm1,continuous,1000,200,10.0,35,735169882,0.2,0.6,0.3,1.0,15.0,0.0,0.0,0.0,1.0,1.0,0.3333333333333333,0.6,0.42857142857142855,1.0,9.0,0.5,0.8,0.6153846153846154,1.0,8.0,1.0,0.8,0.888888888888889,1.0,4.0,1.0,0.8,0.888888888888889,1.0,4.0,complete,
cm1,continuous,1000,200,10.0,36,3510567228,0.23529411764705882,0.8,0.3636363636363636,1.0,17.0,0.0,0.0,0.0,1.0,0.0,0.375,0.6,0.4615384615384615,1.0,8.0,0.45454545454545453,1.0,0.625,0.0,11.0,1.0,0.6,0.7499999999999999,1.0,3.0,0.6666666666666666,0.8,0.7272727272727272,1.0,6.0,complete,
cm1,continuous,1000,200,10.0,37,2038385585,0.14285714285714285,0.6,0.23076923076923073,1.0,21.0,1.0,0.2,0.33333333333333337,1.0,1.0,0.42857142857142855,0.6,0.5,1.0,7.0,0.5555555555555556,1.0,0.7142857142857143,0.0,9.0,1.0,0.8,0.888888888888889,1.0,4.0,1.0,1.0,1.0,0.0,5.0,complete,
cm1,continuous,1000,200,10.0,38,1817214610,0.13043478260869565,0.6,0.21428571428571427,1.0,23.0,0.0,0.0,0.0,1.0,0.0,0.2727272727272727,0.6,0.37499999999999994,1.0,11.0,0.4166666666666667,1.0,0.5882352941176471,0.0,12.0,1.0,0.4,0.5714285714285715,1.0,2.0,0.5714285714285714,0.8,0.6666666666666666,1.0,7.0,complete,
cm1,continuous,1000,200,10.0,39,718880081,0.21052631578947367,0.8,0.3333333333333333,1.0,19.0,0.0,0.0,0.0,1.0,0.0,0.3,0.6,0.4,1.0,10.0,0.4166666666666667,1.0,0.5882352941176471,0.0,12.0,1.0,0.6,0.7499999999999999,1.0,3.0,0.7142857142857143,1.0,0.8333333333333333,0.0,7.0,complete,
cm1,continuous,1000,200,10.0,40,2451585891,0.125,0.6,0.20689655172413793,1.0,24.0,0.0,0.0,0.0,1.0,0.0,0.42857142857142855,0.6,0.5,1.0,7.0,0.4166666666666667,1.0,0.5882352941176471,0.0,12.0,1.0,0.6,0.7499999999999999,1.0,3.0,0.5,0.8,0.6153846153846154,1.0,8.0,complete,
cm1,continuous,1000,200,10.0,41,2238401036,0.14285714285714285,0.6,0.23076923076923073,1.0,21.0,0.0,0.0,0.0,1.0,0.0,0.42857142857142855,0.6,0.5,1.0,7.0,0.45454545454545453,1.0,0.625,0.0,11.0,1.0,0.6,0.7499999999999999,1.0,3.0,0.7142857142857143,1.0,0.8333333333333333,0.0,7.0,complete,
cm1,continuous,1000,200,10.0,42,477480260,0.13043478260869565,0.6,0.21428571428571427,1.0,23.0,0.0,0.0,0.0,1.0,0.0,0.2857142857142857,0.4,0.3333333333333333,1.0,7.0,0.625,1.0,0.7692307692307693,0.0,8.0,1.0,0.8,0.888888888888889,1.0,4.0,0.8333333333333334,1.0,0.9090909090909091,0.0,6.0,complete,
cm1,continuous,1000,200,10.0,43,1392669927,0.10714285714285714,0.6,0.18181818181818182,1.0,28.0,0.0,0.0,0.0,1.0,0.0,0.25,0.6,0.35294117647058826,1.0,12.0,0.35714285714285715,1.0,0.5263157894736842,0.0,14.0,1.0,0.6,0.7499999999999999,1.0,3.0,0.5,1.0,0.6666666666666666,0.0,10.0,complete,
cm1,continuous,1000,200,10.0,44,2973581989,0.19047619047619047,0.8,0.3076923076923077,1.0,21.0,0.0,0.0,0.0,1.0,0.0,0.42857142857142855,0.6,0.5,1.0,7.0,0.5555555555555556,1.0,0.7142857142857143,0.0,9.0,1.0,0.6,0.7499999999999999,1.0,3.0,0.7142857142857143,1.0,0.8333333333333333,0.0,7.0,complete,
cm1,continuous,1000,200,10.0,45,1369059028,0.15789473684210525,0.6,0.25,1.0,19.0,0.0,0.0,0.0,1.0,0.0,0.42857142857142855,0.6,0.5,1.0,7.0,0.5,1.0,0.6666666666666666,0.0,10.0,1.0,0.6,0.7499999999999999,1.0,3.0,0.8333333333333334,1.0,0.9090909090909091,0.0,6.0,complete,
cm1,continuous,1000,200,10.0,46,3227931583,0.17391304347826086,0.8,0.2857142857142857,1.0,23.0,0.0,0.0,0.0,1.0,0.0,0.42857142857142855,0.6,0.5,1.0,7.0,0.4,0.8,0.5333333333333333,1.0,10.0,1.0,0.4,0.5714285714285715,1.0,2.0,0.8,0.8,0.8000000000000002,1.0,5.0,complete,
cm1,continuous,1000,200,10.0,47,3543854787,0.21052631578947367,0.8,0.3333333333333333,1.0,19.0,0.0,0.0,0.0,1.0,0.0,0.5,0.6,0.5454545454545454,1.0,6.0,0.45454545454545453,1.0,0.625,0.0,11.0,1.0,0.6,0.7499999999999999,1.0,3.0,0.5,1.0,0.6666666666666666,0.0,10.0,complete,
cm1,continuous,1000,200,10.0,48,1587502181,0.13043478260869565,0.6,0.21428571428571427,1.0,23.0,0.0,0.0,0.0,1.0,0.0,0.3,0.6,0.4,1.0,10.0,0.38461538461538464,1.0,0.5555555555555556,0.0,13.0,1.0,0.6,0.7499999999999999,1.0,3.0,0.8333333333333334,1.0,0.9090909090909091,0.0,6.0,complete,
cm1,continuous,1000,200,10.0,49,3729395202,0.12,0.6,0.19999999999999998,1.0,25.0,0.0,0.0,0.0,1.0,0.0,0.3333333333333333,0.6,0.42857142857142855,1.0,9.0,0.7142857142857143,1.0,0.8333333333333333,0.0,7.0,1.0,0.6,0.7499999999999999,1.0,3.0,0.8333333333333334,1.0,0.9090909090909091,0.0,6.0,complete,
cm1,continuous,1000,200,10.0,50,3190003874,0.18181818181818182,0.8,0.2962962962962963,1.0,22.0,0.0,0.0,0.0,1.0,0.0,0.3333333333333333,0.6,0.42857142857142855,1.0,9.0,0.5555555555555556,1.0,0.7142857142857143,0.0,9.0,1.0,0.4,0.5714285714285715,1.0,2.0,0.5555555555555556,1.0,0.7142857142857143,0.0,9.0,complete,
cm1,continuous,1000,200,10.0,51,3086787078,0.21428571428571427,0.6,0.3157894736842105,1.0,14.0,0.0,0.0,0.0,1.0,0.0,0.42857142857142855,0.6,0.5,1.0,7.0,0.38461538461538464,1.0,0.5555555555555556,0.0,13.0,1.0,0.6,0.7499999999999999,1.0,3.0,0.5,1.0,0.6666666666666666,0.0,10.0,complete,
cm1,continuous,1000,200,10.0,52,1577731569,0.15,0.6,0.24,1.0,20.0,0.0,0.0,0.0,1.0,0.0,0.75,0.6,0.6666666666666665,1.0,4.0,0.4166666666666667,1.0,0.5882352941176471,0.0,12.0,1.0,0.6,0.7499999999999999,1.0,3.0,0.625,1.0,0.7692307692307693,0.0,8.0,complete,
cm1,continuous,1000,200,10.0,53,2561928341,0.13636363636363635,0.6,0.22222222222222218,1.0,22.0,0.0,0.0,0.0,1.0,0.0,0.3333333333333333,0.4,0.3636363636363636,1.0,6.0,0.5555555555555556,1.0,0.7142857142857143,0.0,9.0,1.0,0.8,0.888888888888889,1.0,4.0,0.7142857142857143,1.0,0.8333333333333333,0.0,7.0,complete,
cm1,continuous,1000,200,10.0,54,191333612,0.1875,0.6,0.2857142857142857,1.0,16.0,1.0,0.2,0.33333333333333337,1.0,1.0,0.2857142857142857,0.4,0.3333333333333333,1.0,7.0,0.7142857142857143,1.0,0.8333333333333333,0.0,7.0,1.0,0.6,0.7499999999999999,1.0,3.0,0.6666666666666666,0.8,0.7272727272727272,1.0,6.0,complete,
cm1,continuous,1000,200,10.0,55,325495639,0.21052631578947367,0.8,0.3333333333333333,1.0,19.0,0.0,0.0,0.0,1.0,0.0,0.3333333333333333,0.6,0.42857142857142855,1.0,9.0,0.5555555555555556,1.0,0.7142857142857143,0.0,9.0,1.0,0.8,0.888888888888889,1.0,4.0,0.625,1.0,0.7692307692307693,0.0,8.0,complete,
cm1,continuous,1000,200,10.0,56,1208407781,0.14285714285714285,0.8,0.24242424242424243,1.0,28.0,0.0,0.0,0.0,1.0,0.0,0.4,0.8,0.5333333333333333,1.0,10.0,0.4166666666666667,1.0,0.5882352941176471,0.0,12.0,1.0,0.6,0.7499999999999999,1.0,3.0,0.5,0.8,0.6153846153846154,1.0,8.0,complete,
cm1,continuous,1000,200,10.0,57,828513053,0.13636363636363635,0.6,0.22222222222222218,1.0,22.0,0.0,0.0,0.0,1.0,0.0,0.25,0.4,0.3076923076923077,1.0,8.0,0.35714285714285715,1.0,0.5263157894736842,0.0,14.0,1.0,0.4,0.5714285714285715,1.0,2.0,0.7142857142857143,1.0,0.8333333333333333,0.0,7.0,complete,
cm1,continuous,1000,200,10.0,58,2256606777,0.125,0.6,0.20689655172413793,1.0,24.0,0.0,0.0,0.0,1.0,0.0,0.375,0.6,0.4615384615384615,1.0,8.0,0.4166666666666667,1.0,0.5882352941176471,0.0,12.0,1.0,1.0,1.0,0.0,5.0,0.625,1.0,0.7692307692307693,0.0,8.0,complete,
cm1,continuous,1000,200,10.0,59,3092201833,0.1875,0.6,0.2857142857142857,1.0,16.0,0.0,0.0,0.0,1.0,0.0,0.5,0.4,0.4444444444444445,1.0,4.0,0.45454545454545453,1.0,0.625,0.0,11.0,1.0,0.6,0.7499999999999999,1.0,3.0,0.45454545454545453,1.0,0.625,0.0,11.0,complete,
cm1,continuous,1000,200,10.0,60,3435134128,0.15,0.6,0.24,1.0,20.0,0.0,0.0,0.0,1.0,0.0,0.375,0.6,0.4615384615384615,1.0,8.0,0.38461538461538464,1.0,0.5555555555555556,0.0,13.0,1.0,0.4,0.5714285714285715,1.0,2.0,0.7142857142857143,1.0,0.8333333333333333,0.0,7.0,complete,
cm1,continuous,1000,200,10.0,61,2601460032,0.125,0.6,0.20689655172413793,1.0,24.0,0.0,0.0,0.0,1.0,0.0,0.3333333333333333,0.4,0.3636363636363636,1.0,6.0,0.35714285714285715,1.0,0.5263157894736842,0.0,14.0,1.0,0.8,0.888888888888889,1.0,4.0,0.5,1.0,0.6666666666666666,0.0,10.0,complete,
cm1,continuous,1000,200,10.0,62,287887199,0.13636363636363635,0.6,0.22222222222222218,1.0,22.0,0.0,0.0,0.0,1.0,0.0,0.3333333333333333,0.6,0.42857142857142855,1.0,9.0,0.35714285714285715,1.0,0.5263157894736842,0.0,14.0,1.0,0.6,0.7499999999999999,1.0,3.0,0.5555555555555556,1.0,0.7142857142857143,0.0,9.0,complete,
cm1,continuous,1000,200,10.0,63,452119588,0.08333333333333333,0.4,0.13793103448275862,1.0,24.0,0.0,0.0,0.0,1.0,0.0,0.2222222222222222,0.4,0.2857142857142857,1.0,9.0,0.2857142857142857,0.8,0.4210526315789473,1.0,14.0,1.0,0.8,0.888888888888889,1.0,4.0,0.5,0.8,0.6153846153846154,1.0,8.0,complete,
cm1,continuous,1000,200,10.0,64,2397330626,0.14285714285714285,0.6,0.23076923076923073,1.0,21.0,0.0,0.0,0.0,1.0,0.0,0.6,0.6,0.6,1.0,5.0,0.4,0.8,0.5333333333333333,1.0,10.0,1.0,0.6,0.7499999999999999,1.0,3.0,0.5714285714285714,0.8,0.6666666666666666,1.0,7.0,complete,
cm1,continuous,1000,200,10.0,65,1312379306,0.1111111111111111,0.6,0.18750000000000003,1.0,27.0,0.0,0.0,0.0,1.0,0.0,0.5,0.4,0.4444444444444445,1.0,4.0,0.5,1.0,0.6666666666666666,0.0,10.0,1.0,0.6,0.7499999999999999,1.0,3.0,0.5,0.8,0.6153846153846154,1.0,8.0,complete,
cm1,continuous,1000,200,10.0,66,699116411,0.16666666666666666,0.8,0.27586206896551724,1.0,24.0,0.0,0.0,0.0,1.0,0.0,0.3333333333333333,0.6,0.42857142857142855,1.0,9.0,0.38461538461538464,1.0,0.5555555555555556,0.0,13.0,1.0,0.6,0.7499999999999999,1.0,3.0,0.5555555555555556,1.0,0.7142857142857143,0.0,9.0,complete,
cm1,continuous,1000,200,10.0,67,2482092377,0.15,0.6,0.24,1.0,20.0,0.0,0.0,0.0,1.0,0.0,0.375,0.6,0.4615384615384615,1.0,8.0,0.4166666666666667,1.0,0.5882352941176471,0.0,12.0,1.0,0.8,0.888888888888889,1.0,4.0,0.7142857142857143,1.0,0.8333333333333333,0.0,7.0,complete,
cm1,continuous,1000,200,10.0,68,1633401540,0.13793103448275862,0.8,0.2352941176470588,1.0,29.0,0.0,0.0,0.0,1.0,0.0,0.3333333333333333,0.6,0.42857142857142855,1.0,9.0,0.4166666666666667,1.0,0.5882352941176471,0.0,12.0,1.0,0.8,0.888888888888889,1.0,4.0,0.8333333333333334,1.0,0.9090909090909091,0.0,6.0,complete,
cm1,continuous,1000,200,10.0,69,1717548823,0.14285714285714285,0.6,0.23076923076923073,1.0,21.0,0.0,0.0,0.0,1.0,0.0,0.6,0.6,0.6,1.0,5.0,0.5555555555555556,1.0,0.7142857142857143,0.0,9.0,1.0,0.6,0.7499999999999999,1.0,3.0,0.625,1.0,0.7692307692307693,0.0,8.0,complete,
cm1,continuous,1000,200,10.0,70,2257087636,0.11538461538461539,0.6,0.1935483870967742,1.0,26.0,0.0,0.0,0.0,1.0,0.0,0.3333333333333333,0.6,0.42857142857142855,1.0,9.0,0.5,1.0,0.6666666666666666,0.0,10.0,1.0,0.6,0.7499999999999999,1.0,3.0,0.625,1.0,0.7692307692307693,0.0,8.0,complete,
cm1,continuous,1000,200,10.0,71,3554296736,0.14285714285714285,0.6,0.23076923076923073,1.0,21.0,0.0,0.0,0.0,1.0,0.0,0.375,0.6,0.4615384615384615,1.0,8.0,0.625,1.0,0.7692307692307693,0.0,8.0,1.0,0.8,0.888888888888889,1.0,4.0,1.0,1.0,1.0,0.0,5.0,complete,
cm1,continuous,1000,200,10.0,72,3742172845,0.13043478260869565,0.6,0.21428571428571427,1.0,23.0,0.0,0.0,0.0,1.0,0.0,0.4,0.4,0.4000000000000001,1.0,5.0,0.5,1.0,0.6666666666666666,0.0,10.0,1.0,0.8,0.888888888888889,1.0,4.0,0.6666666666666666,0.8,0.7272727272727272,1.0,6.0,complete,
cm1,continuous,1000,200,10.0,73,835523717,0.15,0.6,0.24,1.0,20.0,0.0,0.0,0.0,1.0,0.0,0.2857142857142857,0.4,0.3333333333333333,1.0,7.0,0.4,0.8,0.5333333333333333,1.0,10.0,1.0,0.4,0.5714285714285715,1.0,2.0,0.5,0.6,0.5454545454545454,1.0,6.0,complete,
cm1,continuous,1000,200,10.0,74,4211695191,0.22727272727272727,1.0,0.37037037037037035,0.0,22.0,0.0,0.0,0.0,1.0,0.0,0.3333333333333333,0.8,0.47058823529411764,1.0,12.0,0.45454545454545453,1.0,0.625,0.0,11.0,1.0,0.8,0.888888888888889,1.0,4.0,0.5555555555555556,1.0,0.7142857142857143,0.0,9.0,complete,
cm1,continuous,1000,200,10.0,75,205580222,0.15789473684210525,0.6,0.25,1.0,19.0,1.0,0.2,0.33333333333333337,1.0,1.0,0.75,0.6,0.6666666666666665,1.0,4.0,0.45454545454545453,1.0,0.625,0.0,11.0,1.0,0.4,0.5714285714285715,1.0,2.0,0.625,1.0,0.7692307692307693,0.0,8.0,complete,
cm1,continuous,1000,200,10.0,76,1660563816,0.12,0.6,0.19999999999999998,1.0,25.0,0.0,0.0,0.0,1.0,0.0,0.21428571428571427,0.6,0.3157894736842105,1.0,14.0,0.36363636363636365,0.8,0.5000000000000001,1.0,11.0,1.0,0.6,0.7499999999999999,1.0,3.0,0.6666666666666666,0.8,0.7272727272727272,1.0,6.0,complete,
cm1,continuous,1000,200,10.0,77,448505592,0.13043478260869565,0.6,0.21428571428571427,1.0,23.0,1.0,0.2,0.33333333333333337,1.0,1.0,0.2222222222222222,0.4,0.2857142857142857,1.0,9.0,0.625,1.0,0.7692307692307693,0.0,8.0,1.0,0.6,0.7499999999999999,1.0,3.0,1.0,1.0,1.0,0.0,5.0,complete,
cm1,continuous,1000,200,10.0,78,2962595143,0.15789473684210525,0.6,0.25,1.0,19.0,1.0,0.2,0.33333333333333337,1.0,1.0,0.5,0.6,0.5454545454545454,1.0,6.0,0.7142857142857143,1.0,0.8333333333333333,0.0,7.0,1.0,0.8,0.888888888888889,1.0,4.0,0.8333333333333334,1.0,0.9090909090909091,0.0,6.0,complete,
cm1,continuous,1000,200,10.0,79,725489155,0.16666666666666666,0.6,0.2608695652173913,1.0,18.0,0.0,0.0,0.0,1.0,0.0,0.5,0.6,0.5454545454545454,1.0,6.0,0.45454545454545453,1.0,0.625,0.0,11.0,1.0,0.8,0.888888888888889,1.0,4.0,0.7142857142857143,1.0,0.8333333333333333,0.0,7.0,complete,
cm1,continuous,1000,200,10.0,80,4205097774,0.2857142857142857,0.8,0.4210526315789473,1.0,14.0,0.0,0.0,0.0,1.0,0.0,0.6,0.6,0.6,1.0,5.0,0.5555555555555556,1.0,0.7142857142857143,0.0,9.0,1.0,0.6,0.7499999999999999,1.0,3.0,0.7142857142857143,1.0,0.8333333333333333,0.0,7.0,complete,
cm1,continuous,1000,200,10.0,81,352672345,0.15,0.6,0.24,1.0,20.0,1.0,0.2,0.33333333333333337,1.0,1.0,0.3333333333333333,0.6,0.42857142857142855,1.0,9.0,0.38461538461538464,1.0,0.5555555555555556,0.0,13.0,1.0,0.6,0.7499999999999999,1.0,3.0,0.7142857142857143,1.0,0.8333333333333333,0.0,7.0,complete,
cm1,continuous,1000,200,10.0,82,774726209,0.13043478260869565,0.6,0.21428571428571427,1.0,23.0,0.0,0.0,0.0,1.0,0.0,0.3333333333333333,0.6,0.42857142857142855,1.0,9.0,0.4166666666666667,1.0,0.5882352941176471,0.0,12.0,1.0,0.6,0.7499999999999999,1.0,3.0,0.5555555555555556,1.0,0.7142857142857143,0.0,9.0,complete,
cm1,continuous,1000,200,10.0,83,158274026,0.13636363636363635,0.6,0.22222222222222218,1.0,22.0,0.0,0.0,0.0,1.0,0.0,0.25,0.4,0.3076923076923077,1.0,8.0,0.625,1.0,0.7692307692307693,0.0,8.0,1.0,0.6,0.7499999999999999,1.0,3.0,0.7142857142857143,1.0,0.8333333333333333,0.0,7.0,complete,
cm1,continuous,1000,200,10.0,84,2249158497,0.13043478260869565,0.6,0.21428571428571427,1.0,23.0,0.0,0.0,0.0,1.0,0.0,0.4,0.4,0.4000000000000001,1.0,5.0,0.45454545454545453,1.0,0.625,0.0,11.0,1.0,0.6,0.7499999999999999,1.0,3.0,0.8,0.8,0.8000000000000002,1.0,5.0,complete,
cm1,continuous,1000,200,10.0,85,1502720412,0.07142857142857142,0.4,0.12121212121212122,1.0,28.0,0.0,0.0,0.0,1.0,0.0,0.2,0.4,0.26666666666666666,1.0,10.0,0.29411764705882354,1.0,0.45454545454545453,0.0,17.0,1.0,0.4,0.5714285714285715,1.0,2.0,0.38461538461538464,1.0,0.5555555555555556,0.0,13.0,complete,
cm1,continuous,1000,200,10.0,86,2782729853,0.125,0.6,0.20689655172413793,1.0,24.0,0.0,0.0,0.0,1.0,0.0,0.3333333333333333,0.6,0.42857142857142855,1.0,9.0,0.7142857142857143,1.0,0.8333333333333333,0.0,7.0,1.0,1.0,1.0,0.0,5.0,0.8333333333333334,1.0,0.9090909090909091,0.0,6.0,complete,
cm1,continuous,1000,200,10.0,87,2125154861,0.15,0.6,0.24,1.0,20.0,0.0,0.0,0.0,1.0,0.0,0.3,0.6,0.4,1.0,10.0,0.35714285714285715,1.0,0.5263157894736842,0.0,14.0,1.0,0.4,0.5714285714285715,1.0,2.0,0.625,1.0,0.7692307692307693,0.0,8.0,complete,
cm1,continuous,1000,200,10.0,88,2048911467,0.16,0.8,0.26666666666666666,1.0,25.0,0.0,0.0,0.0,1.0,0.0,0.42857142857142855,0.6,0.5,1.0,7.0,0.5555555555555556,1.0,0.7142857142857143,0.0,9.0,1.0,0.8,0.888888888888889,1.0,4.0,0.7142857142857143,1.0,0.8333333333333333,0.0,7.0,complete,
cm1,continuous,1000,200,10.0,89,3585538079,0.18181818181818182,0.8,0.2962962962962963,1.0,22.0,0.0,0.0,0.0,1.0,0.0,0.42857142857142855,0.6,0.5,1.0,7.0,0.45454545454545453,1.0,0.625,0.0,11.0,1.0,0.6,0.7499999999999999,1.0,3.0,0.625,1.0,0.7692307692307693,0.0,8.0,complete,
cm1,continuous,1000,200,10.0,90,2778971222,0.2,1.0,0.33333333333333337,0.0,25.0,0.0,0.0,0.0,1.0,0.0,0.2,0.4,0.26666666666666666,1.0,10.0,0.5,0.8,0.6153846153846154,1.0,8.0,1.0,0.8,0.888888888888889,1.0,4.0,0.5714285714285714,0.8,0.6666666666666666,1.0,7.0,complete,
cm1,continuous,1000,200,10.0,91,1419411588,0.15,0.6,0.24,1.0,20.0,0.0,0.0,0.0,1.0,0.0,0.5,0.6,0.5454545454545454,1.0,6.0,0.45454545454545453,1.0,0.625,0.0,11.0,1.0,0.6,0.7499999999999999,1.0,3.0,0.625,1.0,0.7692307692307693,0.0,8.0,complete,
cm1,continuous,1000,200,10.0,92,1764265313,0.1875,0.6,0.2857142857142857,1.0,16.0,0.0,0.0,0.0,1.0,0.0,0.6,0.6,0.6,1.0,5.0,0.625,1.0,0.7692307692307693,0.0,8.0,1.0,0.6,0.7499999999999999,1.0,3.0,0.8333333333333334,1.0,0.9090909090909091,0.0,6.0,complete,
cm1,continuous,1000,200,10.0,93,358881699,0.13043478260869565,0.6,0.21428571428571427,1.0,23.0,0.0,0.0,0.0,1.0,0.0,0.25,0.4,0.3076923076923077,1.0,8.0,0.4166666666666667,1.0,0.5882352941176471,0.0,12.0,1.0,0.6,0.7499999999999999,1.0,3.0,0.5555555555555556,1.0,0.7142857142857143,0.0,9.0,complete,
cm1,continuous,1000,200,10.0,94,3561656458,0.13636363636363635,0.6,0.22222222222222218,1.0,22.0,0.0,0.0,0.0,1.0,0.0,0.375,0.6,0.4615384615384615,1.0,8.0,0.5,1.0,0.6666666666666666,0.0,10.0,1.0,0.8,0.888888888888889,1.0,4.0,0.625,1.0,0.7692307692307693,0.0,8.0,complete,
cm1,continuous,1000,200,10.0,95,547221766,0.16,0.8,0.26666666666666666,1.0,25.0,0.0,0.0,0.0,1.0,0.0,0.2727272727272727,0.6,0.37499999999999994,1.0,11.0,0.4,0.8,0.5333333333333333,1.0,10.0,1.0,0.6,0.7499999999999999,1.0,3.0,0.5714285714285714,0.8,0.6666666666666666,1.0,7.0,complete,
cm1,continuous,1000,200,10.0,96,4177897227,0.15384615384615385,0.8,0.25806451612903225,1.0,26.0,0.0,0.0,0.0,1.0,0.0,0.3,0.6,0.4,1.0,10.0,0.38461538461538464,1.0,0.5555555555555556,0.0,13.0,1.0,0.6,0.7499999999999999,1.0,3.0,0.5555555555555556,1.0,0.7142857142857143,0.0,9.0,complete,
cm1,continuous,1000,200,10.0,97,3000227036,0.13043478260869565,0.6,0.21428571428571427,1.0,23.0,0.0,0.0,0.0,1.0,0.0,0.3333333333333333,0.6,0.42857142857142855,1.0,9.0,0.38461538461538464,1.0,0.5555555555555556,0.0,13.0,1.0,0.8,0.888888888888889,1.0,4.0,0.4444444444444444,0.8,0.5714285714285714,1.0,9.0,complete,
cm1,continuous,1000,200,10.0,98,2278905562,0.17391304347826086,0.8,0.2857142857142857,1.0,23.0,0.0,0.0,0.0,1.0,0.0,0.4,0.4,0.4000000000000001,1.0,5.0,0.4166666666666667,1.0,0.5882352941176471,0.0,12.0,1.0,0.6,0.7499999999999999,1.0,3.0,0.6666666666666666,0.8,0.7272727272727272,1.0,6.0,complete,
cm1,continuous,1000,200,10.0,99,148125280,0.12,0.6,0.19999999999999998,1.0,25.0,0.0,0.0,0.0,1.0,0.0,0.3,0.6,0.4,1.0,10.0,0.38461538461538464,1.0,0.5555555555555556,0.0,13.0,1.0,0.4,0.5714285714285715,1.0,2.0,0.7142857142857143,1.0,0.8333333333333333,0.0,7.0,complete,
