scenario,model_key,n,p,s2,repeat,seed,precision_raw_local,recall_raw_local,f1_raw_local,r_miss_raw_local,n_selected_raw_local,precision_raw_global_max,recall_raw_global_max,f1_raw_global_max,r_miss_raw_global_max,n_selected_raw_global_max,precision_raw_global_se,recall_raw_global_se,f1_raw_global_se,r_miss_raw_global_se,n_selected_raw_global_se,precision_logml_local,recall_logml_local,f1_logml_local,r_miss_logml_local,n_selected_logml_local,precision_logml_global_max,recall_logml_global_max,f1_logml_global_max,r_miss_logml_global_max,n_selected_logml_global_max,precision_logml_global_se,recall_logml_global_se,f1_logml_global_se,r_miss_logml_global_se,n_selected_logml_global_se,status,error
cm2,continuous,500,50,1.0,0,3376321988,0.2727272727272727,0.5,0.3529411764705882,1.0,11.0,1.0,0.16666666666666666,0.2857142857142857,1.0,1.0,0.75,0.5,0.6,1.0,4.0,1.0,0.8333333333333334,0.9090909090909091,1.0,5.0,1.0,0.5,0.6666666666666666,1.0,3.0,1.0,0.8333333333333334,0.9090909090909091,1.0,5.0,complete,
cm2,continuous,500,50,1.0,1,2172860758,0.3,0.5,0.37499999999999994,1.0,10.0,1.0,0.16666666666666666,0.2857142857142857,1.0,1.0,0.6,0.5,0.5454545454545454,1.0,5.0,0.8333333333333334,0.8333333333333334,0.8333333333333334,1.0,6.0,1.0,0.16666666666666666,0.2857142857142857,1.0,1.0,1.0,0.8333333333333334,0.9090909090909091,1.0,5.0,complete,
cm2,continuous,500,50,1.0,2,3927704733,0.2727272727272727,0.5,0.3529411764705882,1.0,11.0,1.0,0.16666666666666666,0.2857142857142857,1.0,1.0,0.75,0.5,0.6,1.0,4.0,0.8333333333333334,0.8333333333333334,0.8333333333333334,1.0,6.0,1.0,0.3333333333333333,0.5,1.0,2.0,1.0,0.6666666666666666,0.8,1.0,4.0,complete,
cm2,continuous,500,50,1.0,3,3552227883,0.3,0.5,0.37499999999999994,1.0,10.0,1.0,0.16666666666666666,0.2857142857142857,1.0,1.0,1.0,0.5,0.6666666666666666,1.0,3.0,1.0,0.6666666666666666,0.8,1.0,4.0,1.0,0.3333333333333333,0.5,1.0,2.0,1.0,0.6666666666666666,0.8,1.0,4.0,complete,
cm2,continuous,500,50,1.0,4,2374195213,0.2727272727272727,0.5,0.3529411764705882,1.0,11.0,1.0,0.16666666666666666,0.2857142857142857,1.0,1.0,0.6,0.5,0.5454545454545454,1.0,5.0,0.6666666666666666,0.6666666666666666,0.6666666666666666,1.0,6.0,1.0,0.3333333333333333,0.5,1.0,2.0,0.75,0.5,0.6,1.0,4.0,complete,
cm2,continuous,500,50,1.0,5,1429282515,0.3333333333333333,0.3333333333333333,0.3333333333333333,1.0,6.0,1.0,0.16666666666666666,0.2857142857142857,1.0,1.0,0.6666666666666666,0.3333333333333333,0.4444444444444444,1.0,3.0,1.0,0.5,0.6666666666666666,1.0,3.0,1.0,0.5,0.6666666666666666,1.0,3.0,1.0,0.5,0.6666666666666666,1.0,3.0,complete,
cm2,continuous,500,50,1.0,6,1686462608,0.21428571428571427,0.5,0.3,1.0,14.0,1.0,0.16666666666666666,0.2857142857142857,1.0,1.0,0.3333333333333333,0.3333333333333333,0.3333333333333333,1.0,6.0,0.8,0.6666666666666666,0.7272727272727272,1.0,5.0,1.0,0.3333333333333333,0.5,1.0,2.0,0.8,0.6666666666666666,0.7272727272727272,1.0,5.0,complete,
cm2,continuous,500,50,1.0,7,2118560556,0.5,0.5,0.5,1.0,6.0,0.0,0.0,0.0,1.0,0.0,0.5,0.3333333333333333,0.4,1.0,4.0,0.7142857142857143,0.8333333333333334,0.7692307692307692,1.0,7.0,1.0,0.5,0.6666666666666666,1.0,3.0,0.8333333333333334,0.8333333333333334,0.8333333333333334,1.0,6.0,complete,
cm2,continuous,500,50,1.0,8,1795439169,0.375,0.5,0.42857142857142855,1.0,8.0,1.0,0.3333333333333333,0.5,1.0,2.0,0.6666666666666666,0.3333333333333333,0.4444444444444444,1.0,3.0,0.75,0.5,0.6,1.0,4.0,1.0,0.3333333333333333,0.5,1.0,2.0,0.6666666666666666,0.3333333333333333,0.4444444444444444,1.0,3.0,complete,
cm2,continuous,500,50,1.0,9,1186343494,0.42857142857142855,0.5,0.4615384615384615,1.0,7.0,1.0,0.16666666666666666,0.2857142857142857,1.0,1.0,0.6,0.5,0.5454545454545454,1.0,5.0,0.8333333333333334,0.8333333333333334,0.8333333333333334,1.0,6.0,1.0,0.5,0.6666666666666666,1.0,3.0,0.8333333333333334,0.8333333333333334,0.8333333333333334,1.0,6.0,complete,
cm2,continuous,500,50,1.0,10,3465746139,0.2857142857142857,0.3333333333333333,0.30769230769230765,1.0,7.0,1.0,0.16666666666666666,0.2857142857142857,1.0,1.0,0.6666666666666666,0.3333333333333333,0.4444444444444444,1.0,3.0,0.6666666666666666,0.6666666666666666,0.6666666666666666,1.0,6.0,1.0,0.5,0.6666666666666666,1.0,3.0,1.0,0.6666666666666666,0.8,1.0,4.0,complete,
cm2,continuous,500,50,1.0,11,1658120144,0.42857142857142855,0.5,0.4615384615384615,1.0,7.0,1.0,0.16666666666666666,0.2857142857142857,1.0,1.0,0.6,0.5,0.5454545454545454,1.0,5.0,0.8333333333333334,0.8333333333333334,0.8333333333333334,1.0,6.0,1.0,0.5,0.6666666666666666,1.0,3.0,0.8333333333333334,0.8333333333333334,0.8333333333333334,1.0,6.0,complete,
cm2,continuous,500,50,1.0,12,3862229416,0.2727272727272727,0.5,0.3529411764705882,1.0,11.0,1.0,0.16666666666666666,0.2857142857142857,1.0,1.0,1.0,0.5,0.6666666666666666,1.0,3.0,1.0,0.8333333333333334,0.9090909090909091,1.0,5.0,1.0,0.3333333333333333,0.5,1.0,2.0,1.0,0.8333333333333334,0.9090909090909091,1.0,5.0,complete,
cm2,continuous,500,50,1.0,13,3507919447,0.4,0.6666666666666666,0.5,1.0,10.0,1.0,0.16666666666666666,0.2857142857142857,1.0,1.0,0.6,0.5,0.5454545454545454,1.0,5.0,0.8333333333333334,0.8333333333333334,0.8333333333333334,1.0,6.0,1.0,0.3333333333333333,0.5,1.0,2.0,1.0,0.5,0.6666666666666666,1.0,3.0,complete,
cm2,continuous,500,50,1.0,14,2477377467,0.42857142857142855,0.5,0.4615384615384615,1.0,7.0,1.0,0.16666666666666666,0.2857142857142857,1.0,1.0,0.75,0.5,0.6,1.0,4.0,0.625,0.8333333333333334,0.7142857142857143,1.0,8.0,1.0,0.5,0.6666666666666666,1.0,3.0,0.8,0.6666666666666666,0.7272727272727272,1.0,5.0,complete,
cm2,continuous,500,50,1.0,15,2098659037,0.2727272727272727,0.5,0.3529411764705882,1.0,11.0,1.0,0.16666666666666666,0.2857142857142857,1.0,1.0,0.6,0.5,0.5454545454545454,1.0,5.0,0.8,0.6666666666666666,0.7272727272727272,1.0,5.0,1.0,0.3333333333333333,0.5,1.0,2.0,0.8,0.6666666666666666,0.7272727272727272,1.0,5.0,complete,
cm2,continuous,500,50,1.0,16,1508171769,0.42857142857142855,0.5,0.4615384615384615,1.0,7.0,1.0,0.3333333333333333,0.5,1.0,2.0,0.6666666666666666,0.3333333333333333,0.4444444444444444,1.0,3.0,1.0,0.6666666666666666,0.8,1.0,4.0,1.0,0.3333333333333333,0.5,1.0,2.0,1.0,0.6666666666666666,0.8,1.0,4.0,complete,
cm2,continuous,500,50,1.0,17,3619223361,0.375,0.5,0.42857142857142855,1.0,8.0,1.0,0.16666666666666666,0.2857142857142857,1.0,1.0,0.75,0.5,0.6,1.0,4.0,1.0,0.8333333333333334,0.9090909090909091,1.0,5.0,1.0,0.3333333333333333,0.5,1.0,2.0,1.0,0.8333333333333334,0.9090909090909091,1.0,5.0,complete,
cm2,continuous,500,50,1.0,18,3558678766,0.3333333333333333,0.5,0.4,1.0,9.0,0.0,0.0,0.0,1.0,0.0,1.0,0.5,0.6666666666666666,1.0,3.0,1.0,0.8333333333333334,0.9090909090909091,1.0,5.0,1.0,0.3333333333333333,0.5,1.0,2.0,1.0,0.8333333333333334,0.9090909090909091,1.0,5.0,complete,
cm2,continuous,500,50,1.0,19,3314841394,0.3333333333333333,0.5,0.4,1.0,9.0,1.0,0.16666666666666666,0.2857142857142857,1.0,1.0,0.6666666666666666,0.3333333333333333,0.4444444444444444,1.0,3.0,1.0,0.8333333333333334,0.9090909090909091,1.0,5.0,1.0,0.5,0.6666666666666666,1.0,3.0,1.0,0.6666666666666666,0.8,1.0,4.0,complete,
cm2,continuous,500,50,1.0,20,1396176970,0.3076923076923077,0.6666666666666666,0.42105263157894735,1.0,13.0,1.0,0.16666666666666666,0.2857142857142857,1.0,1.0,0.5,0.3333333333333333,0.4,1.0,4.0,0.8571428571428571,1.0,0.923076923076923,0.0,7.0,1.0,0.3333333333333333,0.5,1.0,2.0,0.75,0.5,0.6,1.0,4.0,complete,
cm2,continuous,500,50,1.0,21,3385259991,0.375,0.5,0.42857142857142855,1.0,8.0,1.0,0.3333333333333333,0.5,1.0,2.0,0.75,0.5,0.6,1.0,4.0,1.0,0.8333333333333334,0.9090909090909091,1.0,5.0,1.0,0.3333333333333333,0.5,1.0,2.0,1.0,0.6666666666666666,0.8,1.0,4.0,complete,
cm2,continuous,500,50,1.0,22,1327110933,0.3,0.5,0.37499999999999994,1.0,10.0,0.6666666666666666,0.3333333333333333,0.4444444444444444,1.0,3.0,0.6,0.5,0.5454545454545454,1.0,5.0,1.0,0.8333333333333334,0.9090909090909091,1.0,5.0,1.0,0.3333333333333333,0.5,1.0,2.0,1.0,0.8333333333333334,0.9090909090909091,1.0,5.0,complete,
cm2,continuous,500,50,1.0,23,1091316703,0.375,0.5,0.42857142857142855,1.0,8.0,1.0,0.16666666666666666,0.2857142857142857,1.0,1.0,0.75,0.5,0.6,1.0,4.0,0.8333333333333334,0.8333333333333334,0.8333333333333334,1.0,6.0,1.0,0.16666666666666666,0.2857142857142857,1.0,1.0,1.0,0.6666666666666666,0.8,1.0,4.0,complete,
cm2,continuous,500,50,1.0,24,2985794599,0.25,0.3333333333333333,0.28571428571428575,1.0,8.0,1.0,0.16666666666666666,0.2857142857142857,1.0,1.0,0.4,0.3333333333333333,0.3636363636363636,1.0,5.0,0.75,0.5,0.6,1.0,4.0,1.0,0.3333333333333333,0.5,1.0,2.0,1.0,0.5,0.6666666666666666,1.0,3.0,complete,
cm2,continuous,500,50,1.0,25,3089204356,0.5,0.5,0.5,1.0,6.0,1.0,0.3333333333333333,0.5,1.0,2.0,1.0,0.5,0.6666666666666666,1.0,3.0,1.0,0.8333333333333334,0.9090909090909091,1.0,5.0,1.0,0.3333333333333333,0.5,1.0,2.0,1.0,0.6666666666666666,0.8,1.0,4.0,complete,
cm2,continuous,500,50,1.0,26,3989066950,0.3333333333333333,0.5,0.4,1.0,9.0,1.0,0.16666666666666666,0.2857142857142857,1.0,1.0,0.5,0.3333333333333333,0.4,1.0,4.0,1.0,0.8333333333333334,0.9090909090909091,1.0,5.0,1.0,0.3333333333333333,0.5,1.0,2.0,1.0,0.6666666666666666,0.8,1.0,4.0,complete,
cm2,continuous,500,50,1.0,27,452107294,0.2857142857142857,0.3333333333333333,0.30769230769230765,1.0,7.0,1.0,0.16666666666666666,0.2857142857142857,1.0,1.0,1.0,0.3333333333333333,0.5,1.0,2.0,0.6,0.5,0.5454545454545454,1.0,5.0,1.0,0.16666666666666666,0.2857142857142857,1.0,1.0,1.0,0.5,0.6666666666666666,1.0,3.0,complete,
cm2,continuous,500,50,1.0,28,39076038,0.36363636363636365,0.6666666666666666,0.4705882352941177,1.0,11.0,0.0,0.0,0.0,1.0,0.0,0.8,0.6666666666666666,0.7272727272727272,1.0,5.0,1.0,0.6666666666666666,0.8,1.0,4.0,1.0,0.5,0.6666666666666666,1.0,3.0,1.0,0.6666666666666666,0.8,1.0,4.0,complete,
cm2,continuous,500,50,1.0,29,383351816,0.3,0.5,0.37499999999999994,1.0,10.0,1.0,0.16666666666666666,0.2857142857142857,1.0,1.0,0.4,0.3333333333333333,0.3636363636363636,1.0,5.0,0.5714285714285714,0.6666666666666666,0.6153846153846153,1.0,7.0,1.0,0.16666666666666666,0.2857142857142857,1.0,1.0,0.75,0.5,0.6,1.0,4.0,complete,
cm2,continuous,500,50,1.0,30,501220727,0.42857142857142855,0.5,0.4615384615384615,1.0,7.0,1.0,0.16666666666666666,0.2857142857142857,1.0,1.0,0.5,0.3333333333333333,0.4,1.0,4.0,0.7142857142857143,0.8333333333333334,0.7692307692307692,1.0,7.0,1.0,0.3333333333333333,0.5,1.0,2.0,1.0,0.6666666666666666,0.8,1.0,4.0,complete,
cm2,continuous,500,50,1.0,31,849395178,0.3333333333333333,0.5,0.4,1.0,9.0,1.0,0.16666666666666666,0.2857142857142857,1.0,1.0,0.5,0.5,0.5,1.0,6.0,0.8333333333333334,0.8333333333333334,0.8333333333333334,1.0,6.0,1.0,0.5,0.6666666666666666,1.0,3.0,1.0,0.6666666666666666,0.8,1.0,4.0,complete,
cm2,continuous,500,50,1.0,32,400899762,0.21428571428571427,0.5,0.3,1.0,14.0,1.0,0.16666666666666666,0.2857142857142857,1.0,1.0,0.6,0.5,0.5454545454545454,1.0,5.0,1.0,0.6666666666666666,0.8,1.0,4.0,1.0,0.3333333333333333,0.5,1.0,2.0,1.0,0.6666666666666666,0.8,1.0,4.0,complete,
cm2,continuous,500,50,1.0,33,2648132943,0.25,0.5,0.3333333333333333,1.0,12.0,1.0,0.16666666666666666,0.2857142857142857,1.0,1.0,0.375,0.5,0.42857142857142855,1.0,8.0,0.42857142857142855,0.5,0.4615384615384615,1.0,7.0,1.0,0.3333333333333333,0.5,1.0,2.0,0.6666666666666666,0.3333333333333333,0.4444444444444444,1.0,3.0,complete,
cm2,continuous,500,50,1.0,34,3725839518,0.2727272727272727,0.5,0.3529411764705882,1.0,11.0,1.0,0.16666666666666666,0.2857142857142857,1.0,1.0,0.75,0.5,0.6,1.0,4.0,0.7142857142857143,0.8333333333333334,0.7692307692307692,1.0,7.0,1.0,0.3333333333333333,0.5,1.0,2.0,1.0,0.8333333333333334,0.9090909090909091,1.0,5.0,complete,
cm2,continuous,500,50,1.0,35,395196292,0.3,0.5,0.37499999999999994,1.0,10.0,1.0,0.16666666666666666,0.2857142857142857,1.0,1.0,0.5,0.5,0.5,1.0,6.0,0.7142857142857143,0.8333333333333334,0.7692307692307692,1.0,7.0,1.0,0.3333333333333333,0.5,1.0,2.0,0.8,0.6666666666666666,0.7272727272727272,1.0,5.0,complete,
cm2,continuous,500,50,1.0,36,641943300,0.5,0.5,0.5,1.0,6.0,1.0,0.16666666666666666,0.2857142857142857,1.0,1.0,0.75,0.5,0.6,1.0,4.0,0.8333333333333334,0.8333333333333334,0.8333333333333334,1.0,6.0,1.0,0.5,0.6666666666666666,1.0,3.0,1.0,0.6666666666666666,0.8,1.0,4.0,complete,
cm2,continuous,500,50,1.0,37,741823193,0.25,0.5,0.3333333333333333,1.0,12.0,0.0,0.0,0.0,1.0,0.0,1.0,0.5,0.6666666666666666,1.0,3.0,0.8333333333333334,0.8333333333333334,0.8333333333333334,1.0,6.0,1.0,0.3333333333333333,0.5,1.0,2.0,0.8333333333333334,0.8333333333333334,0.8333333333333334,1.0,6.0,complete,
cm2,continuous,500,50,1.0,38,2874183223,0.3333333333333333,0.5,0.4,1.0,9.0,1.0,0.3333333333333333,0.5,1.0,2.0,0.6666666666666666,0.3333333333333333,0.4444444444444444,1.0,3.0,0.6666666666666666,0.6666666666666666,0.6666666666666666,1.0,6.0,1.0,0.3333333333333333,0.5,1.0,2.0,0.75,0.5,0.6,1.0,4.0,complete,
cm2,continuous,500,50,1.0,39,3596836049,0.3,0.5,0.37499999999999994,1.0,10.0,1.0,0.16666666666666666,0.2857142857142857,1.0,1.0,0.5,0.5,0.5,1.0,6.0,1.0,0.8333333333333334,0.9090909090909091,1.0,5.0,1.0,0.5,0.6666666666666666,1.0,3.0,1.0,0.8333333333333334,0.9090909090909091,1.0,5.0,complete,
cm2,continuous,500,50,1.0,40,2963383901,0.18181818181818182,0.3333333333333333,0.23529411764705885,1.0,11.0,1.0,0.16666666666666666,0.2857142857142857,1.0,1.0,0.4,0.3333333333333333,0.3636363636363636,1.0,5.0,0.8,0.6666666666666666,0.7272727272727272,1.0,5.0,1.0,0.3333333333333333,0.5,1.0,2.0,0.8,0.6666666666666666,0.7272727272727272,1.0,5.0,complete,
cm2,continuous,500,50,1.0,41,1043152109,0.2727272727272727,0.5,0.3529411764705882,1.0,11.0,1.0,0.16666666666666666,0.2857142857142857,1.0,1.0,0.6,0.5,0.5454545454545454,1.0,5.0,0.75,0.5,0.6,1.0,4.0,1.0,0.5,0.6666666666666666,1.0,3.0,0.75,0.5,0.6,1.0,4.0,complete,
cm2,continuous,500,50,1.0,42,2239247894,0.25,0.5,0.3333333333333333,1.0,12.0,0.0,0.0,0.0,1.0,0.0,0.5,0.5,0.5,1.0,6.0,0.4444444444444444,0.6666666666666666,0.5333333333333333,1.0,9.0,1.0,0.3333333333333333,0.5,1.0,2.0,0.6666666666666666,0.6666666666666666,0.6666666666666666,1.0,6.0,complete,
cm2,continuous,500,50,1.0,43,17959922,0.3,0.5,0.37499999999999994,1.0,10.0,1.0,0.16666666666666666,0.2857142857142857,1.0,1.0,1.0,0.5,0.6666666666666666,1.0,3.0,1.0,0.8333333333333334,0.9090909090909091,1.0,5.0,1.0,0.16666666666666666,0.2857142857142857,1.0,1.0,1.0,0.8333333333333334,0.9090909090909091,1.0,5.0,complete,
cm2,continuous,500,50,1.0,44,3952104944,0.3333333333333333,0.6666666666666666,0.4444444444444444,1.0,12.0,0.0,0.0,0.0,1.0,0.0,0.6666666666666666,0.6666666666666666,0.6666666666666666,1.0,6.0,0.8333333333333334,0.8333333333333334,0.8333333333333334,1.0,6.0,1.0,0.3333333333333333,0.5,1.0,2.0,1.0,0.8333333333333334,0.9090909090909091,1.0,5.0,complete,
cm2,continuous,500,50,1.0,45,2533898981,0.375,0.5,0.42857142857142855,1.0,8.0,1.0,0.16666666666666666,0.2857142857142857,1.0,1.0,0.6,0.5,0.5454545454545454,1.0,5.0,1.0,0.8333333333333334,0.9090909090909091,1.0,5.0,1.0,0.3333333333333333,0.5,1.0,2.0,1.0,0.5,0.6666666666666666,1.0,3.0,complete,
cm2,continuous,500,50,1.0,46,4160786081,0.2727272727272727,0.5,0.3529411764705882,1.0,11.0,1.0,0.16666666666666666,0.2857142857142857,1.0,1.0,0.75,0.5,0.6,1.0,4.0,1.0,0.8333333333333334,0.9090909090909091,1.0,5.0,1.0,0.5,0.6666666666666666,1.0,3.0,1.0,0.8333333333333334,0.9090909090909091,1.0,5.0,complete,
cm2,continuous,500,50,1.0,47,832173774,0.375,0.5,0.42857142857142855,1.0,8.0,1.0,0.16666666666666666,0.2857142857142857,1.0,1.0,0.75,0.5,0.6,1.0,4.0,1.0,0.8333333333333334,0.9090909090909091,1.0,5.0,1.0,0.3333333333333333,0.5,1.0,2.0,1.0,0.8333333333333334,0.9090909090909091,1.0,5.0,complete,
cm2,continuous,500,50,1.0,48,3693662297,0.3333333333333333,0.6666666666666666,0.4444444444444444,1.0,12.0,1.0,0.16666666666666666,0.2857142857142857,1.0,1.0,0.6,0.5,0.5454545454545454,1.0,5.0,0.8333333333333334,0.8333333333333334,0.8333333333333334,1.0,6.0,1.0,0.16666666666666666,0.2857142857142857,1.0,1.0,1.0,0.8333333333333334,0.9090909090909091,1.0,5.0,complete,
cm2,continuous,500,50,1.0,49,2874990570,0.42857142857142855,0.5,0.4615384615384615,1.0,7.0,1.0,0.16666666666666666,0.2857142857142857,1.0,1.0,0.75,0.5,0.6,1.0,4.0,1.0,0.6666666666666666,0.8,1.0,4.0,1.0,0.16666666666666666,0.2857142857142857,1.0,1.0,1.0,0.6666666666666666,0.8,1.0,4.0,complete,
cm2,continuous,500,50,1.0,50,3897962056,0.5714285714285714,0.6666666666666666,0.6153846153846153,1.0,7.0,1.0,0.16666666666666666,0.2857142857142857,1.0,1.0,0.6666666666666666,0.3333333333333333,0.4444444444444444,1.0,3.0,0.7142857142857143,0.8333333333333334,0.7692307692307692,1.0,7.0,1.0,0.16666666666666666,0.2857142857142857,1.0,1.0,0.8333333333333334,0.8333333333333334,0.8333333333333334,1.0,6.0,complete,
cm2,continuous,500,50,1.0,51,2123489079,0.4,0.6666666666666666,0.5,1.0,10.0,1.0,0.16666666666666666,0.2857142857142857,1.0,1.0,0.4,0.3333333333333333,0.3636363636363636,1.0,5.0,1.0,0.6666666666666666,0.8,1.0,4.0,1.0,0.16666666666666666,0.2857142857142857,1.0,1.0,1.0,0.3333333333333333,0.5,1.0,2.0,complete,
cm2,continuous,500,50,1.0,52,3606082492,0.3,0.5,0.37499999999999994,1.0,10.0,1.0,0.16666666666666666,0.2857142857142857,1.0,1.0,1.0,0.5,0.6666666666666666,1.0,3.0,0.75,0.5,0.6,1.0,4.0,1.0,0.3333333333333333,0.5,1.0,2.0,0.75,0.5,0.6,1.0,4.0,complete,
cm2,continuous,500,50,1.0,53,1955893787,0.25,0.5,0.3333333333333333,1.0,12.0,0.5,0.16666666666666666,0.25,1.0,2.0,0.4,0.3333333333333333,0.3636363636363636,1.0,5.0,0.6,0.5,0.5454545454545454,1.0,5.0,1.0,0.5,0.6666666666666666,1.0,3.0,0.75,0.5,0.6,1.0,4.0,complete,
cm2,continuous,500,50,1.0,54,109390248,0.3,0.5,0.37499999999999994,1.0,10.0,1.0,0.16666666666666666,0.2857142857142857,1.0,1.0,0.6,0.5,0.5454545454545454,1.0,5.0,1.0,0.6666666666666666,0.8,1.0,4.0,1.0,0.5,0.6666666666666666,1.0,3.0,1.0,0.6666666666666666,0.8,1.0,4.0,complete,
cm2,continuous,500,50,1.0,55,2316605692,0.25,0.5,0.3333333333333333,1.0,12.0,0.0,0.0,0.0,1.0,0.0,0.6,0.5,0.5454545454545454,1.0,5.0,1.0,0.8333333333333334,0.9090909090909091,1.0,5.0,1.0,0.16666666666666666,0.2857142857142857,1.0,1.0,1.0,0.8333333333333334,0.9090909090909091,1.0,5.0,complete,
cm2,continuous,500,50,1.0,56,3930130452,0.3333333333333333,0.5,0.4,1.0,9.0,1.0,0.16666666666666666,0.2857142857142857,1.0,1.0,1.0,0.5,0.6666666666666666,1.0,3.0,1.0,0.8333333333333334,0.9090909090909091,1.0,5.0,1.0,0.5,0.6666666666666666,1.0,3.0,1.0,0.6666666666666666,0.8,1.0,4.0,complete,
cm2,continuous,500,50,1.0,57,2569745512,0.42857142857142855,0.5,0.4615384615384615,1.0,7.0,1.0,0.16666666666666666,0.2857142857142857,1.0,1.0,0.75,0.5,0.6,1.0,4.0,0.7142857142857143,0.8333333333333334,0.7692307692307692,1.0,7.0,1.0,0.5,0.6666666666666666,1.0,3.0,0.8333333333333334,0.8333333333333334,0.8333333333333334,1.0,6.0,complete,
cm2,continuous,500,50,1.0,58,1520329098,0.3,0.5,0.37499999999999994,1.0,10.0,1.0,0.16666666666666666,0.2857142857142857,1.0,1.0,0.6,0.5,0.5454545454545454,1.0,5.0,0.7142857142857143,0.8333333333333334,0.7692307692307692,1.0,7.0,1.0,0.3333333333333333,0.5,1.0,2.0,0.6666666666666666,0.6666666666666666,0.6666666666666666,1.0,6.0,complete,
cm2,continuous,500,50,1.0,59,2864801605,0.42857142857142855,0.5,0.4615384615384615,1.0,7.0,1.0,0.16666666666666666,0.2857142857142857,1.0,1.0,0.6,0.5,0.5454545454545454,1.0,5.0,0.7142857142857143,0.8333333333333334,0.7692307692307692,1.0,7.0,1.0,0.3333333333333333,0.5,1.0,2.0,1.0,0.8333333333333334,0.9090909090909091,1.0,5.0,complete,
cm2,continuous,500,50,1.0,60,2159561504,0.5,0.5,0.5,1.0,6.0,0.0,0.0,0.0,1.0,0.0,1.0,0.5,0.6666666666666666,1.0,3.0,0.8333333333333334,0.8333333333333334,0.8333333333333334,1.0,6.0,1.0,0.5,0.6666666666666666,1.0,3.0,1.0,0.8333333333333334,0.9090909090909091,1.0,5.0,complete,
cm2,continuous,500,50,1.0,61,2369629891,0.3333333333333333,0.5,0.4,1.0,9.0,1.0,0.16666666666666666,0.2857142857142857,1.0,1.0,1.0,0.3333333333333333,0.5,1.0,2.0,1.0,0.5,0.6666666666666666,1.0,3.0,1.0,0.3333333333333333,0.5,1.0,2.0,1.0,0.5,0.6666666666666666,1.0,3.0,complete,
cm2,continuous,500,50,1.0,62,754330672,0.3,0.5,0.37499999999999994,1.0,10.0,0.0,0.0,0.0,1.0,0.0,0.6,0.5,0.5454545454545454,1.0,5.0,0.8333333333333334,0.8333333333333334,0.8333333333333334,1.0,6.0,1.0,0.3333333333333333,0.5,1.0,2.0,1.0,0.8333333333333334,0.9090909090909091,1.0,5.0,complete,
cm2,continuous,500,50,1.0,63,2048531009,0.3333333333333333,0.6666666666666666,0.4444444444444444,1.0,12.0,0.0,0.0,0.0,1.0,0.0,0.6,0.5,0.5454545454545454,1.0,5.0,1.0,0.8333333333333334,0.9090909090909091,1.0,5.0,1.0,0.6666666666666666,0.8,1.0,4.0,1.0,0.8333333333333334,0.9090909090909091,1.0,5.0,complete,
cm2,continuous,500,50,1.0,64,1869123352,0.2222222222222222,0.3333333333333333,0.26666666666666666,1.0,9.0,1.0,0.16666666666666666,0.2857142857142857,1.0,1.0,0.4,0.3333333333333333,0.3636363636363636,1.0,5.0,0.6666666666666666,0.6666666666666666,0.6666666666666666,1.0,6.0,1.0,0.16666666666666666,0.2857142857142857,1.0,1.0,1.0,0.6666666666666666,0.8,1.0,4.0,complete,
cm2,continuous,500,50,1.0,65,537813554,0.3333333333333333,0.5,0.4,1.0,9.0,1.0,0.3333333333333333,0.5,1.0,2.0,0.75,0.5,0.6,1.0,4.0,0.8333333333333334,0.8333333333333334,0.8333333333333334,1.0,6.0,1.0,0.16666666666666666,0.2857142857142857,1.0,1.0,1.0,0.8333333333333334,0.9090909090909091,1.0,5.0,complete,
cm2,continuous,500,50,1.0,66,2226630145,0.375,0.5,0.42857142857142855,1.0,8.0,1.0,0.16666666666666666,0.2857142857142857,1.0,1.0,0.75,0.5,0.6,1.0,4.0,0.8333333333333334,0.8333333333333334,0.8333333333333334,1.0,6.0,1.0,0.3333333333333333,0.5,1.0,2.0,1.0,0.6666666666666666,0.8,1.0,4.0,complete,
cm2,continuous,500,50,1.0,67,3807447377,0.3076923076923077,0.6666666666666666,0.42105263157894735,1.0,13.0,1.0,0.16666666666666666,0.2857142857142857,1.0,1.0,0.6666666666666666,0.3333333333333333,0.4444444444444444,1.0,3.0,0.8333333333333334,0.8333333333333334,0.8333333333333334,1.0,6.0,1.0,0.16666666666666666,0.2857142857142857,1.0,1.0,0.8333333333333334,0.8333333333333334,0.8333333333333334,1.0,6.0,complete,
cm2,continuous,500,50,1.0,68,2285302883,0.42857142857142855,0.5,0.4615384615384615,1.0,7.0,1.0,0.16666666666666666,0.2857142857142857,1.0,1.0,0.75,0.5,0.6,1.0,4.0,0.8,0.6666666666666666,0.7272727272727272,1.0,5.0,1.0,0.16666666666666666,0.2857142857142857,1.0,1.0,1.0,0.6666666666666666,0.8,1.0,4.0,complete,
cm2,continuous,500,50,1.0,69,582490229,0.42857142857142855,0.5,0.4615384615384615,1.0,7.0,1.0,0.3333333333333333,0.5,1.0,2.0,0.75,0.5,0.6,1.0,4.0,1.0,0.8333333333333334,0.9090909090909091,1.0,5.0,1.0,0.5,0.6666666666666666,1.0,3.0,1.0,0.6666666666666666,0.8,1.0,4.0,complete,
cm2,continuous,500,50,1.0,70,2980009468,0.3,0.5,0.37499999999999994,1.0,10.0,1.0,0.16666666666666666,0.2857142857142857,1.0,1.0,0.6,0.5,0.5454545454545454,1.0,5.0,0.8,0.6666666666666666,0.7272727272727272,1.0,5.0,1.0,0.3333333333333333,0.5,1.0,2.0,1.0,0.6666666666666666,0.8,1.0,4.0,complete,
cm2,continuous,500,50,1.0,71,1487918510,0.3333333333333333,0.5,0.4,1.0,9.0,1.0,0.16666666666666666,0.2857142857142857,1.0,1.0,0.6666666666666666,0.3333333333333333,0.4444444444444444,1.0,3.0,0.7142857142857143,0.8333333333333334,0.7692307692307692,1.0,7.0,1.0,0.3333333333333333,0.5,1.0,2.0,0.8,0.6666666666666666,0.7272727272727272,1.0,5.0,complete,
cm2,continuous,500,50,1.0,72,125728897,0.2727272727272727,0.5,0.3529411764705882,1.0,11.0,0.0,0.0,0.0,1.0,0.0,0.5,0.3333333333333333,0.4,1.0,4.0,0.5714285714285714,0.6666666666666666,0.6153846153846153,1.0,7.0,1.0,0.3333333333333333,0.5,1.0,2.0,0.75,0.5,0.6,1.0,4.0,complete,
cm2,continuous,500,50,1.0,73,4014043796,0.4444444444444444,0.6666666666666666,0.5333333333333333,1.0,9.0,1.0,0.16666666666666666,0.2857142857142857,1.0,1.0,0.5,0.3333333333333333,0.4,1.0,4.0,0.8,0.6666666666666666,0.7272727272727272,1.0,5.0,1.0,0.5,0.6666666666666666,1.0,3.0,0.8,0.6666666666666666,0.7272727272727272,1.0,5.0,complete,
cm2,continuous,500,50,1.0,74,3425256187,0.2,0.3333333333333333,0.25,1.0,10.0,1.0,0.16666666666666666,0.2857142857142857,1.0,1.0,0.5,0.3333333333333333,0.4,1.0,4.0,0.5714285714285714,0.6666666666666666,0.6153846153846153,1.0,7.0,1.0,0.3333333333333333,0.5,1.0,2.0,0.6666666666666666,0.6666666666666666,0.6666666666666666,1.0,6.0,complete,
cm2,continuous,500,50,1.0,75,3977943435,0.5,0.6666666666666666,0.5714285714285715,1.0,8.0,1.0,0.16666666666666666,0.2857142857142857,1.0,1.0,0.6,0.5,0.5454545454545454,1.0,5.0,1.0,0.8333333333333334,0.9090909090909091,1.0,5.0,1.0,0.5,0.6666666666666666,1.0,3.0,1.0,0.8333333333333334,0.9090909090909091,1.0,5.0,complete,
cm2,continuous,500,50,1.0,76,2789003662,0.25,0.5,0.3333333333333333,1.0,12.0,1.0,0.16666666666666666,0.2857142857142857,1.0,1.0,0.6666666666666666,0.3333333333333333,0.4444444444444444,1.0,3.0,0.8333333333333334,0.8333333333333334,0.8333333333333334,1.0,6.0,1.0,0.3333333333333333,0.5,1.0,2.0,1.0,0.6666666666666666,0.8,1.0,4.0,complete,
cm2,continuous,500,50,1.0,77,1474196259,0.15384615384615385,0.3333333333333333,0.21052631578947367,1.0,13.0,0.0,0.0,0.0,1.0,0.0,0.5,0.3333333333333333,0.4,1.0,4.0,0.625,0.8333333333333334,0.7142857142857143,1.0,8.0,1.0,0.3333333333333333,0.5,1.0,2.0,0.8,0.6666666666666666,0.7272727272727272,1.0,5.0,complete,
cm2,continuous,500,50,1.0,78,113435415,0.375,0.5,0.42857142857142855,1.0,8.0,1.0,0.16666666666666666,0.2857142857142857,1.0,1.0,0.5,0.5,0.5,1.0,6.0,0.8333333333333334,0.8333333333333334,0.8333333333333334,1.0,6.0,1.0,0.5,0.6666666666666666,1.0,3.0,0.8333333333333334,0.8333333333333334,0.8333333333333334,1.0,6.0,complete,
cm2,continuous,500,50,1.0,79,438413783,0.25,0.5,0.3333333333333333,1.0,12.0,1.0,0.16666666666666666,0.2857142857142857,1.0,1.0,0.5,0.3333333333333333,0.4,1.0,4.0,1.0,0.8333333333333334,0.9090909090909091,1.0,5.0,1.0,0.3333333333333333,0.5,1.0,2.0,1.0,0.5,0.6666666666666666,1.0,3.0,complete,
cm2,continuous,500,50,1.0,80,3768724901,0.25,0.5,0.3333333333333333,1.0,12.0,1.0,0.16666666666666666,0.2857142857142857,1.0,1.0,0.5,0.5,0.5,1.0,6.0,0.8,0.6666666666666666,0.7272727272727272,1.0,5.0,1.0,0.16666666666666666,0.2857142857142857,1.0,1.0,1.0,0.5,0.6666666666666666,1.0,3.0,complete,
cm2,continuous,500,50,1.0,81,3828518345,0.3333333333333333,0.5,0.4,1.0,9.0,1.0,0.16666666666666666,0.2857142857142857,1.0,1.0,0.5,0.3333333333333333,0.4,1.0,4.0,1.0,0.6666666666666666,0.8,1.0,4.0,1.0,0.3333333333333333,0.5,1.0,2.0,1.0,0.5,0.6666666666666666,1.0,3.0,complete,
cm2,continuous,500,50,1.0,82,1933288090,0.3,0.5,0.37499999999999994,1.0,10.0,1.0,0.3333333333333333,0.5,1.0,2.0,0.5,0.5,0.5,1.0,6.0,0.5714285714285714,0.6666666666666666,0.6153846153846153,1.0,7.0,1.0,0.3333333333333333,0.5,1.0,2.0,0.8,0.6666666666666666,0.7272727272727272,1.0,5.0,complete,
cm2,continuous,500,50,1.0,83,2274998497,0.2857142857142857,0.3333333333333333,0.30769230769230765,1.0,7.0,1.0,0.3333333333333333,0.5,1.0,2.0,1.0,0.3333333333333333,0.5,1.0,2.0,1.0,0.6666666666666666,0.8,1.0,4.0,1.0,0.3333333333333333,0.5,1.0,2.0,1.0,0.6666666666666666,0.8,1.0,4.0,complete,
cm2,continuous,500,50,1.0,84,1307592186,0.4444444444444444,0.6666666666666666,0.5333333333333333,1.0,9.0,1.0,0.16666666666666666,0.2857142857142857,1.0,1.0,0.6666666666666666,0.3333333333333333,0.4444444444444444,1.0,3.0,1.0,0.6666666666666666,0.8,1.0,4.0,1.0,0.5,0.6666666666666666,1.0,3.0,1.0,0.6666666666666666,0.8,1.0,4.0,complete,
cm2,continuous,500,50,1.0,85,122779488,0.2857142857142857,0.3333333333333333,0.30769230769230765,1.0,7.0,1.0,0.16666666666666666,0.2857142857142857,1.0,1.0,0.6666666666666666,0.3333333333333333,0.4444444444444444,1.0,3.0,0.8,0.6666666666666666,0.7272727272727272,1.0,5.0,1.0,0.5,0.6666666666666666,1.0,3.0,0.8,0.6666666666666666,0.7272727272727272,1.0,5.0,complete,
cm2,continuous,500,50,1.0,86,3973903944,0.375,0.5,0.42857142857142855,1.0,8.0,1.0,0.16666666666666666,0.2857142857142857,1.0,1.0,0.6,0.5,0.5454545454545454,1.0,5.0,1.0,0.6666666666666666,0.8,1.0,4.0,1.0,0.16666666666666666,0.2857142857142857,1.0,1.0,1.0,0.3333333333333333,0.5,1.0,2.0,complete,
cm2,continuous,500,50,1.0,87,1009872808,0.3333333333333333,0.5,0.4,1.0,9.0,1.0,0.16666666666666666,0.2857142857142857,1.0,1.0,0.75,0.5,0.6,1.0,4.0,1.0,0.8333333333333334,0.9090909090909091,1.0,5.0,1.0,0.5,0.6666666666666666,1.0,3.0,1.0,0.8333333333333334,0.9090909090909091,1.0,5.0,complete,
cm2,continuous,500,50,1.0,88,3926194157,0.5,0.6666666666666666,0.5714285714285715,1.0,8.0,1.0,0.16666666666666666,0.2857142857142857,1.0,1.0,0.75,0.5,0.6,1.0,4.0,0.8,0.6666666666666666,0.7272727272727272,1.0,5.0,1.0,0.16666666666666666,0.2857142857142857,1.0,1.0,1.0,0.5,0.6666666666666666,1.0,3.0,complete,
cm2,continuous,500,50,1.0,89,4004052037,0.3,0.5,0.37499999999999994,1.0,10.0,0.0,0.0,0.0,1.0,0.0,0.75,0.5,0.6,1.0,4.0,0.8333333333333334,0.8333333333333334,0.8333333333333334,1.0,6.0,1.0,0.16666666666666666,0.2857142857142857,1.0,1.0,1.0,0.8333333333333334,0.9090909090909091,1.0,5.0,complete,
cm2,continuous,500,50,1.0,90,3414861502,0.42857142857142855,0.5,0.4615384615384615,1.0,7.0,1.0,0.16666666666666666,0.2857142857142857,1.0,1.0,0.75,0.5,0.6,1.0,4.0,0.7142857142857143,0.8333333333333334,0.7692307692307692,1.0,7.0,1.0,0.3333333333333333,0.5,1.0,2.0,1.0,0.8333333333333334,0.9090909090909091,1.0,5.0,complete,
cm2,continuous,500,50,1.0,91,337519325,0.16666666666666666,0.3333333333333333,0.2222222222222222,1.0,12.0,0.5,0.16666666666666666,0.25,1.0,2.0,0.3333333333333333,0.3333333333333333,0.3333333333333333,1.0,6.0,0.6666666666666666,1.0,0.8,0.0,9.0,1.0,0.3333333333333333,0.5,1.0,2.0,1.0,0.8333333333333334,0.9090909090909091,1.0,5.0,complete,
cm2,continuous,500,50,1.0,92,774519123,0.18181818181818182,0.3333333333333333,0.23529411764705885,1.0,11.0,1.0,0.16666666666666666,0.2857142857142857,1.0,1.0,0.6666666666666666,0.3333333333333333,0.4444444444444444,1.0,3.0,0.5,0.6666666666666666,0.5714285714285715,1.0,8.0,1.0,0.3333333333333333,0.5,1.0,2.0,0.75,0.5,0.6,1.0,4.0,complete,
cm2,continuous,500,50,1.0,93,4036695415,0.3076923076923077,0.6666666666666666,0.42105263157894735,1.0,13.0,1.0,0.16666666666666666,0.2857142857142857,1.0,1.0,0.5714285714285714,0.6666666666666666,0.6153846153846153,1.0,7.0,1.0,0.6666666666666666,0.8,1.0,4.0,1.0,0.16666666666666666,0.2857142857142857,1.0,1.0,1.0,0.6666666666666666,0.8,1.0,4.0,complete,
cm2,continuous,500,50,1.0,94,762768038,0.3333333333333333,0.5,0.4,1.0,9.0,1.0,0.16666666666666666,0.2857142857142857,1.0,1.0,0.6,0.5,0.5454545454545454,1.0,5.0,0.625,0.8333333333333334,0.7142857142857143,1.0,8.0,1.0,0.3333333333333333,0.5,1.0,2.0,1.0,0.8333333333333334,0.9090909090909091,1.0,5.0,complete,
cm2,continuous,500,50,1.0,95,1786255199,0.4,0.6666666666666666,0.5,1.0,10.0,1.0,0.16666666666666666,0.2857142857142857,1.0,1.0,0.75,0.5,0.6,1.0,4.0,1.0,0.6666666666666666,0.8,1.0,4.0,1.0,0.16666666666666666,0.2857142857142857,1.0,1.0,1.0,0.6666666666666666,0.8,1.0,4.0,complete,
cm2,continuous,500,50,1.0,96,1027207440,0.75,0.5,0.6,1.0,4.0,1.0,0.16666666666666666,0.2857142857142857,1.0,1.0,1.0,0.5,0.6666666666666666,1.0,3.0,0.8333333333333334,0.8333333333333334,0.8333333333333334,1.0,6.0,1.0,0.3333333333333333,0.5,1.0,2.0,1.0,0.8333333333333334,0.9090909090909091,1.0,5.0,complete,
cm2,continuous,500,50,1.0,97,133987150,0.23076923076923078,0.5,0.3157894736842105,1.0,13.0,0.0,0.0,0.0,1.0,0.0,0.6,0.5,0.5454545454545454,1.0,5.0,0.6666666666666666,0.6666666666666666,0.6666666666666666,1.0,6.0,1.0,0.5,0.6666666666666666,1.0,3.0,0.8,0.6666666666666666,0.7272727272727272,1.0,5.0,complete,
cm2,continuous,500,50,1.0,98,1365096390,0.3333333333333333,0.5,0.4,1.0,9.0,1.0,0.16666666666666666,0.2857142857142857,1.0,1.0,0.6,0.5,0.5454545454545454,1.0,5.0,0.8333333333333334,0.8333333333333334,0.8333333333333334,1.0,6.0,1.0,0.3333333333333333,0.5,1.0,2.0,1.0,0.8333333333333334,0.9090909090909091,1.0,5.0,complete,
cm2,continuous,500,50,1.0,99,1998043264,0.25,0.3333333333333333,0.28571428571428575,1.0,8.0,0.0,0.0,0.0,1.0,1.0,0.6666666666666666,0.3333333333333333,0.4444444444444444,1.0,3.0,0.75,0.5,0.6,1.0,4.0,1.0,0.3333333333333333,0.5,1.0,2.0,1.0,0.5,0.6666666666666666,1.0,3.0,complete,
cm2,continuous,500,50,10.0,0,1634325578,0.6,0.5,0.5454545454545454,1.0,5.0,0.0,0.0,0.0,1.0,0.0,1.0,0.5,0.6666666666666666,1.0,3.0,0.7142857142857143,0.8333333333333334,0.7692307692307692,1.0,7.0,1.0,0.16666666666666666,0.2857142857142857,1.0,1.0,0.8333333333333334,0.8333333333333334,0.8333333333333334,1.0,6.0,complete,
cm2,continuous,500,50,10.0,1,2178576497,0.15384615384615385,0.3333333333333333,0.21052631578947367,1.0,13.0,0.0,0.0,0.0,1.0,0.0,0.4,0.3333333333333333,0.3636363636363636,1.0,5.0,0.42857142857142855,0.5,0.4615384615384615,1.0,7.0,1.0,0.3333333333333333,0.5,1.0,2.0,0.75,0.5,0.6,1.0,4.0,complete,
cm2,continuous,500,50,10.0,2,1032191484,0.3333333333333333,0.5,0.4,1.0,9.0,0.0,0.0,0.0,1.0,0.0,0.5,0.16666666666666666,0.25,1.0,2.0,0.5714285714285714,0.6666666666666666,0.6153846153846153,1.0,7.0,1.0,0.3333333333333333,0.5,1.0,2.0,0.6,0.5,0.5454545454545454,1.0,5.0,complete,
cm2,continuous,500,50,10.0,3,1275032954,0.2,0.3333333333333333,0.25,1.0,10.0,1.0,0.16666666666666666,0.2857142857142857,1.0,1.0,0.25,0.16666666666666666,0.2,1.0,4.0,0.2222222222222222,0.3333333333333333,0.26666666666666666,1.0,9.0,0.5,0.16666666666666666,0.25,1.0,2.0,0.5,0.3333333333333333,0.4,1.0,4.0,complete,
cm2,continuous,500,50,10.0,4,1393387271,0.42857142857142855,0.5,0.4615384615384615,1.0,7.0,1.0,0.16666666666666666,0.2857142857142857,1.0,1.0,1.0,0.5,0.6666666666666666,1.0,3.0,0.625,0.8333333333333334,0.7142857142857143,1.0,8.0,1.0,0.6666666666666666,0.8,1.0,4.0,0.6666666666666666,0.6666666666666666,0.6666666666666666,1.0,6.0,complete,
cm2,continuous,500,50,10.0,5,816749953,0.2,0.3333333333333333,0.25,1.0,10.0,1.0,0.16666666666666666,0.2857142857142857,1.0,1.0,1.0,0.16666666666666666,0.2857142857142857,1.0,1.0,0.5,0.5,0.5,1.0,6.0,1.0,0.16666666666666666,0.2857142857142857,1.0,1.0,0.6,0.5,0.5454545454545454,1.0,5.0,complete,
cm2,continuous,500,50,10.0,6,3737387827,0.3333333333333333,0.6666666666666666,0.4444444444444444,1.0,12.0,0.0,0.0,0.0,1.0,0.0,0.6,0.5,0.5454545454545454,1.0,5.0,0.5714285714285714,0.6666666666666666,0.6153846153846153,1.0,7.0,1.0,0.16666666666666666,0.2857142857142857,1.0,1.0,1.0,0.6666666666666666,0.8,1.0,4.0,complete,
cm2,continuous,500,50,10.0,7,3524950563,0.3333333333333333,0.5,0.4,1.0,9.0,1.0,0.16666666666666666,0.2857142857142857,1.0,1.0,0.3333333333333333,0.16666666666666666,0.2222222222222222,1.0,3.0,0.3333333333333333,0.5,0.4,1.0,9.0,1.0,0.16666666666666666,0.2857142857142857,1.0,1.0,0.6,0.5,0.5454545454545454,1.0,5.0,complete,
cm2,continuous,500,50,10.0,8,3172051366,0.2857142857142857,0.3333333333333333,0.30769230769230765,1.0,7.0,0.0,0.0,0.0,1.0,1.0,0.25,0.16666666666666666,0.2,1.0,4.0,0.5,0.5,0.5,1.0,6.0,1.0,0.16666666666666666,0.2857142857142857,1.0,1.0,0.6,0.5,0.5454545454545454,1.0,5.0,complete,
cm2,continuous,500,50,10.0,9,2324210880,0.25,0.3333333333333333,0.28571428571428575,1.0,8.0,0.0,0.0,0.0,1.0,1.0,0.2,0.16666666666666666,0.1818181818181818,1.0,5.0,0.2727272727272727,0.5,0.3529411764705882,1.0,11.0,0.0,0.0,0.0,1.0,0.0,0.3333333333333333,0.3333333333333333,0.3333333333333333,1.0,6.0,complete,
cm2,continuous,500,50,10.0,10,2728254415,0.25,0.5,0.3333333333333333,1.0,12.0,0.0,0.0,0.0,1.0,0.0,0.3333333333333333,0.16666666666666666,0.2222222222222222,1.0,3.0,0.5555555555555556,0.8333333333333334,0.6666666666666667,1.0,9.0,1.0,0.16666666666666666,0.2857142857142857,1.0,1.0,0.7142857142857143,0.8333333333333334,0.7692307692307692,1.0,7.0,complete,
cm2,continuous,500,50,10.0,11,4276958574,0.25,0.3333333333333333,0.28571428571428575,1.0,8.0,0.0,0.0,0.0,1.0,0.0,0.4,0.3333333333333333,0.3636363636363636,1.0,5.0,0.5,0.6666666666666666,0.5714285714285715,1.0,8.0,1.0,0.16666666666666666,0.2857142857142857,1.0,1.0,0.6666666666666666,0.6666666666666666,0.6666666666666666,1.0,6.0,complete,
cm2,continuous,500,50,10.0,12,1698920350,0.2,0.3333333333333333,0.25,1.0,10.0,0.0,0.0,0.0,1.0,0.0,0.3333333333333333,0.16666666666666666,0.2222222222222222,1.0,3.0,0.625,0.8333333333333334,0.7142857142857143,1.0,8.0,1.0,0.3333333333333333,0.5,1.0,2.0,1.0,0.6666666666666666,0.8,1.0,4.0,complete,
cm2,continuous,500,50,10.0,13,3246698091,0.2222222222222222,0.3333333333333333,0.26666666666666666,1.0,9.0,0.0,0.0,0.0,1.0,0.0,0.0,0.0,0.0,1.0,5.0,0.3,0.5,0.37499999999999994,1.0,10.0,1.0,0.3333333333333333,0.5,1.0,2.0,0.4,0.3333333333333333,0.3636363636363636,1.0,5.0,complete,
cm2,continuous,500,50,10.0,14,4007049529,0.1111111111111111,0.16666666666666666,0.13333333333333333,1.0,9.0,0.0,0.0,0.0,1.0,1.0,0.2,0.16666666666666666,0.1818181818181818,1.0,5.0,0.3333333333333333,0.5,0.4,1.0,9.0,0.0,0.0,0.0,1.0,0.0,0.42857142857142855,0.5,0.4615384615384615,1.0,7.0,complete,
cm2,continuous,500,50,10.0,15,3910883370,0.23076923076923078,0.5,0.3157894736842105,1.0,13.0,1.0,0.16666666666666666,0.2857142857142857,1.0,1.0,0.2,0.16666666666666666,0.1818181818181818,1.0,5.0,0.5,0.6666666666666666,0.5714285714285715,1.0,8.0,1.0,0.3333333333333333,0.5,1.0,2.0,0.5,0.3333333333333333,0.4,1.0,4.0,complete,
cm2,continuous,500,50,10.0,16,4202923404,0.06666666666666667,0.16666666666666666,0.09523809523809522,1.0,15.0,0.0,0.0,0.0,1.0,0.0,0.3333333333333333,0.16666666666666666,0.2222222222222222,1.0,3.0,0.4166666666666667,0.8333333333333334,0.5555555555555556,1.0,12.0,1.0,0.5,0.6666666666666666,1.0,3.0,0.4,0.6666666666666666,0.5,1.0,10.0,complete,
cm2,continuous,500,50,10.0,17,480305596,0.18181818181818182,0.3333333333333333,0.23529411764705885,1.0,11.0,0.0,0.0,0.0,1.0,0.0,0.5,0.16666666666666666,0.25,1.0,2.0,0.4444444444444444,0.6666666666666666,0.5333333333333333,1.0,9.0,1.0,0.16666666666666666,0.2857142857142857,1.0,1.0,0.6666666666666666,0.6666666666666666,0.6666666666666666,1.0,6.0,complete,
cm2,continuous,500,50,10.0,18,782933190,0.18181818181818182,0.3333333333333333,0.23529411764705885,1.0,11.0,0.0,0.0,0.0,1.0,0.0,0.5,0.16666666666666666,0.25,1.0,2.0,0.6666666666666666,0.6666666666666666,0.6666666666666666,1.0,6.0,1.0,0.5,0.6666666666666666,1.0,3.0,1.0,0.5,0.6666666666666666,1.0,3.0,complete,
cm2,continuous,500,50,10.0,19,1062823872,0.25,0.5,0.3333333333333333,1.0,12.0,1.0,0.16666666666666666,0.2857142857142857,1.0,1.0,0.6666666666666666,0.3333333333333333,0.4444444444444444,1.0,3.0,0.2857142857142857,0.3333333333333333,0.30769230769230765,1.0,7.0,1.0,0.16666666666666666,0.2857142857142857,1.0,1.0,0.4,0.3333333333333333,0.3636363636363636,1.0,5.0,complete,
cm2,continuous,500,50,10.0,20,3654937624,0.25,0.5,0.3333333333333333,1.0,12.0,0.0,0.0,0.0,1.0,0.0,0.3333333333333333,0.3333333333333333,0.3333333333333333,1.0,6.0,0.45454545454545453,0.8333333333333334,0.5882352941176471,1.0,11.0,1.0,0.16666666666666666,0.2857142857142857,1.0,1.0,0.6666666666666666,0.6666666666666666,0.6666666666666666,1.0,6.0,complete,
cm2,continuous,500,50,10.0,21,3237819489,0.2857142857142857,0.3333333333333333,0.30769230769230765,1.0,7.0,0.0,0.0,0.0,1.0,0.0,1.0,0.16666666666666666,0.2857142857142857,1.0,1.0,0.2857142857142857,0.3333333333333333,0.30769230769230765,1.0,7.0,1.0,0.16666666666666666,0.2857142857142857,1.0,1.0,0.3333333333333333,0.16666666666666666,0.2222222222222222,1.0,3.0,complete,
cm2,continuous,500,50,10.0,22,3408046135,0.42857142857142855,0.5,0.4615384615384615,1.0,7.0,0.0,0.0,0.0,1.0,0.0,0.5,0.16666666666666666,0.25,1.0,2.0,0.5,0.5,0.5,1.0,6.0,1.0,0.16666666666666666,0.2857142857142857,1.0,1.0,0.5,0.16666666666666666,0.25,1.0,2.0,complete,
cm2,continuous,500,50,10.0,23,2821771288,0.25,0.3333333333333333,0.28571428571428575,1.0,8.0,0.0,0.0,0.0,1.0,0.0,0.25,0.16666666666666666,0.2,1.0,4.0,0.5,0.8333333333333334,0.625,1.0,10.0,0.0,0.0,0.0,1.0,0.0,0.5,0.5,0.5,1.0,6.0,complete,
cm2,continuous,500,50,10.0,24,1735798279,0.2727272727272727,0.5,0.3529411764705882,1.0,11.0,0.0,0.0,0.0,1.0,1.0,0.42857142857142855,0.5,0.4615384615384615,1.0,7.0,0.42857142857142855,0.5,0.4615384615384615,1.0,7.0,1.0,0.16666666666666666,0.2857142857142857,1.0,1.0,0.75,0.5,0.6,1.0,4.0,complete,
cm2,continuous,500,50,10.0,25,1989366834,0.21428571428571427,0.5,0.3,1.0,14.0,0.0,0.0,0.0,1.0,0.0,0.5,0.5,0.5,1.0,6.0,0.5,0.6666666666666666,0.5714285714285715,1.0,8.0,1.0,0.16666666666666666,0.2857142857142857,1.0,1.0,0.5714285714285714,0.6666666666666666,0.6153846153846153,1.0,7.0,complete,
cm2,continuous,500,50,10.0,26,3300048755,0.16666666666666666,0.3333333333333333,0.2222222222222222,1.0,12.0,0.0,0.0,0.0,1.0,0.0,0.2857142857142857,0.3333333333333333,0.30769230769230765,1.0,7.0,0.42857142857142855,0.5,0.4615384615384615,1.0,7.0,1.0,0.3333333333333333,0.5,1.0,2.0,0.5,0.5,0.5,1.0,6.0,complete,
cm2,continuous,500,50,10.0,27,370392292,0.2222222222222222,0.3333333333333333,0.26666666666666666,1.0,9.0,0.0,0.0,0.0,1.0,0.0,0.5,0.16666666666666666,0.25,1.0,2.0,0.3,0.5,0.37499999999999994,1.0,10.0,1.0,0.16666666666666666,0.2857142857142857,1.0,1.0,0.2,0.16666666666666666,0.1818181818181818,1.0,5.0,complete,
cm2,continuous,500,50,10.0,28,2049640623,0.3,0.5,0.37499999999999994,1.0,10.0,1.0,0.16666666666666666,0.2857142857142857,1.0,1.0,0.5,0.16666666666666666,0.25,1.0,2.0,0.6,0.5,0.5454545454545454,1.0,5.0,1.0,0.16666666666666666,0.2857142857142857,1.0,1.0,0.75,0.5,0.6,1.0,4.0,complete,
cm2,continuous,500,50,10.0,29,2659148717,0.4444444444444444,0.6666666666666666,0.5333333333333333,1.0,9.0,0.0,0.0,0.0,1.0,0.0,0.5,0.5,0.5,1.0,6.0,0.45454545454545453,0.8333333333333334,0.5882352941176471,1.0,11.0,1.0,0.16666666666666666,0.2857142857142857,1.0,1.0,0.6,0.5,0.5454545454545454,1.0,5.0,complete,
cm2,continuous,500,50,10.0,30,4282063699,0.16666666666666666,0.3333333333333333,0.2222222222222222,1.0,12.0,0.0,0.0,0.0,1.0,0.0,0.3333333333333333,0.3333333333333333,0.3333333333333333,1.0,6.0,0.2857142857142857,0.3333333333333333,0.30769230769230765,1.0,7.0,1.0,0.16666666666666666,0.2857142857142857,1.0,1.0,0.3333333333333333,0.3333333333333333,0.3333333333333333,1.0,6.0,complete,
cm2,continuous,500,50,10.0,31,4031627987,0.125,0.16666666666666666,0.14285714285714288,1.0,8.0,0.0,0.0,0.0,1.0,0.0,1.0,0.16666666666666666,0.2857142857142857,1.0,1.0,0.25,0.3333333333333333,0.28571428571428575,1.0,8.0,1.0,0.16666666666666666,0.2857142857142857,1.0,1.0,0.2,0.16666666666666666,0.1818181818181818,1.0,5.0,complete,
cm2,continuous,500,50,10.0,32,530024476,0.3,0.5,0.37499999999999994,1.0,10.0,0.0,0.0,0.0,1.0,0.0,0.4,0.3333333333333333,0.3636363636363636,1.0,5.0,0.42857142857142855,0.5,0.4615384615384615,1.0,7.0,1.0,0.16666666666666666,0.2857142857142857,1.0,1.0,0.6,0.5,0.5454545454545454,1.0,5.0,complete,
cm2,continuous,500,50,10.0,33,1260488022,0.25,0.3333333333333333,0.28571428571428575,1.0,8.0,0.0,0.0,0.0,1.0,0.0,0.16666666666666666,0.16666666666666666,0.16666666666666666,1.0,6.0,0.3333333333333333,0.6666666666666666,0.4444444444444444,1.0,12.0,1.0,0.16666666666666666,0.2857142857142857,1.0,1.0,0.8,0.6666666666666666,0.7272727272727272,1.0,5.0,complete,
cm2,continuous,500,50,10.0,34,1737506231,0.1,0.16666666666666666,0.125,1.0,10.0,0.0,0.0,0.0,1.0,1.0,0.0,0.0,0.0,1.0,2.0,0.4,0.6666666666666666,0.5,1.0,10.0,1.0,0.16666666666666666,0.2857142857142857,1.0,1.0,0.6666666666666666,0.6666666666666666,0.6666666666666666,1.0,6.0,complete,
cm2,continuous,500,50,10.0,35,1715524230,0.3,0.5,0.37499999999999994,1.0,10.0,0.0,0.0,0.0,1.0,0.0,1.0,0.16666666666666666,0.2857142857142857,1.0,1.0,0.42857142857142855,0.5,0.4615384615384615,1.0,7.0,1.0,0.3333333333333333,0.5,1.0,2.0,0.75,0.5,0.6,1.0,4.0,complete,
cm2,continuous,500,50,10.0,36,2317996216,0.1111111111111111,0.16666666666666666,0.13333333333333333,1.0,9.0,0.0,0.0,0.0,1.0,1.0,0.25,0.16666666666666666,0.2,1.0,4.0,0.4444444444444444,0.6666666666666666,0.5333333333333333,1.0,9.0,1.0,0.16666666666666666,0.2857142857142857,1.0,1.0,0.6,0.5,0.5454545454545454,1.0,5.0,complete,
cm2,continuous,500,50,10.0,37,3897610035,0.16666666666666666,0.3333333333333333,0.2222222222222222,1.0,12.0,0.0,0.0,0.0,1.0,0.0,0.3333333333333333,0.16666666666666666,0.2222222222222222,1.0,3.0,0.5,0.6666666666666666,0.5714285714285715,1.0,8.0,1.0,0.16666666666666666,0.2857142857142857,1.0,1.0,0.6666666666666666,0.6666666666666666,0.6666666666666666,1.0,6.0,complete,
cm2,continuous,500,50,10.0,38,1975381087,0.18181818181818182,0.3333333333333333,0.23529411764705885,1.0,11.0,0.0,0.0,0.0,1.0,0.0,0.5,0.16666666666666666,0.25,1.0,2.0,0.4,0.6666666666666666,0.5,1.0,10.0,1.0,0.16666666666666666,0.2857142857142857,1.0,1.0,0.42857142857142855,0.5,0.4615384615384615,1.0,7.0,complete,
cm2,continuous,500,50,10.0,39,2447127173,0.2727272727272727,0.5,0.3529411764705882,1.0,11.0,0.0,0.0,0.0,1.0,0.0,0.3333333333333333,0.16666666666666666,0.2222222222222222,1.0,3.0,0.625,0.8333333333333334,0.7142857142857143,1.0,8.0,1.0,0.16666666666666666,0.2857142857142857,1.0,1.0,0.8,0.6666666666666666,0.7272727272727272,1.0,5.0,complete,
cm2,continuous,500,50,10.0,40,2206491507,0.2222222222222222,0.3333333333333333,0.26666666666666666,1.0,9.0,0.0,0.0,0.0,1.0,0.0,0.25,0.16666666666666666,0.2,1.0,4.0,0.2,0.3333333333333333,0.25,1.0,10.0,1.0,0.16666666666666666,0.2857142857142857,1.0,1.0,0.5,0.3333333333333333,0.4,1.0,4.0,complete,
cm2,continuous,500,50,10.0,41,3319596780,0.25,0.3333333333333333,0.28571428571428575,1.0,8.0,1.0,0.16666666666666666,0.2857142857142857,1.0,1.0,1.0,0.3333333333333333,0.5,1.0,2.0,0.5,0.5,0.5,1.0,6.0,1.0,0.3333333333333333,0.5,1.0,2.0,0.5,0.5,0.5,1.0,6.0,complete,
cm2,continuous,500,50,10.0,42,2285562797,0.2727272727272727,0.5,0.3529411764705882,1.0,11.0,0.0,0.0,0.0,1.0,0.0,0.4,0.3333333333333333,0.3636363636363636,1.0,5.0,0.5555555555555556,0.8333333333333334,0.6666666666666667,1.0,9.0,1.0,0.3333333333333333,0.5,1.0,2.0,0.625,0.8333333333333334,0.7142857142857143,1.0,8.0,complete,
cm2,continuous,500,50,10.0,43,4048637654,0.14285714285714285,0.3333333333333333,0.2,1.0,14.0,0.0,0.0,0.0,1.0,0.0,0.6666666666666666,0.3333333333333333,0.4444444444444444,1.0,3.0,0.4444444444444444,0.6666666666666666,0.5333333333333333,1.0,9.0,1.0,0.3333333333333333,0.5,1.0,2.0,0.6,0.5,0.5454545454545454,1.0,5.0,complete,
cm2,continuous,500,50,10.0,44,3421322914,0.2727272727272727,0.5,0.3529411764705882,1.0,11.0,0.0,0.0,0.0,1.0,0.0,0.5,0.16666666666666666,0.25,1.0,2.0,0.5,0.8333333333333334,0.625,1.0,10.0,1.0,0.16666666666666666,0.2857142857142857,1.0,1.0,0.5555555555555556,0.8333333333333334,0.6666666666666667,1.0,9.0,complete,
cm2,continuous,500,50,10.0,45,1416591708,0.2,0.3333333333333333,0.25,1.0,10.0,0.0,0.0,0.0,1.0,0.0,0.3333333333333333,0.16666666666666666,0.2222222222222222,1.0,3.0,0.5555555555555556,0.8333333333333334,0.6666666666666667,1.0,9.0,1.0,0.16666666666666666,0.2857142857142857,1.0,1.0,0.8,0.6666666666666666,0.7272727272727272,1.0,5.0,complete,
cm2,continuous,500,50,10.0,46,2637306957,0.1111111111111111,0.16666666666666666,0.13333333333333333,1.0,9.0,0.0,0.0,0.0,1.0,0.0,0.25,0.16666666666666666,0.2,1.0,4.0,0.375,0.5,0.42857142857142855,1.0,8.0,1.0,0.16666666666666666,0.2857142857142857,1.0,1.0,0.75,0.5,0.6,1.0,4.0,complete,
cm2,continuous,500,50,10.0,47,3918431511,0.2727272727272727,0.5,0.3529411764705882,1.0,11.0,0.0,0.0,0.0,1.0,0.0,1.0,0.3333333333333333,0.5,1.0,2.0,0.7142857142857143,0.8333333333333334,0.7692307692307692,1.0,7.0,1.0,0.16666666666666666,0.2857142857142857,1.0,1.0,0.8,0.6666666666666666,0.7272727272727272,1.0,5.0,complete,
cm2,continuous,500,50,10.0,48,1873676325,0.4444444444444444,0.6666666666666666,0.5333333333333333,1.0,9.0,1.0,0.16666666666666666,0.2857142857142857,1.0,1.0,0.5,0.3333333333333333,0.4,1.0,4.0,0.5,0.6666666666666666,0.5714285714285715,1.0,8.0,1.0,0.3333333333333333,0.5,1.0,2.0,0.5,0.3333333333333333,0.4,1.0,4.0,complete,
cm2,continuous,500,50,10.0,49,3040369419,0.13333333333333333,0.3333333333333333,0.19047619047619044,1.0,15.0,0.0,0.0,0.0,1.0,0.0,0.125,0.16666666666666666,0.14285714285714288,1.0,8.0,0.1,0.16666666666666666,0.125,1.0,10.0,1.0,0.16666666666666666,0.2857142857142857,1.0,1.0,0.25,0.16666666666666666,0.2,1.0,4.0,complete,
cm2,continuous,500,50,10.0,50,422848499,0.375,0.5,0.42857142857142855,1.0,8.0,0.0,0.0,0.0,1.0,0.0,0.5,0.3333333333333333,0.4,1.0,4.0,0.4444444444444444,0.6666666666666666,0.5333333333333333,1.0,9.0,1.0,0.3333333333333333,0.5,1.0,2.0,0.5714285714285714,0.6666666666666666,0.6153846153846153,1.0,7.0,complete,
cm2,continuous,500,50,10.0,51,1683422,0.2727272727272727,0.5,0.3529411764705882,1.0,11.0,0.0,0.0,0.0,1.0,0.0,0.5,0.3333333333333333,0.4,1.0,4.0,0.6,1.0,0.7499999999999999,0.0,10.0,1.0,0.16666666666666666,0.2857142857142857,1.0,1.0,0.6666666666666666,0.6666666666666666,0.6666666666666666,1.0,6.0,complete,
cm2,continuous,500,50,10.0,52,3832708374,0.25,0.5,0.3333333333333333,1.0,12.0,0.0,0.0,0.0,1.0,0.0,0.5,0.3333333333333333,0.4,1.0,4.0,0.5,0.6666666666666666,0.5714285714285715,1.0,8.0,1.0,0.16666666666666666,0.2857142857142857,1.0,1.0,0.5,0.3333333333333333,0.4,1.0,4.0,complete,
cm2,continuous,500,50,10.0,53,3978067172,0.2727272727272727,0.5,0.3529411764705882,1.0,11.0,0.0,0.0,0.0,1.0,0.0,0.3333333333333333,0.16666666666666666,0.2222222222222222,1.0,3.0,0.3,0.5,0.37499999999999994,1.0,10.0,1.0,0.16666666666666666,0.2857142857142857,1.0,1.0,0.6666666666666666,0.3333333333333333,0.4444444444444444,1.0,3.0,complete,
cm2,continuous,500,50,10.0,54,865473548,0.14285714285714285,0.3333333333333333,0.2,1.0,14.0,1.0,0.16666666666666666,0.2857142857142857,1.0,1.0,1.0,0.3333333333333333,0.5,1.0,2.0,0.7142857142857143,0.8333333333333334,0.7692307692307692,1.0,7.0,1.0,0.16666666666666666,0.2857142857142857,1.0,1.0,0.8,0.6666666666666666,0.7272727272727272,1.0,5.0,complete,
cm2,continuous,500,50,10.0,55,673671874,0.25,0.5,0.3333333333333333,1.0,12.0,0.0,0.0,0.0,1.0,0.0,0.5,0.3333333333333333,0.4,1.0,4.0,0.5555555555555556,0.8333333333333334,0.6666666666666667,1.0,9.0,1.0,0.16666666666666666,0.2857142857142857,1.0,1.0,0.8,0.6666666666666666,0.7272727272727272,1.0,5.0,complete,
cm2,continuous,500,50,10.0,56,898609391,0.3333333333333333,0.3333333333333333,0.3333333333333333,1.0,6.0,0.0,0.0,0.0,1.0,0.0,0.25,0.16666666666666666,0.2,1.0,4.0,0.5,0.5,0.5,1.0,6.0,1.0,0.3333333333333333,0.5,1.0,2.0,0.6,0.5,0.5454545454545454,1.0,5.0,complete,
cm2,continuous,500,50,10.0,57,1663979169,0.25,0.3333333333333333,0.28571428571428575,1.0,8.0,0.0,0.0,0.0,1.0,0.0,1.0,0.3333333333333333,0.5,1.0,2.0,0.5714285714285714,0.6666666666666666,0.6153846153846153,1.0,7.0,1.0,0.3333333333333333,0.5,1.0,2.0,0.75,0.5,0.6,1.0,4.0,complete,
cm2,continuous,500,50,10.0,58,3454377540,0.2,0.3333333333333333,0.25,1.0,10.0,0.0,0.0,0.0,1.0,0.0,0.5,0.16666666666666666,0.25,1.0,2.0,0.3333333333333333,0.6666666666666666,0.4444444444444444,1.0,12.0,1.0,0.3333333333333333,0.5,1.0,2.0,0.2222222222222222,0.3333333333333333,0.26666666666666666,1.0,9.0,complete,
cm2,continuous,500,50,10.0,59,1016018239,0.2,0.3333333333333333,0.25,1.0,10.0,0.0,0.0,0.0,1.0,0.0,1.0,0.16666666666666666,0.2857142857142857,1.0,1.0,0.25,0.3333333333333333,0.28571428571428575,1.0,8.0,1.0,0.16666666666666666,0.2857142857142857,1.0,1.0,0.6666666666666666,0.3333333333333333,0.4444444444444444,1.0,3.0,complete,
cm2,continuous,500,50,10.0,60,3280397860,0.15384615384615385,0.3333333333333333,0.21052631578947367,1.0,13.0,0.0,0.0,0.0,1.0,0.0,0.2,0.16666666666666666,0.1818181818181818,1.0,5.0,0.5,0.6666666666666666,0.5714285714285715,1.0,8.0,1.0,0.16666666666666666,0.2857142857142857,1.0,1.0,1.0,0.5,0.6666666666666666,1.0,3.0,complete,
cm2,continuous,500,50,10.0,61,2246288429,0.2,0.3333333333333333,0.25,1.0,10.0,1.0,0.16666666666666666,0.2857142857142857,1.0,1.0,0.5,0.3333333333333333,0.4,1.0,4.0,0.3333333333333333,0.3333333333333333,0.3333333333333333,1.0,6.0,1.0,0.16666666666666666,0.2857142857142857,1.0,1.0,0.5,0.16666666666666666,0.25,1.0,2.0,complete,
cm2,continuous,500,50,10.0,62,409595700,0.2222222222222222,0.3333333333333333,0.26666666666666666,1.0,9.0,0.0,0.0,0.0,1.0,1.0,0.5,0.3333333333333333,0.4,1.0,4.0,0.75,0.5,0.6,1.0,4.0,1.0,0.3333333333333333,0.5,1.0,2.0,1.0,0.3333333333333333,0.5,1.0,2.0,complete,
cm2,continuous,500,50,10.0,63,3738451223,0.2222222222222222,0.3333333333333333,0.26666666666666666,1.0,9.0,0.0,0.0,0.0,1.0,0.0,0.25,0.16666666666666666,0.2,1.0,4.0,0.8,0.6666666666666666,0.7272727272727272,1.0,5.0,1.0,0.16666666666666666,0.2857142857142857,1.0,1.0,0.8,0.6666666666666666,0.7272727272727272,1.0,5.0,complete,
cm2,continuous,500,50,10.0,64,3972835949,0.25,0.5,0.3333333333333333,1.0,12.0,0.0,0.0,0.0,1.0,0.0,0.3333333333333333,0.16666666666666666,0.2222222222222222,1.0,3.0,0.5555555555555556,0.8333333333333334,0.6666666666666667,1.0,9.0,1.0,0.16666666666666666,0.2857142857142857,1.0,1.0,0.6666666666666666,0.6666666666666666,0.6666666666666666,1.0,6.0,complete,
cm2,continuous,500,50,10.0,65,2903805996,0.375,0.5,0.42857142857142855,1.0,8.0,1.0,0.16666666666666666,0.2857142857142857,1.0,1.0,0.75,0.5,0.6,1.0,4.0,0.5,0.5,0.5,1.0,6.0,1.0,0.3333333333333333,0.5,1.0,2.0,0.75,0.5,0.6,1.0,4.0,complete,
cm2,continuous,500,50,10.0,66,3217184512,0.2727272727272727,0.5,0.3529411764705882,1.0,11.0,0.0,0.0,0.0,1.0,0.0,0.4,0.3333333333333333,0.3636363636363636,1.0,5.0,0.625,0.8333333333333334,0.7142857142857143,1.0,8.0,1.0,0.5,0.6666666666666666,1.0,3.0,0.6,0.5,0.5454545454545454,1.0,5.0,complete,
cm2,continuous,500,50,10.0,67,3954322564,0.2,0.3333333333333333,0.25,1.0,10.0,0.0,0.0,0.0,1.0,0.0,0.5,0.3333333333333333,0.4,1.0,4.0,0.375,0.5,0.42857142857142855,1.0,8.0,1.0,0.3333333333333333,0.5,1.0,2.0,0.5,0.3333333333333333,0.4,1.0,4.0,complete,
cm2,continuous,500,50,10.0,68,2000005032,0.18181818181818182,0.3333333333333333,0.23529411764705885,1.0,11.0,0.0,0.0,0.0,1.0,0.0,0.4,0.3333333333333333,0.3636363636363636,1.0,5.0,0.5555555555555556,0.8333333333333334,0.6666666666666667,1.0,9.0,1.0,0.3333333333333333,0.5,1.0,2.0,0.7142857142857143,0.8333333333333334,0.7692307692307692,1.0,7.0,complete,
cm2,continuous,500,50,10.0,69,1446215819,0.07142857142857142,0.16666666666666666,0.1,1.0,14.0,0.0,0.0,0.0,1.0,0.0,0.25,0.16666666666666666,0.2,1.0,4.0,0.2222222222222222,0.3333333333333333,0.26666666666666666,1.0,9.0,1.0,0.16666666666666666,0.2857142857142857,1.0,1.0,0.4,0.3333333333333333,0.3636363636363636,1.0,5.0,complete,
cm2,continuous,500,50,10.0,70,322977483,0.2857142857142857,0.3333333333333333,0.30769230769230765,1.0,7.0,0.0,0.0,0.0,1.0,0.0,0.5,0.3333333333333333,0.4,1.0,4.0,0.36363636363636365,0.6666666666666666,0.4705882352941177,1.0,11.0,1.0,0.16666666666666666,0.2857142857142857,1.0,1.0,0.2857142857142857,0.3333333333333333,0.30769230769230765,1.0,7.0,complete,
cm2,continuous,500,50,10.0,71,2569703556,0.25,0.3333333333333333,0.28571428571428575,1.0,8.0,0.0,0.0,0.0,1.0,0.0,0.6666666666666666,0.3333333333333333,0.4444444444444444,1.0,3.0,0.5714285714285714,0.6666666666666666,0.6153846153846153,1.0,7.0,1.0,0.16666666666666666,0.2857142857142857,1.0,1.0,1.0,0.5,0.6666666666666666,1.0,3.0,complete,
cm2,continuous,500,50,10.0,72,563070191,0.42857142857142855,0.5,0.4615384615384615,1.0,7.0,0.0,0.0,0.0,1.0,0.0,1.0,0.5,0.6666666666666666,1.0,3.0,0.5555555555555556,0.8333333333333334,0.6666666666666667,1.0,9.0,1.0,0.16666666666666666,0.2857142857142857,1.0,1.0,0.7142857142857143,0.8333333333333334,0.7692307692307692,1.0,7.0,complete,
cm2,continuous,500,50,10.0,73,3663010170,0.25,0.3333333333333333,0.28571428571428575,1.0,8.0,0.0,0.0,0.0,1.0,0.0,0.5,0.3333333333333333,0.4,1.0,4.0,0.5,0.6666666666666666,0.5714285714285715,1.0,8.0,1.0,0.16666666666666666,0.2857142857142857,1.0,1.0,0.6666666666666666,0.6666666666666666,0.6666666666666666,1.0,6.0,complete,
cm2,continuous,500,50,10.0,74,1467193286,0.2222222222222222,0.3333333333333333,0.26666666666666666,1.0,9.0,0.5,0.16666666666666666,0.25,1.0,2.0,0.3333333333333333,0.16666666666666666,0.2222222222222222,1.0,3.0,0.5,0.6666666666666666,0.5714285714285715,1.0,8.0,1.0,0.16666666666666666,0.2857142857142857,1.0,1.0,0.6,0.5,0.5454545454545454,1.0,5.0,complete,
cm2,continuous,500,50,10.0,75,2651713692,0.2222222222222222,0.3333333333333333,0.26666666666666666,1.0,9.0,0.0,0.0,0.0,1.0,0.0,0.3333333333333333,0.16666666666666666,0.2222222222222222,1.0,3.0,0.4,0.6666666666666666,0.5,1.0,10.0,1.0,0.16666666666666666,0.2857142857142857,1.0,1.0,0.2,0.16666666666666666,0.1818181818181818,1.0,5.0,complete,
cm2,continuous,500,50,10.0,76,96720348,0.0,0.0,0.0,1.0,12.0,0.0,0.0,0.0,1.0,1.0,0.0,0.0,0.0,1.0,1.0,0.21428571428571427,0.5,0.3,1.0,14.0,0.0,0.0,0.0,1.0,0.0,0.25,0.3333333333333333,0.28571428571428575,1.0,8.0,complete,
cm2,continuous,500,50,10.0,77,1246535928,0.3,0.5,0.37499999999999994,1.0,10.0,0.0,0.0,0.0,1.0,0.0,0.5,0.3333333333333333,0.4,1.0,4.0,0.42857142857142855,0.5,0.4615384615384615,1.0,7.0,1.0,0.16666666666666666,0.2857142857142857,1.0,1.0,0.5,0.5,0.5,1.0,6.0,complete,
cm2,continuous,500,50,10.0,78,3761609589,0.2,0.5,0.28571428571428575,1.0,15.0,0.0,0.0,0.0,1.0,0.0,0.4,0.3333333333333333,0.3636363636363636,1.0,5.0,0.4444444444444444,0.6666666666666666,0.5333333333333333,1.0,9.0,1.0,0.16666666666666666,0.2857142857142857,1.0,1.0,0.8,0.6666666666666666,0.7272727272727272,1.0,5.0,complete,
cm2,continuous,500,50,10.0,79,1027153360,0.16666666666666666,0.3333333333333333,0.2222222222222222,1.0,12.0,0.0,0.0,0.0,1.0,0.0,0.25,0.16666666666666666,0.2,1.0,4.0,0.2857142857142857,0.3333333333333333,0.30769230769230765,1.0,7.0,1.0,0.16666666666666666,0.2857142857142857,1.0,1.0,0.6666666666666666,0.3333333333333333,0.4444444444444444,1.0,3.0,complete,
cm2,continuous,500,50,10.0,80,2292600924,0.3,0.5,0.37499999999999994,1.0,10.0,0.0,0.0,0.0,1.0,0.0,0.75,0.5,0.6,1.0,4.0,0.5555555555555556,0.8333333333333334,0.6666666666666667,1.0,9.0,1.0,0.16666666666666666,0.2857142857142857,1.0,1.0,0.8,0.6666666666666666,0.7272727272727272,1.0,5.0,complete,
cm2,continuous,500,50,10.0,81,2718695828,0.375,0.5,0.42857142857142855,1.0,8.0,0.0,0.0,0.0,1.0,1.0,0.4,0.3333333333333333,0.3636363636363636,1.0,5.0,0.625,0.8333333333333334,0.7142857142857143,1.0,8.0,1.0,0.16666666666666666,0.2857142857142857,1.0,1.0,0.8,0.6666666666666666,0.7272727272727272,1.0,5.0,complete,
cm2,continuous,500,50,10.0,82,2301719419,0.42857142857142855,0.5,0.4615384615384615,1.0,7.0,1.0,0.16666666666666666,0.2857142857142857,1.0,1.0,0.5,0.3333333333333333,0.4,1.0,4.0,0.5,0.5,0.5,1.0,6.0,1.0,0.3333333333333333,0.5,1.0,2.0,0.6,0.5,0.5454545454545454,1.0,5.0,complete,
cm2,continuous,500,50,10.0,83,1185468368,0.2,0.3333333333333333,0.25,1.0,10.0,0.0,0.0,0.0,1.0,0.0,0.5,0.3333333333333333,0.4,1.0,4.0,0.4,0.3333333333333333,0.3636363636363636,1.0,5.0,1.0,0.3333333333333333,0.5,1.0,2.0,0.5,0.3333333333333333,0.4,1.0,4.0,complete,
cm2,continuous,500,50,10.0,84,2771111043,0.2222222222222222,0.3333333333333333,0.26666666666666666,1.0,9.0,0.0,0.0,0.0,1.0,0.0,0.6666666666666666,0.3333333333333333,0.4444444444444444,1.0,3.0,0.42857142857142855,0.5,0.4615384615384615,1.0,7.0,1.0,0.16666666666666666,0.2857142857142857,1.0,1.0,0.6,0.5,0.5454545454545454,1.0,5.0,complete,
cm2,continuous,500,50,10.0,85,4251273518,0.16666666666666666,0.3333333333333333,0.2222222222222222,1.0,12.0,1.0,0.16666666666666666,0.2857142857142857,1.0,1.0,0.6666666666666666,0.3333333333333333,0.4444444444444444,1.0,3.0,0.6666666666666666,0.3333333333333333,0.4444444444444444,1.0,3.0,1.0,0.16666666666666666,0.2857142857142857,1.0,1.0,1.0,0.3333333333333333,0.5,1.0,2.0,complete,
cm2,continuous,500,50,10.0,86,2656528651,0.3,0.5,0.37499999999999994,1.0,10.0,0.0,0.0,0.0,1.0,0.0,0.5,0.16666666666666666,0.25,1.0,2.0,0.6,0.5,0.5454545454545454,1.0,5.0,0.0,0.0,0.0,1.0,0.0,0.75,0.5,0.6,1.0,4.0,complete,
cm2,continuous,500,50,10.0,87,2328600525,0.375,0.5,0.42857142857142855,1.0,8.0,1.0,0.16666666666666666,0.2857142857142857,1.0,1.0,0.5,0.3333333333333333,0.4,1.0,4.0,0.375,0.5,0.42857142857142855,1.0,8.0,1.0,0.16666666666666666,0.2857142857142857,1.0,1.0,0.6,0.5,0.5454545454545454,1.0,5.0,complete,
cm2,continuous,500,50,10.0,88,277956560,0.2222222222222222,0.3333333333333333,0.26666666666666666,1.0,9.0,0.0,0.0,0.0,1.0,0.0,0.3333333333333333,0.16666666666666666,0.2222222222222222,1.0,3.0,0.375,0.5,0.42857142857142855,1.0,8.0,1.0,0.16666666666666666,0.2857142857142857,1.0,1.0,0.5,0.5,0.5,1.0,6.0,complete,
cm2,continuous,500,50,10.0,89,4198630378,0.4444444444444444,0.6666666666666666,0.5333333333333333,1.0,9.0,0.0,0.0,0.0,1.0,0.0,1.0,0.3333333333333333,0.5,1.0,2.0,0.3,0.5,0.37499999999999994,1.0,10.0,1.0,0.16666666666666666,0.2857142857142857,1.0,1.0,0.4,0.3333333333333333,0.3636363636363636,1.0,5.0,complete,
cm2,continuous,500,50,10.0,90,868082411,0.18181818181818182,0.3333333333333333,0.23529411764705885,1.0,11.0,0.0,0.0,0.0,1.0,1.0,0.4,0.3333333333333333,0.3636363636363636,1.0,5.0,0.45454545454545453,0.8333333333333334,0.5882352941176471,1.0,11.0,1.0,0.16666666666666666,0.2857142857142857,1.0,1.0,0.4444444444444444,0.6666666666666666,0.5333333333333333,1.0,9.0,complete,
cm2,continuous,500,50,10.0,91,2397808115,0.25,0.5,0.3333333333333333,1.0,12.0,0.0,0.0,0.0,1.0,0.0,0.5,0.5,0.5,1.0,6.0,0.4444444444444444,0.6666666666666666,0.5333333333333333,1.0,9.0,1.0,0.3333333333333333,0.5,1.0,2.0,0.6,0.5,0.5454545454545454,1.0,5.0,complete,
cm2,continuous,500,50,10.0,92,2671177455,0.3333333333333333,0.5,0.4,1.0,9.0,0.0,0.0,0.0,1.0,0.0,0.5,0.3333333333333333,0.4,1.0,4.0,0.5714285714285714,0.6666666666666666,0.6153846153846153,1.0,7.0,1.0,0.16666666666666666,0.2857142857142857,1.0,1.0,0.8,0.6666666666666666,0.7272727272727272,1.0,5.0,complete,
cm2,continuous,500,50,10.0,93,1521762945,0.18181818181818182,0.3333333333333333,0.23529411764705885,1.0,11.0,0.0,0.0,0.0,1.0,0.0,0.6666666666666666,0.3333333333333333,0.4444444444444444,1.0,3.0,0.42857142857142855,0.5,0.4615384615384615,1.0,7.0,1.0,0.3333333333333333,0.5,1.0,2.0,0.75,0.5,0.6,1.0,4.0,complete,
cm2,continuous,500,50,10.0,94,984876581,0.125,0.16666666666666666,0.14285714285714288,1.0,8.0,0.0,0.0,0.0,1.0,0.0,0.3333333333333333,0.16666666666666666,0.2222222222222222,1.0,3.0,0.3333333333333333,0.3333333333333333,0.3333333333333333,1.0,6.0,1.0,0.16666666666666666,0.2857142857142857,1.0,1.0,0.5,0.3333333333333333,0.4,1.0,4.0,complete,
cm2,continuous,500,50,10.0,95,3897402539,0.16666666666666666,0.3333333333333333,0.2222222222222222,1.0,12.0,0.0,0.0,0.0,1.0,0.0,0.3333333333333333,0.16666666666666666,0.2222222222222222,1.0,3.0,0.5,0.5,0.5,1.0,6.0,1.0,0.16666666666666666,0.2857142857142857,1.0,1.0,0.75,0.5,0.6,1.0,4.0,complete,
cm2,continuous,500,50,10.0,96,2298781608,0.23076923076923078,0.5,0.3157894736842105,1.0,13.0,0.0,0.0,0.0,1.0,0.0,0.3333333333333333,0.16666666666666666,0.2222222222222222,1.0,3.0,0.5555555555555556,0.8333333333333334,0.6666666666666667,1.0,9.0,1.0,0.16666666666666666,0.2857142857142857,1.0,1.0,0.8,0.6666666666666666,0.7272727272727272,1.0,5.0,complete,
cm2,continuous,500,50,10.0,97,2719755764,0.2,0.5,0.28571428571428575,1.0,15.0,0.0,0.0,0.0,1.0,0.0,0.5,0.3333333333333333,0.4,1.0,4.0,0.4,0.6666666666666666,0.5,1.0,10.0,1.0,0.3333333333333333,0.5,1.0,2.0,0.6666666666666666,0.6666666666666666,0.6666666666666666,1.0,6.0,complete,
cm2,continuous,500,50,10.0,98,3332284586,0.07692307692307693,0.16666666666666666,0.10526315789473684,1.0,13.0,0.0,0.0,0.0,1.0,0.0,0.3333333333333333,0.16666666666666666,0.2222222222222222,1.0,3.0,0.2,0.3333333333333333,0.25,1.0,10.0,1.0,0.16666666666666666,0.2857142857142857,1.0,1.0,0.5,0.3333333333333333,0.4,1.0,4.0,complete,
cm2,continuous,500,50,10.0,99,550634488,0.1,0.16666666666666666,0.125,1.0,10.0,0.0,0.0,0.0,1.0,1.0,0.25,0.16666666666666666,0.2,1.0,4.0,0.4,0.3333333333333333,0.3636363636363636,1.0,5.0,1.0,0.16666666666666666,0.2857142857142857,1.0,1.0,0.5,0.3333333333333333,0.4,1.0,4.0,complete,
cm2,continuous,1000,50,1.0,0,2151013208,0.23076923076923078,0.5,0.3157894736842105,1.0,13.0,0.0,0.0,0.0,1.0,0.0,0.6,0.5,0.5454545454545454,1.0,5.0,1.0,0.6666666666666666,0.8,1.0,4.0,1.0,0.3333333333333333,0.5,1.0,2.0,1.0,0.5,0.6666666666666666,1.0,3.0,complete,
cm2,continuous,1000,50,1.0,1,4265302294,0.375,0.5,0.42857142857142855,1.0,8.0,0.0,0.0,0.0,1.0,0.0,1.0,0.3333333333333333,0.5,1.0,2.0,0.8333333333333334,0.8333333333333334,0.8333333333333334,1.0,6.0,1.0,0.3333333333333333,0.5,1.0,2.0,0.8,0.6666666666666666,0.7272727272727272,1.0,5.0,complete,
cm2,continuous,1000,50,1.0,2,1016475556,0.3,0.5,0.37499999999999994,1.0,10.0,1.0,0.16666666666666666,0.2857142857142857,1.0,1.0,0.6,0.5,0.5454545454545454,1.0,5.0,0.8333333333333334,0.8333333333333334,0.8333333333333334,1.0,6.0,1.0,0.3333333333333333,0.5,1.0,2.0,1.0,0.6666666666666666,0.8,1.0,4.0,complete,
cm2,continuous,1000,50,1.0,3,4021213720,0.375,0.5,0.42857142857142855,1.0,8.0,1.0,0.16666666666666666,0.2857142857142857,1.0,1.0,0.5,0.5,0.5,1.0,6.0,0.8,0.6666666666666666,0.7272727272727272,1.0,5.0,1.0,0.3333333333333333,0.5,1.0,2.0,1.0,0.5,0.6666666666666666,1.0,3.0,complete,
cm2,continuous,1000,50,1.0,4,1330369299,0.3,0.5,0.37499999999999994,1.0,10.0,1.0,0.16666666666666666,0.2857142857142857,1.0,1.0,0.75,0.5,0.6,1.0,4.0,0.8,0.6666666666666666,0.7272727272727272,1.0,5.0,1.0,0.3333333333333333,0.5,1.0,2.0,0.8,0.6666666666666666,0.7272727272727272,1.0,5.0,complete,
cm2,continuous,1000,50,1.0,5,1257161761,0.6,0.5,0.5454545454545454,1.0,5.0,1.0,0.3333333333333333,0.5,1.0,2.0,0.75,0.5,0.6,1.0,4.0,1.0,0.6666666666666666,0.8,1.0,4.0,1.0,0.3333333333333333,0.5,1.0,2.0,1.0,0.5,0.6666666666666666,1.0,3.0,complete,
cm2,continuous,1000,50,1.0,6,1109681213,0.375,0.5,0.42857142857142855,1.0,8.0,1.0,0.16666666666666666,0.2857142857142857,1.0,1.0,1.0,0.5,0.6666666666666666,1.0,3.0,1.0,0.8333333333333334,0.9090909090909091,1.0,5.0,1.0,0.3333333333333333,0.5,1.0,2.0,1.0,0.8333333333333334,0.9090909090909091,1.0,5.0,complete,
cm2,continuous,1000,50,1.0,7,2263076823,0.625,0.8333333333333334,0.7142857142857143,1.0,8.0,1.0,0.16666666666666666,0.2857142857142857,1.0,1.0,0.75,0.5,0.6,1.0,4.0,1.0,0.8333333333333334,0.9090909090909091,1.0,5.0,1.0,0.3333333333333333,0.5,1.0,2.0,1.0,0.8333333333333334,0.9090909090909091,1.0,5.0,complete,
cm2,continuous,1000,50,1.0,8,669296638,0.4444444444444444,0.6666666666666666,0.5333333333333333,1.0,9.0,1.0,0.16666666666666666,0.2857142857142857,1.0,1.0,0.5,0.5,0.5,1.0,6.0,1.0,0.6666666666666666,0.8,1.0,4.0,1.0,0.5,0.6666666666666666,1.0,3.0,1.0,0.5,0.6666666666666666,1.0,3.0,complete,
cm2,continuous,1000,50,1.0,9,2537935075,0.2727272727272727,0.5,0.3529411764705882,1.0,11.0,1.0,0.3333333333333333,0.5,1.0,2.0,0.4,0.3333333333333333,0.3636363636363636,1.0,5.0,0.8,0.6666666666666666,0.7272727272727272,1.0,5.0,1.0,0.3333333333333333,0.5,1.0,2.0,1.0,0.6666666666666666,0.8,1.0,4.0,complete,
cm2,continuous,1000,50,1.0,10,889550143,0.42857142857142855,0.5,0.4615384615384615,1.0,7.0,1.0,0.16666666666666666,0.2857142857142857,1.0,1.0,0.75,0.5,0.6,1.0,4.0,1.0,0.8333333333333334,0.9090909090909091,1.0,5.0,1.0,0.8333333333333334,0.9090909090909091,1.0,5.0,1.0,0.8333333333333334,0.9090909090909091,1.0,5.0,complete,
cm2,continuous,1000,50,1.0,11,293466929,0.375,0.5,0.42857142857142855,1.0,8.0,1.0,0.16666666666666666,0.2857142857142857,1.0,1.0,0.6,0.5,0.5454545454545454,1.0,5.0,0.8333333333333334,0.8333333333333334,0.8333333333333334,1.0,6.0,1.0,0.3333333333333333,0.5,1.0,2.0,0.8333333333333334,0.8333333333333334,0.8333333333333334,1.0,6.0,complete,
cm2,continuous,1000,50,1.0,12,960067693,0.5,0.6666666666666666,0.5714285714285715,1.0,8.0,1.0,0.3333333333333333,0.5,1.0,2.0,1.0,0.6666666666666666,0.8,1.0,4.0,1.0,0.6666666666666666,0.8,1.0,4.0,1.0,0.3333333333333333,0.5,1.0,2.0,1.0,0.5,0.6666666666666666,1.0,3.0,complete,
cm2,continuous,1000,50,1.0,13,1367899162,0.6666666666666666,0.6666666666666666,0.6666666666666666,1.0,6.0,1.0,0.16666666666666666,0.2857142857142857,1.0,1.0,1.0,0.5,0.6666666666666666,1.0,3.0,1.0,0.8333333333333334,0.9090909090909091,1.0,5.0,1.0,0.3333333333333333,0.5,1.0,2.0,1.0,0.8333333333333334,0.9090909090909091,1.0,5.0,complete,
cm2,continuous,1000,50,1.0,14,1583305231,0.5555555555555556,0.8333333333333334,0.6666666666666667,1.0,9.0,1.0,0.3333333333333333,0.5,1.0,2.0,1.0,0.5,0.6666666666666666,1.0,3.0,1.0,0.8333333333333334,0.9090909090909091,1.0,5.0,1.0,0.5,0.6666666666666666,1.0,3.0,1.0,0.8333333333333334,0.9090909090909091,1.0,5.0,complete,
cm2,continuous,1000,50,1.0,15,2886445189,0.3333333333333333,0.5,0.4,1.0,9.0,1.0,0.16666666666666666,0.2857142857142857,1.0,1.0,0.75,0.5,0.6,1.0,4.0,0.8,0.6666666666666666,0.7272727272727272,1.0,5.0,1.0,0.16666666666666666,0.2857142857142857,1.0,1.0,1.0,0.5,0.6666666666666666,1.0,3.0,complete,
cm2,continuous,1000,50,1.0,16,309878891,0.4444444444444444,0.6666666666666666,0.5333333333333333,1.0,9.0,1.0,0.16666666666666666,0.2857142857142857,1.0,1.0,0.6,0.5,0.5454545454545454,1.0,5.0,1.0,0.8333333333333334,0.9090909090909091,1.0,5.0,1.0,0.16666666666666666,0.2857142857142857,1.0,1.0,1.0,0.6666666666666666,0.8,1.0,4.0,complete,
cm2,continuous,1000,50,1.0,17,2800686093,0.5,0.6666666666666666,0.5714285714285715,1.0,8.0,1.0,0.16666666666666666,0.2857142857142857,1.0,1.0,0.6666666666666666,0.6666666666666666,0.6666666666666666,1.0,6.0,1.0,0.8333333333333334,0.9090909090909091,1.0,5.0,1.0,0.3333333333333333,0.5,1.0,2.0,1.0,0.8333333333333334,0.9090909090909091,1.0,5.0,complete,
cm2,continuous,1000,50,1.0,18,2560364408,0.4444444444444444,0.6666666666666666,0.5333333333333333,1.0,9.0,1.0,0.16666666666666666,0.2857142857142857,1.0,1.0,0.75,0.5,0.6,1.0,4.0,1.0,0.8333333333333334,0.9090909090909091,1.0,5.0,1.0,0.3333333333333333,0.5,1.0,2.0,1.0,0.8333333333333334,0.9090909090909091,1.0,5.0,complete,
cm2,continuous,1000,50,1.0,19,3757139533,0.2727272727272727,0.5,0.3529411764705882,1.0,11.0,1.0,0.16666666666666666,0.2857142857142857,1.0,1.0,0.75,0.5,0.6,1.0,4.0,0.8333333333333334,0.8333333333333334,0.8333333333333334,1.0,6.0,1.0,0.16666666666666666,0.2857142857142857,1.0,1.0,1.0,0.6666666666666666,0.8,1.0,4.0,complete,
cm2,continuous,1000,50,1.0,20,1739712408,0.5714285714285714,0.6666666666666666,0.6153846153846153,1.0,7.0,1.0,0.16666666666666666,0.2857142857142857,1.0,1.0,0.75,0.5,0.6,1.0,4.0,1.0,0.8333333333333334,0.9090909090909091,1.0,5.0,1.0,0.5,0.6666666666666666,1.0,3.0,1.0,0.8333333333333334,0.9090909090909091,1.0,5.0,complete,
cm2,continuous,1000,50,1.0,21,2162271916,0.3,0.5,0.37499999999999994,1.0,10.0,1.0,0.16666666666666666,0.2857142857142857,1.0,1.0,0.6,0.5,0.5454545454545454,1.0,5.0,1.0,0.8333333333333334,0.9090909090909091,1.0,5.0,1.0,0.3333333333333333,0.5,1.0,2.0,1.0,0.8333333333333334,0.9090909090909091,1.0,5.0,complete,
cm2,continuous,1000,50,1.0,22,4087274701,0.5,0.5,0.5,1.0,6.0,1.0,0.16666666666666666,0.2857142857142857,1.0,1.0,1.0,0.5,0.6666666666666666,1.0,3.0,1.0,0.8333333333333334,0.9090909090909091,1.0,5.0,1.0,0.3333333333333333,0.5,1.0,2.0,1.0,0.8333333333333334,0.9090909090909091,1.0,5.0,complete,
cm2,continuous,1000,50,1.0,23,124077320,0.3333333333333333,0.6666666666666666,0.4444444444444444,1.0,12.0,1.0,0.16666666666666666,0.2857142857142857,1.0,1.0,0.5,0.6666666666666666,0.5714285714285715,1.0,8.0,0.8333333333333334,0.8333333333333334,0.8333333333333334,1.0,6.0,1.0,0.5,0.6666666666666666,1.0,3.0,1.0,0.6666666666666666,0.8,1.0,4.0,complete,
cm2,continuous,1000,50,1.0,24,1370770641,0.5,0.6666666666666666,0.5714285714285715,1.0,8.0,0.0,0.0,0.0,1.0,0.0,0.8,0.6666666666666666,0.7272727272727272,1.0,5.0,1.0,0.6666666666666666,0.8,1.0,4.0,1.0,0.3333333333333333,0.5,1.0,2.0,1.0,0.6666666666666666,0.8,1.0,4.0,complete,
cm2,continuous,1000,50,1.0,25,632699023,0.3333333333333333,0.6666666666666666,0.4444444444444444,1.0,12.0,1.0,0.16666666666666666,0.2857142857142857,1.0,1.0,1.0,0.6666666666666666,0.8,1.0,4.0,0.8333333333333334,0.8333333333333334,0.8333333333333334,1.0,6.0,1.0,0.3333333333333333,0.5,1.0,2.0,1.0,0.6666666666666666,0.8,1.0,4.0,complete,
cm2,continuous,1000,50,1.0,26,2585002707,0.4444444444444444,0.6666666666666666,0.5333333333333333,1.0,9.0,1.0,0.16666666666666666,0.2857142857142857,1.0,1.0,1.0,0.6666666666666666,0.8,1.0,4.0,0.8333333333333334,0.8333333333333334,0.8333333333333334,1.0,6.0,1.0,0.3333333333333333,0.5,1.0,2.0,1.0,0.6666666666666666,0.8,1.0,4.0,complete,
cm2,continuous,1000,50,1.0,27,3366693472,0.2857142857142857,0.3333333333333333,0.30769230769230765,1.0,7.0,0.0,0.0,0.0,1.0,0.0,0.6666666666666666,0.3333333333333333,0.4444444444444444,1.0,3.0,0.8,0.6666666666666666,0.7272727272727272,1.0,5.0,1.0,0.16666666666666666,0.2857142857142857,1.0,1.0,1.0,0.6666666666666666,0.8,1.0,4.0,complete,
cm2,continuous,1000,50,1.0,28,2744359539,0.3333333333333333,0.5,0.4,1.0,9.0,1.0,0.16666666666666666,0.2857142857142857,1.0,1.0,1.0,0.5,0.6666666666666666,1.0,3.0,1.0,0.8333333333333334,0.9090909090909091,1.0,5.0,1.0,0.5,0.6666666666666666,1.0,3.0,1.0,0.8333333333333334,0.9090909090909091,1.0,5.0,complete,
cm2,continuous,1000,50,1.0,29,4070661407,0.5,0.5,0.5,1.0,6.0,1.0,0.3333333333333333,0.5,1.0,2.0,1.0,0.5,0.6666666666666666,1.0,3.0,1.0,0.8333333333333334,0.9090909090909091,1.0,5.0,1.0,0.5,0.6666666666666666,1.0,3.0,1.0,0.6666666666666666,0.8,1.0,4.0,complete,
cm2,continuous,1000,50,1.0,30,765973923,0.45454545454545453,0.8333333333333334,0.5882352941176471,1.0,11.0,1.0,0.16666666666666666,0.2857142857142857,1.0,1.0,0.6666666666666666,0.6666666666666666,0.6666666666666666,1.0,6.0,0.8571428571428571,1.0,0.923076923076923,0.0,7.0,1.0,0.3333333333333333,0.5,1.0,2.0,1.0,0.8333333333333334,0.9090909090909091,1.0,5.0,complete,
cm2,continuous,1000,50,1.0,31,1779570831,0.4444444444444444,0.6666666666666666,0.5333333333333333,1.0,9.0,1.0,0.3333333333333333,0.5,1.0,2.0,1.0,0.5,0.6666666666666666,1.0,3.0,1.0,0.8333333333333334,0.9090909090909091,1.0,5.0,1.0,0.5,0.6666666666666666,1.0,3.0,1.0,0.8333333333333334,0.9090909090909091,1.0,5.0,complete,
cm2,continuous,1000,50,1.0,32,995332349,0.8,0.6666666666666666,0.7272727272727272,1.0,5.0,1.0,0.3333333333333333,0.5,1.0,2.0,1.0,0.5,0.6666666666666666,1.0,3.0,1.0,0.8333333333333334,0.9090909090909091,1.0,5.0,1.0,0.3333333333333333,0.5,1.0,2.0,1.0,0.8333333333333334,0.9090909090909091,1.0,5.0,complete,
cm2,continuous,1000,50,1.0,33,2354986977,0.4,0.6666666666666666,0.5,1.0,10.0,1.0,0.3333333333333333,0.5,1.0,2.0,0.75,0.5,0.6,1.0,4.0,1.0,0.6666666666666666,0.8,1.0,4.0,1.0,0.3333333333333333,0.5,1.0,2.0,1.0,0.6666666666666666,0.8,1.0,4.0,complete,
cm2,continuous,1000,50,1.0,34,2841294401,0.21428571428571427,0.5,0.3,1.0,14.0,1.0,0.3333333333333333,0.5,1.0,2.0,0.75,0.5,0.6,1.0,4.0,0.8333333333333334,0.8333333333333334,0.8333333333333334,1.0,6.0,1.0,0.3333333333333333,0.5,1.0,2.0,1.0,0.8333333333333334,0.9090909090909091,1.0,5.0,complete,
cm2,continuous,1000,50,1.0,35,667686335,0.4,0.6666666666666666,0.5,1.0,10.0,1.0,0.16666666666666666,0.2857142857142857,1.0,1.0,1.0,0.5,0.6666666666666666,1.0,3.0,1.0,0.8333333333333334,0.9090909090909091,1.0,5.0,1.0,0.16666666666666666,0.2857142857142857,1.0,1.0,1.0,0.6666666666666666,0.8,1.0,4.0,complete,
cm2,continuous,1000,50,1.0,36,1313117591,0.5,0.5,0.5,1.0,6.0,1.0,0.16666666666666666,0.2857142857142857,1.0,1.0,1.0,0.5,0.6666666666666666,1.0,3.0,1.0,0.8333333333333334,0.9090909090909091,1.0,5.0,1.0,0.6666666666666666,0.8,1.0,4.0,1.0,0.6666666666666666,0.8,1.0,4.0,complete,
cm2,continuous,1000,50,1.0,37,645906114,0.3,0.5,0.37499999999999994,1.0,10.0,1.0,0.16666666666666666,0.2857142857142857,1.0,1.0,0.75,0.5,0.6,1.0,4.0,0.8333333333333334,0.8333333333333334,0.8333333333333334,1.0,6.0,1.0,0.3333333333333333,0.5,1.0,2.0,1.0,0.6666666666666666,0.8,1.0,4.0,complete,
cm2,continuous,1000,50,1.0,38,3314929958,0.2727272727272727,0.5,0.3529411764705882,1.0,11.0,1.0,0.16666666666666666,0.2857142857142857,1.0,1.0,0.5,0.5,0.5,1.0,6.0,0.8333333333333334,0.8333333333333334,0.8333333333333334,1.0,6.0,1.0,0.5,0.6666666666666666,1.0,3.0,0.8333333333333334,0.8333333333333334,0.8333333333333334,1.0,6.0,complete,
cm2,continuous,1000,50,1.0,39,2579374105,0.25,0.5,0.3333333333333333,1.0,12.0,0.5,0.16666666666666666,0.25,1.0,2.0,0.6666666666666666,0.3333333333333333,0.4444444444444444,1.0,3.0,0.8,0.6666666666666666,0.7272727272727272,1.0,5.0,1.0,0.3333333333333333,0.5,1.0,2.0,0.75,0.5,0.6,1.0,4.0,complete,
cm2,continuous,1000,50,1.0,40,3766754042,0.3,0.5,0.37499999999999994,1.0,10.0,1.0,0.16666666666666666,0.2857142857142857,1.0,1.0,0.6,0.5,0.5454545454545454,1.0,5.0,1.0,0.8333333333333334,0.9090909090909091,1.0,5.0,1.0,0.3333333333333333,0.5,1.0,2.0,1.0,0.8333333333333334,0.9090909090909091,1.0,5.0,complete,
cm2,continuous,1000,50,1.0,41,803964298,0.42857142857142855,0.5,0.4615384615384615,1.0,7.0,1.0,0.3333333333333333,0.5,1.0,2.0,0.6,0.5,0.5454545454545454,1.0,5.0,1.0,0.8333333333333334,0.9090909090909091,1.0,5.0,1.0,0.5,0.6666666666666666,1.0,3.0,1.0,0.8333333333333334,0.9090909090909091,1.0,5.0,complete,
cm2,continuous,1000,50,1.0,42,3536502687,0.5714285714285714,0.6666666666666666,0.6153846153846153,1.0,7.0,1.0,0.16666666666666666,0.2857142857142857,1.0,1.0,1.0,0.5,0.6666666666666666,1.0,3.0,1.0,0.8333333333333334,0.9090909090909091,1.0,5.0,1.0,0.5,0.6666666666666666,1.0,3.0,1.0,0.8333333333333334,0.9090909090909091,1.0,5.0,complete,
cm2,continuous,1000,50,1.0,43,4040792803,0.3,0.5,0.37499999999999994,1.0,10.0,1.0,0.16666666666666666,0.2857142857142857,1.0,1.0,0.6,0.5,0.5454545454545454,1.0,5.0,1.0,0.8333333333333334,0.9090909090909091,1.0,5.0,1.0,0.3333333333333333,0.5,1.0,2.0,1.0,0.6666666666666666,0.8,1.0,4.0,complete,
cm2,continuous,1000,50,1.0,44,2810176954,0.5,0.5,0.5,1.0,6.0,1.0,0.16666666666666666,0.2857142857142857,1.0,1.0,0.6,0.5,0.5454545454545454,1.0,5.0,1.0,0.8333333333333334,0.9090909090909091,1.0,5.0,1.0,0.5,0.6666666666666666,1.0,3.0,1.0,0.6666666666666666,0.8,1.0,4.0,complete,
cm2,continuous,1000,50,1.0,45,2203035854,0.3,0.5,0.37499999999999994,1.0,10.0,1.0,0.3333333333333333,0.5,1.0,2.0,0.5,0.5,0.5,1.0,6.0,1.0,0.6666666666666666,0.8,1.0,4.0,1.0,0.3333333333333333,0.5,1.0,2.0,1.0,0.5,0.6666666666666666,1.0,3.0,complete,
cm2,continuous,1000,50,1.0,46,1509240685,0.4444444444444444,0.6666666666666666,0.5333333333333333,1.0,9.0,1.0,0.16666666666666666,0.2857142857142857,1.0,1.0,1.0,0.6666666666666666,0.8,1.0,4.0,1.0,0.8333333333333334,0.9090909090909091,1.0,5.0,1.0,0.3333333333333333,0.5,1.0,2.0,1.0,0.8333333333333334,0.9090909090909091,1.0,5.0,complete,
cm2,continuous,1000,50,1.0,47,501359645,0.5,0.6666666666666666,0.5714285714285715,1.0,8.0,1.0,0.16666666666666666,0.2857142857142857,1.0,1.0,1.0,0.5,0.6666666666666666,1.0,3.0,1.0,0.8333333333333334,0.9090909090909091,1.0,5.0,1.0,0.3333333333333333,0.5,1.0,2.0,1.0,0.8333333333333334,0.9090909090909091,1.0,5.0,complete,
cm2,continuous,1000,50,1.0,48,2234430895,0.3,0.5,0.37499999999999994,1.0,10.0,1.0,0.3333333333333333,0.5,1.0,2.0,0.75,0.5,0.6,1.0,4.0,1.0,0.8333333333333334,0.9090909090909091,1.0,5.0,1.0,0.5,0.6666666666666666,1.0,3.0,1.0,0.8333333333333334,0.9090909090909091,1.0,5.0,complete,
cm2,continuous,1000,50,1.0,49,2449543401,0.375,0.5,0.42857142857142855,1.0,8.0,1.0,0.3333333333333333,0.5,1.0,2.0,0.6,0.5,0.5454545454545454,1.0,5.0,1.0,0.8333333333333334,0.9090909090909091,1.0,5.0,1.0,0.5,0.6666666666666666,1.0,3.0,1.0,0.8333333333333334,0.9090909090909091,1.0,5.0,complete,
cm2,continuous,1000,50,1.0,50,482147593,0.42857142857142855,0.5,0.4615384615384615,1.0,7.0,1.0,0.16666666666666666,0.2857142857142857,1.0,1.0,1.0,0.5,0.6666666666666666,1.0,3.0,1.0,0.8333333333333334,0.9090909090909091,1.0,5.0,1.0,0.5,0.6666666666666666,1.0,3.0,1.0,0.8333333333333334,0.9090909090909091,1.0,5.0,complete,
cm2,continuous,1000,50,1.0,51,3350298230,0.3333333333333333,0.5,0.4,1.0,9.0,1.0,0.16666666666666666,0.2857142857142857,1.0,1.0,0.6,0.5,0.5454545454545454,1.0,5.0,0.8333333333333334,0.8333333333333334,0.8333333333333334,1.0,6.0,1.0,0.6666666666666666,0.8,1.0,4.0,1.0,0.8333333333333334,0.9090909090909091,1.0,5.0,complete,
cm2,continuous,1000,50,1.0,52,1060600766,0.3,0.5,0.37499999999999994,1.0,10.0,1.0,0.16666666666666666,0.2857142857142857,1.0,1.0,0.75,0.5,0.6,1.0,4.0,1.0,0.8333333333333334,0.9090909090909091,1.0,5.0,1.0,0.16666666666666666,0.2857142857142857,1.0,1.0,1.0,0.6666666666666666,0.8,1.0,4.0,complete,
cm2,continuous,1000,50,1.0,53,4140103519,0.42857142857142855,0.5,0.4615384615384615,1.0,7.0,1.0,0.16666666666666666,0.2857142857142857,1.0,1.0,0.6,0.5,0.5454545454545454,1.0,5.0,1.0,0.8333333333333334,0.9090909090909091,1.0,5.0,1.0,0.3333333333333333,0.5,1.0,2.0,1.0,0.8333333333333334,0.9090909090909091,1.0,5.0,complete,
cm2,continuous,1000,50,1.0,54,675787798,0.3,0.5,0.37499999999999994,1.0,10.0,1.0,0.16666666666666666,0.2857142857142857,1.0,1.0,1.0,0.5,0.6666666666666666,1.0,3.0,0.75,0.5,0.6,1.0,4.0,1.0,0.3333333333333333,0.5,1.0,2.0,1.0,0.5,0.6666666666666666,1.0,3.0,complete,
cm2,continuous,1000,50,1.0,55,3655300788,0.21428571428571427,0.5,0.3,1.0,14.0,1.0,0.16666666666666666,0.2857142857142857,1.0,1.0,0.42857142857142855,0.5,0.4615384615384615,1.0,7.0,1.0,0.8333333333333334,0.9090909090909091,1.0,5.0,1.0,0.3333333333333333,0.5,1.0,2.0,1.0,0.6666666666666666,0.8,1.0,4.0,complete,
cm2,continuous,1000,50,1.0,56,3766783648,0.4,0.6666666666666666,0.5,1.0,10.0,1.0,0.16666666666666666,0.2857142857142857,1.0,1.0,0.6,0.5,0.5454545454545454,1.0,5.0,1.0,0.8333333333333334,0.9090909090909091,1.0,5.0,1.0,0.3333333333333333,0.5,1.0,2.0,1.0,0.8333333333333334,0.9090909090909091,1.0,5.0,complete,
cm2,continuous,1000,50,1.0,57,3364597233,0.5,0.8333333333333334,0.625,1.0,10.0,1.0,0.16666666666666666,0.2857142857142857,1.0,1.0,1.0,0.5,0.6666666666666666,1.0,3.0,0.8333333333333334,0.8333333333333334,0.8333333333333334,1.0,6.0,1.0,0.3333333333333333,0.5,1.0,2.0,1.0,0.8333333333333334,0.9090909090909091,1.0,5.0,complete,
cm2,continuous,1000,50,1.0,58,1074794115,0.5,0.5,0.5,1.0,6.0,1.0,0.16666666666666666,0.2857142857142857,1.0,1.0,0.75,0.5,0.6,1.0,4.0,1.0,0.8333333333333334,0.9090909090909091,1.0,5.0,1.0,0.3333333333333333,0.5,1.0,2.0,1.0,0.6666666666666666,0.8,1.0,4.0,complete,
cm2,continuous,1000,50,1.0,59,25040312,0.36363636363636365,0.6666666666666666,0.4705882352941177,1.0,11.0,1.0,0.3333333333333333,0.5,1.0,2.0,0.5,0.5,0.5,1.0,6.0,1.0,0.8333333333333334,0.9090909090909091,1.0,5.0,1.0,0.5,0.6666666666666666,1.0,3.0,1.0,0.8333333333333334,0.9090909090909091,1.0,5.0,complete,
cm2,continuous,1000,50,1.0,60,1503063620,0.5,0.5,0.5,1.0,6.0,1.0,0.16666666666666666,0.2857142857142857,1.0,1.0,0.6,0.5,0.5454545454545454,1.0,5.0,1.0,0.8333333333333334,0.9090909090909091,1.0,5.0,1.0,0.16666666666666666,0.2857142857142857,1.0,1.0,1.0,0.6666666666666666,0.8,1.0,4.0,complete,
cm2,continuous,1000,50,1.0,61,1862244042,0.5,0.6666666666666666,0.5714285714285715,1.0,8.0,1.0,0.16666666666666666,0.2857142857142857,1.0,1.0,0.75,0.5,0.6,1.0,4.0,1.0,0.8333333333333334,0.9090909090909091,1.0,5.0,1.0,0.3333333333333333,0.5,1.0,2.0,1.0,0.8333333333333334,0.9090909090909091,1.0,5.0,complete,
cm2,continuous,1000,50,1.0,62,1617539791,0.3333333333333333,0.5,0.4,1.0,9.0,1.0,0.16666666666666666,0.2857142857142857,1.0,1.0,0.75,0.5,0.6,1.0,4.0,1.0,0.8333333333333334,0.9090909090909091,1.0,5.0,1.0,0.3333333333333333,0.5,1.0,2.0,1.0,0.8333333333333334,0.9090909090909091,1.0,5.0,complete,
cm2,continuous,1000,50,1.0,63,1550788870,0.375,0.5,0.42857142857142855,1.0,8.0,1.0,0.3333333333333333,0.5,1.0,2.0,1.0,0.5,0.6666666666666666,1.0,3.0,1.0,0.8333333333333334,0.9090909090909091,1.0,5.0,1.0,0.3333333333333333,0.5,1.0,2.0,1.0,0.8333333333333334,0.9090909090909091,1.0,5.0,complete,
cm2,continuous,1000,50,1.0,64,2105184928,0.4,0.6666666666666666,0.5,1.0,10.0,1.0,0.3333333333333333,0.5,1.0,2.0,1.0,0.5,0.6666666666666666,1.0,3.0,1.0,0.8333333333333334,0.9090909090909091,1.0,5.0,1.0,0.3333333333333333,0.5,1.0,2.0,1.0,0.6666666666666666,0.8,1.0,4.0,complete,
cm2,continuous,1000,50,1.0,65,3206098717,0.375,0.5,0.42857142857142855,1.0,8.0,1.0,0.16666666666666666,0.2857142857142857,1.0,1.0,0.75,0.5,0.6,1.0,4.0,1.0,0.8333333333333334,0.9090909090909091,1.0,5.0,1.0,0.3333333333333333,0.5,1.0,2.0,1.0,0.8333333333333334,0.9090909090909091,1.0,5.0,complete,
cm2,continuous,1000,50,1.0,66,3018610348,0.3,0.5,0.37499999999999994,1.0,10.0,1.0,0.16666666666666666,0.2857142857142857,1.0,1.0,0.5,0.5,0.5,1.0,6.0,0.8333333333333334,0.8333333333333334,0.8333333333333334,1.0,6.0,1.0,0.5,0.6666666666666666,1.0,3.0,1.0,0.8333333333333334,0.9090909090909091,1.0,5.0,complete,
cm2,continuous,1000,50,1.0,67,324849131,0.375,0.5,0.42857142857142855,1.0,8.0,1.0,0.3333333333333333,0.5,1.0,2.0,1.0,0.5,0.6666666666666666,1.0,3.0,0.8333333333333334,0.8333333333333334,0.8333333333333334,1.0,6.0,1.0,0.3333333333333333,0.5,1.0,2.0,1.0,0.8333333333333334,0.9090909090909091,1.0,5.0,complete,
cm2,continuous,1000,50,1.0,68,2832845686,0.3333333333333333,0.5,0.4,1.0,9.0,1.0,0.3333333333333333,0.5,1.0,2.0,1.0,0.5,0.6666666666666666,1.0,3.0,1.0,0.6666666666666666,0.8,1.0,4.0,1.0,0.3333333333333333,0.5,1.0,2.0,1.0,0.5,0.6666666666666666,1.0,3.0,complete,
cm2,continuous,1000,50,1.0,69,2291318064,0.36363636363636365,0.6666666666666666,0.4705882352941177,1.0,11.0,1.0,0.16666666666666666,0.2857142857142857,1.0,1.0,1.0,0.5,0.6666666666666666,1.0,3.0,1.0,0.6666666666666666,0.8,1.0,4.0,1.0,0.5,0.6666666666666666,1.0,3.0,1.0,0.6666666666666666,0.8,1.0,4.0,complete,
cm2,continuous,1000,50,1.0,70,2721662627,0.3333333333333333,0.5,0.4,1.0,9.0,1.0,0.3333333333333333,0.5,1.0,2.0,0.75,0.5,0.6,1.0,4.0,0.8333333333333334,0.8333333333333334,0.8333333333333334,1.0,6.0,1.0,0.3333333333333333,0.5,1.0,2.0,0.8333333333333334,0.8333333333333334,0.8333333333333334,1.0,6.0,complete,
cm2,continuous,1000,50,1.0,71,3151602823,0.4444444444444444,0.6666666666666666,0.5333333333333333,1.0,9.0,1.0,0.16666666666666666,0.2857142857142857,1.0,1.0,0.5,0.5,0.5,1.0,6.0,0.8333333333333334,0.8333333333333334,0.8333333333333334,1.0,6.0,1.0,0.3333333333333333,0.5,1.0,2.0,1.0,0.8333333333333334,0.9090909090909091,1.0,5.0,complete,
cm2,continuous,1000,50,1.0,72,2669229265,0.2727272727272727,0.5,0.3529411764705882,1.0,11.0,0.0,0.0,0.0,1.0,0.0,0.6,0.5,0.5454545454545454,1.0,5.0,1.0,0.8333333333333334,0.9090909090909091,1.0,5.0,1.0,0.3333333333333333,0.5,1.0,2.0,1.0,0.8333333333333334,0.9090909090909091,1.0,5.0,complete,
cm2,continuous,1000,50,1.0,73,3181898152,0.42857142857142855,0.5,0.4615384615384615,1.0,7.0,1.0,0.3333333333333333,0.5,1.0,2.0,0.75,0.5,0.6,1.0,4.0,1.0,0.6666666666666666,0.8,1.0,4.0,1.0,0.3333333333333333,0.5,1.0,2.0,1.0,0.6666666666666666,0.8,1.0,4.0,complete,
cm2,continuous,1000,50,1.0,74,669113983,0.3,0.5,0.37499999999999994,1.0,10.0,1.0,0.16666666666666666,0.2857142857142857,1.0,1.0,1.0,0.3333333333333333,0.5,1.0,2.0,0.6666666666666666,0.6666666666666666,0.6666666666666666,1.0,6.0,1.0,0.3333333333333333,0.5,1.0,2.0,1.0,0.6666666666666666,0.8,1.0,4.0,complete,
cm2,continuous,1000,50,1.0,75,3438161774,0.375,0.5,0.42857142857142855,1.0,8.0,1.0,0.3333333333333333,0.5,1.0,2.0,0.75,0.5,0.6,1.0,4.0,0.8,0.6666666666666666,0.7272727272727272,1.0,5.0,1.0,0.5,0.6666666666666666,1.0,3.0,1.0,0.6666666666666666,0.8,1.0,4.0,complete,
cm2,continuous,1000,50,1.0,76,1897483148,0.36363636363636365,0.6666666666666666,0.4705882352941177,1.0,11.0,1.0,0.3333333333333333,0.5,1.0,2.0,0.6,0.5,0.5454545454545454,1.0,5.0,0.8333333333333334,0.8333333333333334,0.8333333333333334,1.0,6.0,1.0,0.3333333333333333,0.5,1.0,2.0,1.0,0.8333333333333334,0.9090909090909091,1.0,5.0,complete,
cm2,continuous,1000,50,1.0,77,1694000384,0.3,0.5,0.37499999999999994,1.0,10.0,1.0,0.16666666666666666,0.2857142857142857,1.0,1.0,0.75,0.5,0.6,1.0,4.0,0.8333333333333334,0.8333333333333334,0.8333333333333334,1.0,6.0,1.0,0.3333333333333333,0.5,1.0,2.0,1.0,0.8333333333333334,0.9090909090909091,1.0,5.0,complete,
cm2,continuous,1000,50,1.0,78,4217634228,0.36363636363636365,0.6666666666666666,0.4705882352941177,1.0,11.0,1.0,0.3333333333333333,0.5,1.0,2.0,0.8,0.6666666666666666,0.7272727272727272,1.0,5.0,1.0,0.8333333333333334,0.9090909090909091,1.0,5.0,1.0,0.3333333333333333,0.5,1.0,2.0,1.0,0.8333333333333334,0.9090909090909091,1.0,5.0,complete,
cm2,continuous,1000,50,1.0,79,766229222,0.3,0.5,0.37499999999999994,1.0,10.0,1.0,0.16666666666666666,0.2857142857142857,1.0,1.0,0.6,0.5,0.5454545454545454,1.0,5.0,1.0,0.8333333333333334,0.9090909090909091,1.0,5.0,1.0,0.16666666666666666,0.2857142857142857,1.0,1.0,1.0,0.8333333333333334,0.9090909090909091,1.0,5.0,complete,
cm2,continuous,1000,50,1.0,80,2478458785,0.36363636363636365,0.6666666666666666,0.4705882352941177,1.0,11.0,1.0,0.16666666666666666,0.2857142857142857,1.0,1.0,0.75,0.5,0.6,1.0,4.0,0.7142857142857143,0.8333333333333334,0.7692307692307692,1.0,7.0,1.0,0.3333333333333333,0.5,1.0,2.0,1.0,0.6666666666666666,0.8,1.0,4.0,complete,
cm2,continuous,1000,50,1.0,81,3793788863,0.5,0.5,0.5,1.0,6.0,1.0,0.16666666666666666,0.2857142857142857,1.0,1.0,1.0,0.5,0.6666666666666666,1.0,3.0,1.0,0.8333333333333334,0.9090909090909091,1.0,5.0,1.0,0.3333333333333333,0.5,1.0,2.0,1.0,0.8333333333333334,0.9090909090909091,1.0,5.0,complete,
cm2,continuous,1000,50,1.0,82,368918721,0.6,0.5,0.5454545454545454,1.0,5.0,1.0,0.16666666666666666,0.2857142857142857,1.0,1.0,0.6,0.5,0.5454545454545454,1.0,5.0,1.0,0.8333333333333334,0.9090909090909091,1.0,5.0,1.0,0.3333333333333333,0.5,1.0,2.0,1.0,0.8333333333333334,0.9090909090909091,1.0,5.0,complete,
cm2,continuous,1000,50,1.0,83,2886481552,0.25,0.5,0.3333333333333333,1.0,12.0,1.0,0.16666666666666666,0.2857142857142857,1.0,1.0,0.375,0.5,0.42857142857142855,1.0,8.0,1.0,0.6666666666666666,0.8,1.0,4.0,1.0,0.3333333333333333,0.5,1.0,2.0,1.0,0.6666666666666666,0.8,1.0,4.0,complete,
cm2,continuous,1000,50,1.0,84,3884223765,0.375,0.5,0.42857142857142855,1.0,8.0,1.0,0.3333333333333333,0.5,1.0,2.0,0.6666666666666666,0.3333333333333333,0.4444444444444444,1.0,3.0,1.0,0.8333333333333334,0.9090909090909091,1.0,5.0,1.0,0.5,0.6666666666666666,1.0,3.0,1.0,0.8333333333333334,0.9090909090909091,1.0,5.0,complete,
cm2,continuous,1000,50,1.0,85,1034377470,0.3333333333333333,0.5,0.4,1.0,9.0,1.0,0.3333333333333333,0.5,1.0,2.0,1.0,0.5,0.6666666666666666,1.0,3.0,1.0,0.8333333333333334,0.9090909090909091,1.0,5.0,1.0,0.5,0.6666666666666666,1.0,3.0,1.0,0.8333333333333334,0.9090909090909091,1.0,5.0,complete,
cm2,continuous,1000,50,1.0,86,2750974838,0.375,0.5,0.42857142857142855,1.0,8.0,1.0,0.3333333333333333,0.5,1.0,2.0,0.75,0.5,0.6,1.0,4.0,1.0,0.6666666666666666,0.8,1.0,4.0,1.0,0.3333333333333333,0.5,1.0,2.0,1.0,0.6666666666666666,0.8,1.0,4.0,complete,
cm2,continuous,1000,50,1.0,87,2495064551,0.3,0.5,0.37499999999999994,1.0,10.0,1.0,0.3333333333333333,0.5,1.0,2.0,0.6,0.5,0.5454545454545454,1.0,5.0,1.0,1.0,1.0,0.0,6.0,1.0,0.3333333333333333,0.5,1.0,2.0,1.0,0.8333333333333334,0.9090909090909091,1.0,5.0,complete,
cm2,continuous,1000,50,1.0,88,3922213217,0.4444444444444444,0.6666666666666666,0.5333333333333333,1.0,9.0,1.0,0.16666666666666666,0.2857142857142857,1.0,1.0,0.8,0.6666666666666666,0.7272727272727272,1.0,5.0,1.0,0.8333333333333334,0.9090909090909091,1.0,5.0,1.0,0.3333333333333333,0.5,1.0,2.0,1.0,0.8333333333333334,0.9090909090909091,1.0,5.0,complete,
cm2,continuous,1000,50,1.0,89,4086353242,0.42857142857142855,0.5,0.4615384615384615,1.0,7.0,1.0,0.16666666666666666,0.2857142857142857,1.0,1.0,1.0,0.5,0.6666666666666666,1.0,3.0,1.0,0.8333333333333334,0.9090909090909091,1.0,5.0,1.0,0.3333333333333333,0.5,1.0,2.0,1.0,0.6666666666666666,0.8,1.0,4.0,complete,
cm2,continuous,1000,50,1.0,90,647491443,0.8,0.6666666666666666,0.7272727272727272,1.0,5.0,1.0,0.16666666666666666,0.2857142857142857,1.0,1.0,1.0,0.5,0.6666666666666666,1.0,3.0,1.0,0.8333333333333334,0.9090909090909091,1.0,5.0,1.0,0.3333333333333333,0.5,1.0,2.0,1.0,0.8333333333333334,0.9090909090909091,1.0,5.0,complete,
cm2,continuous,1000,50,1.0,91,3987651775,0.3333333333333333,0.5,0.4,1.0,9.0,1.0,0.16666666666666666,0.2857142857142857,1.0,1.0,1.0,0.5,0.6666666666666666,1.0,3.0,0.8333333333333334,0.8333333333333334,0.8333333333333334,1.0,6.0,1.0,0.16666666666666666,0.2857142857142857,1.0,1.0,0.8333333333333334,0.8333333333333334,0.8333333333333334,1.0,6.0,complete,
cm2,continuous,1000,50,1.0,92,436675008,0.5714285714285714,0.6666666666666666,0.6153846153846153,1.0,7.0,1.0,0.16666666666666666,0.2857142857142857,1.0,1.0,1.0,0.5,0.6666666666666666,1.0,3.0,1.0,0.8333333333333334,0.9090909090909091,1.0,5.0,1.0,0.6666666666666666,0.8,1.0,4.0,1.0,0.8333333333333334,0.9090909090909091,1.0,5.0,complete,
cm2,continuous,1000,50,1.0,93,1632178772,0.3,0.5,0.37499999999999994,1.0,10.0,1.0,0.3333333333333333,0.5,1.0,2.0,0.75,0.5,0.6,1.0,4.0,1.0,0.8333333333333334,0.9090909090909091,1.0,5.0,1.0,0.3333333333333333,0.5,1.0,2.0,1.0,0.8333333333333334,0.9090909090909091,1.0,5.0,complete,
cm2,continuous,1000,50,1.0,94,2250684198,0.42857142857142855,0.5,0.4615384615384615,1.0,7.0,1.0,0.16666666666666666,0.2857142857142857,1.0,1.0,0.75,0.5,0.6,1.0,4.0,0.8333333333333334,0.8333333333333334,0.8333333333333334,1.0,6.0,1.0,0.3333333333333333,0.5,1.0,2.0,0.8,0.6666666666666666,0.7272727272727272,1.0,5.0,complete,
cm2,continuous,1000,50,1.0,95,2018238162,0.25,0.5,0.3333333333333333,1.0,12.0,1.0,0.3333333333333333,0.5,1.0,2.0,0.42857142857142855,0.5,0.4615384615384615,1.0,7.0,1.0,0.8333333333333334,0.9090909090909091,1.0,5.0,1.0,0.3333333333333333,0.5,1.0,2.0,1.0,0.6666666666666666,0.8,1.0,4.0,complete,
cm2,continuous,1000,50,1.0,96,2382462911,0.3333333333333333,0.6666666666666666,0.4444444444444444,1.0,12.0,1.0,0.16666666666666666,0.2857142857142857,1.0,1.0,0.8,0.6666666666666666,0.7272727272727272,1.0,5.0,1.0,0.8333333333333334,0.9090909090909091,1.0,5.0,1.0,0.16666666666666666,0.2857142857142857,1.0,1.0,1.0,0.8333333333333334,0.9090909090909091,1.0,5.0,complete,
cm2,continuous,1000,50,1.0,97,1033460451,0.5,0.5,0.5,1.0,6.0,1.0,0.3333333333333333,0.5,1.0,2.0,1.0,0.5,0.6666666666666666,1.0,3.0,1.0,0.8333333333333334,0.9090909090909091,1.0,5.0,1.0,0.3333333333333333,0.5,1.0,2.0,1.0,0.8333333333333334,0.9090909090909091,1.0,5.0,complete,
cm2,continuous,1000,50,1.0,98,740749621,0.2727272727272727,0.5,0.3529411764705882,1.0,11.0,1.0,0.16666666666666666,0.2857142857142857,1.0,1.0,0.6,0.5,0.5454545454545454,1.0,5.0,0.6666666666666666,0.6666666666666666,0.6666666666666666,1.0,6.0,1.0,0.3333333333333333,0.5,1.0,2.0,0.8,0.6666666666666666,0.7272727272727272,1.0,5.0,complete,
cm2,continuous,1000,50,1.0,99,4244994801,0.5,0.5,0.5,1.0,6.0,1.0,0.16666666666666666,0.2857142857142857,1.0,1.0,0.75,0.5,0.6,1.0,4.0,0.8333333333333334,0.8333333333333334,0.8333333333333334,1.0,6.0,1.0,0.3333333333333333,0.5,1.0,2.0,1.0,0.8333333333333334,0.9090909090909091,1.0,5.0,complete,
cm2,continuous,1000,50,10.0,0,601487934,0.3,0.5,0.37499999999999994,1.0,10.0,1.0,0.16666666666666666,0.2857142857142857,1.0,1.0,0.5,0.3333333333333333,0.4,1.0,4.0,0.8,0.6666666666666666,0.7272727272727272,1.0,5.0,0.6666666666666666,0.3333333333333333,0.4444444444444444,1.0,3.0,0.75,0.5,0.6,1.0,4.0,complete,
cm2,continuous,1000,50,10.0,1,1036281224,0.4,0.6666666666666666,0.5,1.0,10.0,0.0,0.0,0.0,1.0,0.0,1.0,0.5,0.6666666666666666,1.0,3.0,0.5555555555555556,0.8333333333333334,0.6666666666666667,1.0,9.0,1.0,0.3333333333333333,0.5,1.0,2.0,0.8,0.6666666666666666,0.7272727272727272,1.0,5.0,complete,
cm2,continuous,1000,50,10.0,2,310042201,0.16666666666666666,0.3333333333333333,0.2222222222222222,1.0,12.0,0.0,0.0,0.0,1.0,0.0,0.4,0.3333333333333333,0.3636363636363636,1.0,5.0,0.4,0.6666666666666666,0.5,1.0,10.0,1.0,0.16666666666666666,0.2857142857142857,1.0,1.0,0.8,0.6666666666666666,0.7272727272727272,1.0,5.0,complete,
cm2,continuous,1000,50,10.0,3,2847672938,0.18181818181818182,0.3333333333333333,0.23529411764705885,1.0,11.0,1.0,0.3333333333333333,0.5,1.0,2.0,0.5,0.3333333333333333,0.4,1.0,4.0,0.8333333333333334,0.8333333333333334,0.8333333333333334,1.0,6.0,1.0,0.3333333333333333,0.5,1.0,2.0,1.0,0.6666666666666666,0.8,1.0,4.0,complete,
cm2,continuous,1000,50,10.0,4,1957431886,0.2727272727272727,0.5,0.3529411764705882,1.0,11.0,1.0,0.16666666666666666,0.2857142857142857,1.0,1.0,0.6666666666666666,0.3333333333333333,0.4444444444444444,1.0,3.0,0.6666666666666666,0.6666666666666666,0.6666666666666666,1.0,6.0,1.0,0.3333333333333333,0.5,1.0,2.0,0.8,0.6666666666666666,0.7272727272727272,1.0,5.0,complete,
cm2,continuous,1000,50,10.0,5,322679859,0.2222222222222222,0.3333333333333333,0.26666666666666666,1.0,9.0,0.0,0.0,0.0,1.0,0.0,0.3333333333333333,0.16666666666666666,0.2222222222222222,1.0,3.0,0.625,0.8333333333333334,0.7142857142857143,1.0,8.0,1.0,0.16666666666666666,0.2857142857142857,1.0,1.0,0.6,0.5,0.5454545454545454,1.0,5.0,complete,
cm2,continuous,1000,50,10.0,6,651612676,0.18181818181818182,0.3333333333333333,0.23529411764705885,1.0,11.0,1.0,0.16666666666666666,0.2857142857142857,1.0,1.0,0.3333333333333333,0.3333333333333333,0.3333333333333333,1.0,6.0,0.5714285714285714,0.6666666666666666,0.6153846153846153,1.0,7.0,1.0,0.16666666666666666,0.2857142857142857,1.0,1.0,0.8,0.6666666666666666,0.7272727272727272,1.0,5.0,complete,
cm2,continuous,1000,50,10.0,7,1406118210,0.25,0.3333333333333333,0.28571428571428575,1.0,8.0,1.0,0.16666666666666666,0.2857142857142857,1.0,1.0,0.5,0.16666666666666666,0.25,1.0,2.0,0.5714285714285714,0.6666666666666666,0.6153846153846153,1.0,7.0,1.0,0.16666666666666666,0.2857142857142857,1.0,1.0,0.5,0.3333333333333333,0.4,1.0,4.0,complete,
cm2,continuous,1000,50,10.0,8,3880289530,0.2857142857142857,0.3333333333333333,0.30769230769230765,1.0,7.0,1.0,0.16666666666666666,0.2857142857142857,1.0,1.0,1.0,0.16666666666666666,0.2857142857142857,1.0,1.0,0.6666666666666666,0.6666666666666666,0.6666666666666666,1.0,6.0,1.0,0.3333333333333333,0.5,1.0,2.0,1.0,0.6666666666666666,0.8,1.0,4.0,complete,
cm2,continuous,1000,50,10.0,9,463851823,0.3,0.5,0.37499999999999994,1.0,10.0,1.0,0.16666666666666666,0.2857142857142857,1.0,1.0,0.4,0.3333333333333333,0.3636363636363636,1.0,5.0,0.8333333333333334,0.8333333333333334,0.8333333333333334,1.0,6.0,1.0,0.3333333333333333,0.5,1.0,2.0,1.0,0.5,0.6666666666666666,1.0,3.0,complete,
cm2,continuous,1000,50,10.0,10,4065944481,0.3,0.5,0.37499999999999994,1.0,10.0,0.0,0.0,0.0,1.0,0.0,1.0,0.3333333333333333,0.5,1.0,2.0,0.8333333333333334,0.8333333333333334,0.8333333333333334,1.0,6.0,1.0,0.16666666666666666,0.2857142857142857,1.0,1.0,1.0,0.8333333333333334,0.9090909090909091,1.0,5.0,complete,
cm2,continuous,1000,50,10.0,11,3741185515,0.3333333333333333,0.5,0.4,1.0,9.0,0.0,0.0,0.0,1.0,0.0,0.4,0.3333333333333333,0.3636363636363636,1.0,5.0,0.7142857142857143,0.8333333333333334,0.7692307692307692,1.0,7.0,1.0,0.16666666666666666,0.2857142857142857,1.0,1.0,0.8,0.6666666666666666,0.7272727272727272,1.0,5.0,complete,
cm2,continuous,1000,50,10.0,12,746947134,0.23076923076923078,0.5,0.3157894736842105,1.0,13.0,1.0,0.3333333333333333,0.5,1.0,2.0,0.5,0.3333333333333333,0.4,1.0,4.0,0.6,0.5,0.5454545454545454,1.0,5.0,1.0,0.3333333333333333,0.5,1.0,2.0,0.6,0.5,0.5454545454545454,1.0,5.0,complete,
cm2,continuous,1000,50,10.0,13,1758326615,0.4,0.3333333333333333,0.3636363636363636,1.0,5.0,1.0,0.16666666666666666,0.2857142857142857,1.0,1.0,0.6666666666666666,0.3333333333333333,0.4444444444444444,1.0,3.0,0.75,0.5,0.6,1.0,4.0,1.0,0.16666666666666666,0.2857142857142857,1.0,1.0,0.75,0.5,0.6,1.0,4.0,complete,
cm2,continuous,1000,50,10.0,14,3254518842,0.2,0.3333333333333333,0.25,1.0,10.0,0.0,0.0,0.0,1.0,0.0,0.25,0.16666666666666666,0.2,1.0,4.0,0.6666666666666666,0.6666666666666666,0.6666666666666666,1.0,6.0,1.0,0.3333333333333333,0.5,1.0,2.0,0.6,0.5,0.5454545454545454,1.0,5.0,complete,
cm2,continuous,1000,50,10.0,15,3575581401,0.2222222222222222,0.3333333333333333,0.26666666666666666,1.0,9.0,0.0,0.0,0.0,1.0,0.0,0.5,0.16666666666666666,0.25,1.0,2.0,0.8,0.6666666666666666,0.7272727272727272,1.0,5.0,1.0,0.16666666666666666,0.2857142857142857,1.0,1.0,0.75,0.5,0.6,1.0,4.0,complete,
cm2,continuous,1000,50,10.0,16,2500225667,0.2857142857142857,0.3333333333333333,0.30769230769230765,1.0,7.0,1.0,0.16666666666666666,0.2857142857142857,1.0,1.0,0.5,0.16666666666666666,0.25,1.0,2.0,1.0,0.5,0.6666666666666666,1.0,3.0,1.0,0.16666666666666666,0.2857142857142857,1.0,1.0,1.0,0.5,0.6666666666666666,1.0,3.0,complete,
cm2,continuous,1000,50,10.0,17,3667169829,0.18181818181818182,0.3333333333333333,0.23529411764705885,1.0,11.0,0.0,0.0,0.0,1.0,0.0,0.4,0.3333333333333333,0.3636363636363636,1.0,5.0,0.25,0.3333333333333333,0.28571428571428575,1.0,8.0,1.0,0.16666666666666666,0.2857142857142857,1.0,1.0,0.3333333333333333,0.3333333333333333,0.3333333333333333,1.0,6.0,complete,
cm2,continuous,1000,50,10.0,18,3748259556,0.14285714285714285,0.16666666666666666,0.15384615384615383,1.0,7.0,0.0,0.0,0.0,1.0,0.0,0.25,0.16666666666666666,0.2,1.0,4.0,0.4444444444444444,0.6666666666666666,0.5333333333333333,1.0,9.0,1.0,0.16666666666666666,0.2857142857142857,1.0,1.0,0.5714285714285714,0.6666666666666666,0.6153846153846153,1.0,7.0,complete,
cm2,continuous,1000,50,10.0,19,3941416817,0.2,0.3333333333333333,0.25,1.0,10.0,1.0,0.16666666666666666,0.2857142857142857,1.0,1.0,0.5,0.16666666666666666,0.25,1.0,2.0,0.6666666666666666,0.6666666666666666,0.6666666666666666,1.0,6.0,1.0,0.16666666666666666,0.2857142857142857,1.0,1.0,0.8,0.6666666666666666,0.7272727272727272,1.0,5.0,complete,
cm2,continuous,1000,50,10.0,20,1443361210,0.3,0.5,0.37499999999999994,1.0,10.0,0.0,0.0,0.0,1.0,0.0,1.0,0.5,0.6666666666666666,1.0,3.0,0.8333333333333334,0.8333333333333334,0.8333333333333334,1.0,6.0,1.0,0.16666666666666666,0.2857142857142857,1.0,1.0,1.0,0.8333333333333334,0.9090909090909091,1.0,5.0,complete,
cm2,continuous,1000,50,10.0,21,1414700267,0.2857142857142857,0.3333333333333333,0.30769230769230765,1.0,7.0,1.0,0.16666666666666666,0.2857142857142857,1.0,1.0,0.6666666666666666,0.3333333333333333,0.4444444444444444,1.0,3.0,0.8,0.6666666666666666,0.7272727272727272,1.0,5.0,1.0,0.5,0.6666666666666666,1.0,3.0,0.8,0.6666666666666666,0.7272727272727272,1.0,5.0,complete,
cm2,continuous,1000,50,10.0,22,3345476604,0.16666666666666666,0.3333333333333333,0.2222222222222222,1.0,12.0,0.0,0.0,0.0,1.0,0.0,0.5,0.3333333333333333,0.4,1.0,4.0,0.6666666666666666,0.6666666666666666,0.6666666666666666,1.0,6.0,1.0,0.3333333333333333,0.5,1.0,2.0,0.8,0.6666666666666666,0.7272727272727272,1.0,5.0,complete,
cm2,continuous,1000,50,10.0,23,1965657102,0.2857142857142857,0.3333333333333333,0.30769230769230765,1.0,7.0,1.0,0.16666666666666666,0.2857142857142857,1.0,1.0,0.6666666666666666,0.3333333333333333,0.4444444444444444,1.0,3.0,1.0,0.5,0.6666666666666666,1.0,3.0,1.0,0.3333333333333333,0.5,1.0,2.0,1.0,0.5,0.6666666666666666,1.0,3.0,complete,
cm2,continuous,1000,50,10.0,24,2083138122,0.4444444444444444,0.6666666666666666,0.5333333333333333,1.0,9.0,0.0,0.0,0.0,1.0,0.0,0.4,0.3333333333333333,0.3636363636363636,1.0,5.0,0.6666666666666666,0.6666666666666666,0.6666666666666666,1.0,6.0,1.0,0.16666666666666666,0.2857142857142857,1.0,1.0,0.75,0.5,0.6,1.0,4.0,complete,
cm2,continuous,1000,50,10.0,25,1280727417,0.25,0.5,0.3333333333333333,1.0,12.0,0.0,0.0,0.0,1.0,0.0,0.4,0.3333333333333333,0.3636363636363636,1.0,5.0,0.5714285714285714,0.6666666666666666,0.6153846153846153,1.0,7.0,1.0,0.3333333333333333,0.5,1.0,2.0,1.0,0.5,0.6666666666666666,1.0,3.0,complete,
cm2,continuous,1000,50,10.0,26,199441203,0.3333333333333333,0.3333333333333333,0.3333333333333333,1.0,6.0,0.0,0.0,0.0,1.0,0.0,0.6666666666666666,0.3333333333333333,0.4444444444444444,1.0,3.0,0.5555555555555556,0.8333333333333334,0.6666666666666667,1.0,9.0,1.0,0.16666666666666666,0.2857142857142857,1.0,1.0,0.6,0.5,0.5454545454545454,1.0,5.0,complete,
cm2,continuous,1000,50,10.0,27,3783953286,0.1,0.16666666666666666,0.125,1.0,10.0,0.5,0.16666666666666666,0.25,1.0,2.0,0.5,0.16666666666666666,0.25,1.0,2.0,0.5,0.5,0.5,1.0,6.0,1.0,0.16666666666666666,0.2857142857142857,1.0,1.0,0.75,0.5,0.6,1.0,4.0,complete,
cm2,continuous,1000,50,10.0,28,2254614560,0.15384615384615385,0.3333333333333333,0.21052631578947367,1.0,13.0,1.0,0.16666666666666666,0.2857142857142857,1.0,1.0,0.3333333333333333,0.16666666666666666,0.2222222222222222,1.0,3.0,0.5714285714285714,0.6666666666666666,0.6153846153846153,1.0,7.0,1.0,0.16666666666666666,0.2857142857142857,1.0,1.0,0.75,0.5,0.6,1.0,4.0,complete,
cm2,continuous,1000,50,10.0,29,1733882492,0.42857142857142855,0.5,0.4615384615384615,1.0,7.0,1.0,0.16666666666666666,0.2857142857142857,1.0,1.0,1.0,0.5,0.6666666666666666,1.0,3.0,0.8333333333333334,0.8333333333333334,0.8333333333333334,1.0,6.0,1.0,0.5,0.6666666666666666,1.0,3.0,0.8333333333333334,0.8333333333333334,0.8333333333333334,1.0,6.0,complete,
cm2,continuous,1000,50,10.0,30,30356265,0.18181818181818182,0.3333333333333333,0.23529411764705885,1.0,11.0,0.5,0.16666666666666666,0.25,1.0,2.0,0.6666666666666666,0.3333333333333333,0.4444444444444444,1.0,3.0,0.375,0.5,0.42857142857142855,1.0,8.0,1.0,0.3333333333333333,0.5,1.0,2.0,0.6,0.5,0.5454545454545454,1.0,5.0,complete,
cm2,continuous,1000,50,10.0,31,526432940,0.14285714285714285,0.16666666666666666,0.15384615384615383,1.0,7.0,0.0,0.0,0.0,1.0,0.0,0.5,0.16666666666666666,0.25,1.0,2.0,0.5,0.5,0.5,1.0,6.0,1.0,0.3333333333333333,0.5,1.0,2.0,1.0,0.5,0.6666666666666666,1.0,3.0,complete,
cm2,continuous,1000,50,10.0,32,3306835926,0.2,0.3333333333333333,0.25,1.0,10.0,0.0,0.0,0.0,1.0,0.0,0.5,0.3333333333333333,0.4,1.0,4.0,0.6666666666666666,0.6666666666666666,0.6666666666666666,1.0,6.0,1.0,0.5,0.6666666666666666,1.0,3.0,0.8,0.6666666666666666,0.7272727272727272,1.0,5.0,complete,
cm2,continuous,1000,50,10.0,33,582123858,0.125,0.16666666666666666,0.14285714285714288,1.0,8.0,0.0,0.0,0.0,1.0,0.0,0.3333333333333333,0.16666666666666666,0.2222222222222222,1.0,3.0,0.5714285714285714,0.6666666666666666,0.6153846153846153,1.0,7.0,1.0,0.3333333333333333,0.5,1.0,2.0,0.75,0.5,0.6,1.0,4.0,complete,
cm2,continuous,1000,50,10.0,34,2327552090,0.375,0.5,0.42857142857142855,1.0,8.0,1.0,0.16666666666666666,0.2857142857142857,1.0,1.0,0.6666666666666666,0.3333333333333333,0.4444444444444444,1.0,3.0,1.0,0.6666666666666666,0.8,1.0,4.0,1.0,0.3333333333333333,0.5,1.0,2.0,1.0,0.6666666666666666,0.8,1.0,4.0,complete,
cm2,continuous,1000,50,10.0,35,2482044829,0.2222222222222222,0.3333333333333333,0.26666666666666666,1.0,9.0,0.0,0.0,0.0,1.0,0.0,0.5,0.16666666666666666,0.25,1.0,2.0,0.5,0.5,0.5,1.0,6.0,1.0,0.3333333333333333,0.5,1.0,2.0,0.6666666666666666,0.3333333333333333,0.4444444444444444,1.0,3.0,complete,
cm2,continuous,1000,50,10.0,36,335581880,0.25,0.3333333333333333,0.28571428571428575,1.0,8.0,0.0,0.0,0.0,1.0,0.0,0.6666666666666666,0.3333333333333333,0.4444444444444444,1.0,3.0,0.6,0.5,0.5454545454545454,1.0,5.0,1.0,0.3333333333333333,0.5,1.0,2.0,0.75,0.5,0.6,1.0,4.0,complete,
cm2,continuous,1000,50,10.0,37,3875297917,0.25,0.3333333333333333,0.28571428571428575,1.0,8.0,0.0,0.0,0.0,1.0,0.0,0.5,0.3333333333333333,0.4,1.0,4.0,1.0,0.6666666666666666,0.8,1.0,4.0,1.0,0.16666666666666666,0.2857142857142857,1.0,1.0,1.0,0.5,0.6666666666666666,1.0,3.0,complete,
cm2,continuous,1000,50,10.0,38,519038925,0.25,0.5,0.3333333333333333,1.0,12.0,1.0,0.16666666666666666,0.2857142857142857,1.0,1.0,0.5,0.3333333333333333,0.4,1.0,4.0,0.75,0.5,0.6,1.0,4.0,1.0,0.5,0.6666666666666666,1.0,3.0,0.75,0.5,0.6,1.0,4.0,complete,
cm2,continuous,1000,50,10.0,39,32936235,0.2857142857142857,0.3333333333333333,0.30769230769230765,1.0,7.0,0.0,0.0,0.0,1.0,0.0,0.6666666666666666,0.3333333333333333,0.4444444444444444,1.0,3.0,0.5714285714285714,0.6666666666666666,0.6153846153846153,1.0,7.0,1.0,0.3333333333333333,0.5,1.0,2.0,0.8,0.6666666666666666,0.7272727272727272,1.0,5.0,complete,
cm2,continuous,1000,50,10.0,40,3785270135,0.3333333333333333,0.5,0.4,1.0,9.0,1.0,0.3333333333333333,0.5,1.0,2.0,0.75,0.5,0.6,1.0,4.0,0.625,0.8333333333333334,0.7142857142857143,1.0,8.0,1.0,0.3333333333333333,0.5,1.0,2.0,0.6666666666666666,0.6666666666666666,0.6666666666666666,1.0,6.0,complete,
cm2,continuous,1000,50,10.0,41,2181609837,0.3333333333333333,0.5,0.4,1.0,9.0,1.0,0.16666666666666666,0.2857142857142857,1.0,1.0,0.75,0.5,0.6,1.0,4.0,0.8333333333333334,0.8333333333333334,0.8333333333333334,1.0,6.0,1.0,0.5,0.6666666666666666,1.0,3.0,1.0,0.6666666666666666,0.8,1.0,4.0,complete,
cm2,continuous,1000,50,10.0,42,412471215,0.375,0.5,0.42857142857142855,1.0,8.0,0.0,0.0,0.0,1.0,0.0,0.75,0.5,0.6,1.0,4.0,0.7142857142857143,0.8333333333333334,0.7692307692307692,1.0,7.0,1.0,0.3333333333333333,0.5,1.0,2.0,0.8333333333333334,0.8333333333333334,0.8333333333333334,1.0,6.0,complete,
cm2,continuous,1000,50,10.0,43,2398096773,0.23076923076923078,0.5,0.3157894736842105,1.0,13.0,1.0,0.16666666666666666,0.2857142857142857,1.0,1.0,0.75,0.5,0.6,1.0,4.0,0.8,0.6666666666666666,0.7272727272727272,1.0,5.0,1.0,0.16666666666666666,0.2857142857142857,1.0,1.0,1.0,0.5,0.6666666666666666,1.0,3.0,complete,
cm2,continuous,1000,50,10.0,44,361929022,0.6,0.5,0.5454545454545454,1.0,5.0,0.0,0.0,0.0,1.0,0.0,0.75,0.5,0.6,1.0,4.0,0.625,0.8333333333333334,0.7142857142857143,1.0,8.0,1.0,0.16666666666666666,0.2857142857142857,1.0,1.0,0.5,0.3333333333333333,0.4,1.0,4.0,complete,
cm2,continuous,1000,50,10.0,45,1858932659,0.23076923076923078,0.5,0.3157894736842105,1.0,13.0,1.0,0.16666666666666666,0.2857142857142857,1.0,1.0,0.5,0.3333333333333333,0.4,1.0,4.0,0.6666666666666666,0.6666666666666666,0.6666666666666666,1.0,6.0,1.0,0.16666666666666666,0.2857142857142857,1.0,1.0,1.0,0.6666666666666666,0.8,1.0,4.0,complete,
cm2,continuous,1000,50,10.0,46,496703125,0.3,0.5,0.37499999999999994,1.0,10.0,0.0,0.0,0.0,1.0,0.0,0.75,0.5,0.6,1.0,4.0,0.8333333333333334,0.8333333333333334,0.8333333333333334,1.0,6.0,1.0,0.5,0.6666666666666666,1.0,3.0,0.8333333333333334,0.8333333333333334,0.8333333333333334,1.0,6.0,complete,
cm2,continuous,1000,50,10.0,47,2117828534,0.25,0.5,0.3333333333333333,1.0,12.0,0.0,0.0,0.0,1.0,0.0,0.5,0.3333333333333333,0.4,1.0,4.0,0.5714285714285714,0.6666666666666666,0.6153846153846153,1.0,7.0,1.0,0.5,0.6666666666666666,1.0,3.0,1.0,0.6666666666666666,0.8,1.0,4.0,complete,
cm2,continuous,1000,50,10.0,48,1496768844,0.3,0.5,0.37499999999999994,1.0,10.0,0.0,0.0,0.0,1.0,0.0,1.0,0.5,0.6666666666666666,1.0,3.0,0.6666666666666666,0.6666666666666666,0.6666666666666666,1.0,6.0,1.0,0.3333333333333333,0.5,1.0,2.0,1.0,0.6666666666666666,0.8,1.0,4.0,complete,
cm2,continuous,1000,50,10.0,49,2737195381,0.3333333333333333,0.5,0.4,1.0,9.0,1.0,0.16666666666666666,0.2857142857142857,1.0,1.0,0.75,0.5,0.6,1.0,4.0,0.4444444444444444,0.6666666666666666,0.5333333333333333,1.0,9.0,1.0,0.3333333333333333,0.5,1.0,2.0,0.5714285714285714,0.6666666666666666,0.6153846153846153,1.0,7.0,complete,
cm2,continuous,1000,50,10.0,50,2910849261,0.5714285714285714,0.6666666666666666,0.6153846153846153,1.0,7.0,1.0,0.16666666666666666,0.2857142857142857,1.0,1.0,1.0,0.5,0.6666666666666666,1.0,3.0,0.7142857142857143,0.8333333333333334,0.7692307692307692,1.0,7.0,1.0,0.3333333333333333,0.5,1.0,2.0,0.8,0.6666666666666666,0.7272727272727272,1.0,5.0,complete,
cm2,continuous,1000,50,10.0,51,2923533028,0.2727272727272727,0.5,0.3529411764705882,1.0,11.0,0.0,0.0,0.0,1.0,0.0,0.6,0.5,0.5454545454545454,1.0,5.0,0.8,0.6666666666666666,0.7272727272727272,1.0,5.0,1.0,0.16666666666666666,0.2857142857142857,1.0,1.0,0.8,0.6666666666666666,0.7272727272727272,1.0,5.0,complete,
cm2,continuous,1000,50,10.0,52,1445168141,0.18181818181818182,0.3333333333333333,0.23529411764705885,1.0,11.0,0.0,0.0,0.0,1.0,0.0,0.25,0.16666666666666666,0.2,1.0,4.0,0.42857142857142855,0.5,0.4615384615384615,1.0,7.0,1.0,0.16666666666666666,0.2857142857142857,1.0,1.0,0.5,0.3333333333333333,0.4,1.0,4.0,complete,
cm2,continuous,1000,50,10.0,53,3212446505,0.3,0.5,0.37499999999999994,1.0,10.0,1.0,0.16666666666666666,0.2857142857142857,1.0,1.0,0.6,0.5,0.5454545454545454,1.0,5.0,0.8,0.6666666666666666,0.7272727272727272,1.0,5.0,1.0,0.3333333333333333,0.5,1.0,2.0,0.8,0.6666666666666666,0.7272727272727272,1.0,5.0,complete,
cm2,continuous,1000,50,10.0,54,2664105262,0.21428571428571427,0.5,0.3,1.0,14.0,0.0,0.0,0.0,1.0,0.0,0.4,0.3333333333333333,0.3636363636363636,1.0,5.0,0.6666666666666666,0.6666666666666666,0.6666666666666666,1.0,6.0,1.0,0.16666666666666666,0.2857142857142857,1.0,1.0,0.8,0.6666666666666666,0.7272727272727272,1.0,5.0,complete,
cm2,continuous,1000,50,10.0,55,797967616,0.2222222222222222,0.3333333333333333,0.26666666666666666,1.0,9.0,1.0,0.16666666666666666,0.2857142857142857,1.0,1.0,0.5,0.3333333333333333,0.4,1.0,4.0,1.0,0.6666666666666666,0.8,1.0,4.0,1.0,0.3333333333333333,0.5,1.0,2.0,1.0,0.5,0.6666666666666666,1.0,3.0,complete,
cm2,continuous,1000,50,10.0,56,433580408,0.16666666666666666,0.3333333333333333,0.2222222222222222,1.0,12.0,0.0,0.0,0.0,1.0,0.0,0.3333333333333333,0.3333333333333333,0.3333333333333333,1.0,6.0,0.6666666666666666,0.6666666666666666,0.6666666666666666,1.0,6.0,1.0,0.3333333333333333,0.5,1.0,2.0,1.0,0.6666666666666666,0.8,1.0,4.0,complete,
cm2,continuous,1000,50,10.0,57,2586255758,0.42857142857142855,0.5,0.4615384615384615,1.0,7.0,0.0,0.0,0.0,1.0,0.0,0.6666666666666666,0.3333333333333333,0.4444444444444444,1.0,3.0,0.4444444444444444,0.6666666666666666,0.5333333333333333,1.0,9.0,1.0,0.3333333333333333,0.5,1.0,2.0,0.6,0.5,0.5454545454545454,1.0,5.0,complete,
cm2,continuous,1000,50,10.0,58,3578346593,0.3076923076923077,0.6666666666666666,0.42105263157894735,1.0,13.0,0.0,0.0,0.0,1.0,0.0,0.4,0.3333333333333333,0.3636363636363636,1.0,5.0,0.6666666666666666,1.0,0.8,0.0,9.0,1.0,0.3333333333333333,0.5,1.0,2.0,0.6666666666666666,0.6666666666666666,0.6666666666666666,1.0,6.0,complete,
cm2,continuous,1000,50,10.0,59,2324902142,0.375,0.5,0.42857142857142855,1.0,8.0,1.0,0.16666666666666666,0.2857142857142857,1.0,1.0,0.75,0.5,0.6,1.0,4.0,1.0,0.8333333333333334,0.9090909090909091,1.0,5.0,1.0,0.3333333333333333,0.5,1.0,2.0,1.0,0.6666666666666666,0.8,1.0,4.0,complete,
cm2,continuous,1000,50,10.0,60,3819730030,0.18181818181818182,0.3333333333333333,0.23529411764705885,1.0,11.0,0.0,0.0,0.0,1.0,0.0,0.3333333333333333,0.16666666666666666,0.2222222222222222,1.0,3.0,1.0,0.5,0.6666666666666666,1.0,3.0,1.0,0.3333333333333333,0.5,1.0,2.0,1.0,0.3333333333333333,0.5,1.0,2.0,complete,
cm2,continuous,1000,50,10.0,61,1780738112,0.14285714285714285,0.3333333333333333,0.2,1.0,14.0,0.0,0.0,0.0,1.0,0.0,1.0,0.3333333333333333,0.5,1.0,2.0,1.0,0.8333333333333334,0.9090909090909091,1.0,5.0,1.0,0.16666666666666666,0.2857142857142857,1.0,1.0,1.0,0.6666666666666666,0.8,1.0,4.0,complete,
cm2,continuous,1000,50,10.0,62,1435590536,0.42857142857142855,0.5,0.4615384615384615,1.0,7.0,0.0,0.0,0.0,1.0,0.0,1.0,0.3333333333333333,0.5,1.0,2.0,0.8,0.6666666666666666,0.7272727272727272,1.0,5.0,1.0,0.3333333333333333,0.5,1.0,2.0,1.0,0.5,0.6666666666666666,1.0,3.0,complete,
cm2,continuous,1000,50,10.0,63,2466035809,0.2727272727272727,0.5,0.3529411764705882,1.0,11.0,0.0,0.0,0.0,1.0,0.0,0.4,0.3333333333333333,0.3636363636363636,1.0,5.0,0.75,0.5,0.6,1.0,4.0,1.0,0.5,0.6666666666666666,1.0,3.0,0.75,0.5,0.6,1.0,4.0,complete,
cm2,continuous,1000,50,10.0,64,1030872213,0.3333333333333333,0.5,0.4,1.0,9.0,0.5,0.16666666666666666,0.25,1.0,2.0,0.5,0.3333333333333333,0.4,1.0,4.0,0.5,0.6666666666666666,0.5714285714285715,1.0,8.0,1.0,0.16666666666666666,0.2857142857142857,1.0,1.0,0.6,0.5,0.5454545454545454,1.0,5.0,complete,
cm2,continuous,1000,50,10.0,65,1544742603,0.25,0.5,0.3333333333333333,1.0,12.0,1.0,0.16666666666666666,0.2857142857142857,1.0,1.0,0.5,0.3333333333333333,0.4,1.0,4.0,0.6,0.5,0.5454545454545454,1.0,5.0,1.0,0.3333333333333333,0.5,1.0,2.0,0.6666666666666666,0.3333333333333333,0.4444444444444444,1.0,3.0,complete,
cm2,continuous,1000,50,10.0,66,3483701272,0.36363636363636365,0.6666666666666666,0.4705882352941177,1.0,11.0,1.0,0.16666666666666666,0.2857142857142857,1.0,1.0,1.0,0.6666666666666666,0.8,1.0,4.0,0.7142857142857143,0.8333333333333334,0.7692307692307692,1.0,7.0,1.0,0.16666666666666666,0.2857142857142857,1.0,1.0,1.0,0.8333333333333334,0.9090909090909091,1.0,5.0,complete,
cm2,continuous,1000,50,10.0,67,2654958895,0.3,0.5,0.37499999999999994,1.0,10.0,1.0,0.16666666666666666,0.2857142857142857,1.0,1.0,0.75,0.5,0.6,1.0,4.0,1.0,0.8333333333333334,0.9090909090909091,1.0,5.0,1.0,0.3333333333333333,0.5,1.0,2.0,1.0,0.6666666666666666,0.8,1.0,4.0,complete,
cm2,continuous,1000,50,10.0,68,1454346672,0.23076923076923078,0.5,0.3157894736842105,1.0,13.0,1.0,0.16666666666666666,0.2857142857142857,1.0,1.0,0.5,0.3333333333333333,0.4,1.0,4.0,0.625,0.8333333333333334,0.7142857142857143,1.0,8.0,1.0,0.16666666666666666,0.2857142857142857,1.0,1.0,0.8,0.6666666666666666,0.7272727272727272,1.0,5.0,complete,
cm2,continuous,1000,50,10.0,69,824789082,0.25,0.5,0.3333333333333333,1.0,12.0,1.0,0.16666666666666666,0.2857142857142857,1.0,1.0,0.25,0.16666666666666666,0.2,1.0,4.0,0.6,0.5,0.5454545454545454,1.0,5.0,1.0,0.16666666666666666,0.2857142857142857,1.0,1.0,0.75,0.5,0.6,1.0,4.0,complete,
cm2,continuous,1000,50,10.0,70,23025950,0.2727272727272727,0.5,0.3529411764705882,1.0,11.0,0.0,0.0,0.0,1.0,0.0,0.4,0.3333333333333333,0.3636363636363636,1.0,5.0,0.4444444444444444,0.6666666666666666,0.5333333333333333,1.0,9.0,1.0,0.16666666666666666,0.2857142857142857,1.0,1.0,0.5714285714285714,0.6666666666666666,0.6153846153846153,1.0,7.0,complete,
cm2,continuous,1000,50,10.0,71,475735627,0.3,0.5,0.37499999999999994,1.0,10.0,0.0,0.0,0.0,1.0,0.0,0.75,0.5,0.6,1.0,4.0,0.625,0.8333333333333334,0.7142857142857143,1.0,8.0,1.0,0.3333333333333333,0.5,1.0,2.0,1.0,0.3333333333333333,0.5,1.0,2.0,complete,
cm2,continuous,1000,50,10.0,72,1640349098,0.3,0.5,0.37499999999999994,1.0,10.0,0.0,0.0,0.0,1.0,0.0,0.6,0.5,0.5454545454545454,1.0,5.0,0.6666666666666666,0.6666666666666666,0.6666666666666666,1.0,6.0,1.0,0.3333333333333333,0.5,1.0,2.0,1.0,0.5,0.6666666666666666,1.0,3.0,complete,
cm2,continuous,1000,50,10.0,73,3412117862,0.2222222222222222,0.3333333333333333,0.26666666666666666,1.0,9.0,0.0,0.0,0.0,1.0,0.0,0.5,0.3333333333333333,0.4,1.0,4.0,0.42857142857142855,0.5,0.4615384615384615,1.0,7.0,1.0,0.3333333333333333,0.5,1.0,2.0,1.0,0.5,0.6666666666666666,1.0,3.0,complete,
cm2,continuous,1000,50,10.0,74,4085562410,0.3333333333333333,0.5,0.4,1.0,9.0,0.0,0.0,0.0,1.0,0.0,0.6666666666666666,0.3333333333333333,0.4444444444444444,1.0,3.0,0.36363636363636365,0.6666666666666666,0.4705882352941177,1.0,11.0,1.0,0.3333333333333333,0.5,1.0,2.0,0.6,0.5,0.5454545454545454,1.0,5.0,complete,
cm2,continuous,1000,50,10.0,75,1321786404,0.3333333333333333,0.5,0.4,1.0,9.0,0.0,0.0,0.0,1.0,0.0,1.0,0.5,0.6666666666666666,1.0,3.0,0.7142857142857143,0.8333333333333334,0.7692307692307692,1.0,7.0,1.0,0.5,0.6666666666666666,1.0,3.0,0.8333333333333334,0.8333333333333334,0.8333333333333334,1.0,6.0,complete,
cm2,continuous,1000,50,10.0,76,3427636626,0.2727272727272727,0.5,0.3529411764705882,1.0,11.0,0.0,0.0,0.0,1.0,0.0,0.3333333333333333,0.3333333333333333,0.3333333333333333,1.0,6.0,0.625,0.8333333333333334,0.7142857142857143,1.0,8.0,1.0,0.16666666666666666,0.2857142857142857,1.0,1.0,0.7142857142857143,0.8333333333333334,0.7692307692307692,1.0,7.0,complete,
cm2,continuous,1000,50,10.0,77,1426834722,0.36363636363636365,0.6666666666666666,0.4705882352941177,1.0,11.0,1.0,0.16666666666666666,0.2857142857142857,1.0,1.0,0.3333333333333333,0.3333333333333333,0.3333333333333333,1.0,6.0,0.5,0.6666666666666666,0.5714285714285715,1.0,8.0,1.0,0.3333333333333333,0.5,1.0,2.0,0.5,0.5,0.5,1.0,6.0,complete,
cm2,continuous,1000,50,10.0,78,448853934,0.3333333333333333,0.5,0.4,1.0,9.0,0.0,0.0,0.0,1.0,0.0,1.0,0.5,0.6666666666666666,1.0,3.0,0.7142857142857143,0.8333333333333334,0.7692307692307692,1.0,7.0,1.0,0.16666666666666666,0.2857142857142857,1.0,1.0,0.8333333333333334,0.8333333333333334,0.8333333333333334,1.0,6.0,complete,
cm2,continuous,1000,50,10.0,79,1045080770,0.3333333333333333,0.5,0.4,1.0,9.0,0.0,0.0,0.0,1.0,0.0,1.0,0.5,0.6666666666666666,1.0,3.0,0.8333333333333334,0.8333333333333334,0.8333333333333334,1.0,6.0,1.0,0.3333333333333333,0.5,1.0,2.0,0.8,0.6666666666666666,0.7272727272727272,1.0,5.0,complete,
cm2,continuous,1000,50,10.0,80,2409186022,0.3333333333333333,0.3333333333333333,0.3333333333333333,1.0,6.0,0.0,0.0,0.0,1.0,0.0,0.5,0.16666666666666666,0.25,1.0,2.0,0.5714285714285714,0.6666666666666666,0.6153846153846153,1.0,7.0,1.0,0.16666666666666666,0.2857142857142857,1.0,1.0,0.8,0.6666666666666666,0.7272727272727272,1.0,5.0,complete,
cm2,continuous,1000,50,10.0,81,471769162,0.25,0.3333333333333333,0.28571428571428575,1.0,8.0,0.0,0.0,0.0,1.0,0.0,1.0,0.3333333333333333,0.5,1.0,2.0,0.5,0.6666666666666666,0.5714285714285715,1.0,8.0,1.0,0.16666666666666666,0.2857142857142857,1.0,1.0,0.8,0.6666666666666666,0.7272727272727272,1.0,5.0,complete,
cm2,continuous,1000,50,10.0,82,1586827043,0.3,0.5,0.37499999999999994,1.0,10.0,1.0,0.16666666666666666,0.2857142857142857,1.0,1.0,0.3333333333333333,0.5,0.4,1.0,9.0,0.5555555555555556,0.8333333333333334,0.6666666666666667,1.0,9.0,1.0,0.3333333333333333,0.5,1.0,2.0,0.7142857142857143,0.8333333333333334,0.7692307692307692,1.0,7.0,complete,
cm2,continuous,1000,50,10.0,83,1975127723,0.375,0.5,0.42857142857142855,1.0,8.0,0.0,0.0,0.0,1.0,0.0,0.75,0.5,0.6,1.0,4.0,0.5714285714285714,0.6666666666666666,0.6153846153846153,1.0,7.0,1.0,0.3333333333333333,0.5,1.0,2.0,0.75,0.5,0.6,1.0,4.0,complete,
cm2,continuous,1000,50,10.0,84,1659696082,0.3333333333333333,0.5,0.4,1.0,9.0,1.0,0.16666666666666666,0.2857142857142857,1.0,1.0,0.75,0.5,0.6,1.0,4.0,0.8,0.6666666666666666,0.7272727272727272,1.0,5.0,1.0,0.3333333333333333,0.5,1.0,2.0,1.0,0.6666666666666666,0.8,1.0,4.0,complete,
cm2,continuous,1000,50,10.0,85,2858854844,0.4444444444444444,0.6666666666666666,0.5333333333333333,1.0,9.0,1.0,0.16666666666666666,0.2857142857142857,1.0,1.0,1.0,0.3333333333333333,0.5,1.0,2.0,0.5,0.6666666666666666,0.5714285714285715,1.0,8.0,1.0,0.16666666666666666,0.2857142857142857,1.0,1.0,0.5714285714285714,0.6666666666666666,0.6153846153846153,1.0,7.0,complete,
cm2,continuous,1000,50,10.0,86,1193457326,0.42857142857142855,0.5,0.4615384615384615,1.0,7.0,0.0,0.0,0.0,1.0,0.0,1.0,0.3333333333333333,0.5,1.0,2.0,0.8,0.6666666666666666,0.7272727272727272,1.0,5.0,1.0,0.3333333333333333,0.5,1.0,2.0,0.8,0.6666666666666666,0.7272727272727272,1.0,5.0,complete,
cm2,continuous,1000,50,10.0,87,843206796,0.25,0.3333333333333333,0.28571428571428575,1.0,8.0,0.0,0.0,0.0,1.0,0.0,0.4,0.3333333333333333,0.3636363636363636,1.0,5.0,0.6666666666666666,0.6666666666666666,0.6666666666666666,1.0,6.0,1.0,0.3333333333333333,0.5,1.0,2.0,0.6666666666666666,0.3333333333333333,0.4444444444444444,1.0,3.0,complete,
cm2,continuous,1000,50,10.0,88,1308925490,0.3,0.5,0.37499999999999994,1.0,10.0,0.0,0.0,0.0,1.0,0.0,0.6666666666666666,0.3333333333333333,0.4444444444444444,1.0,3.0,0.8,0.6666666666666666,0.7272727272727272,1.0,5.0,1.0,0.16666666666666666,0.2857142857142857,1.0,1.0,1.0,0.6666666666666666,0.8,1.0,4.0,complete,
cm2,continuous,1000,50,10.0,89,521405283,0.25,0.3333333333333333,0.28571428571428575,1.0,8.0,1.0,0.16666666666666666,0.2857142857142857,1.0,1.0,0.3333333333333333,0.16666666666666666,0.2222222222222222,1.0,3.0,0.6,0.5,0.5454545454545454,1.0,5.0,1.0,0.5,0.6666666666666666,1.0,3.0,0.75,0.5,0.6,1.0,4.0,complete,
cm2,continuous,1000,50,10.0,90,1928839536,0.3333333333333333,0.5,0.4,1.0,9.0,0.0,0.0,0.0,1.0,0.0,0.6666666666666666,0.3333333333333333,0.4444444444444444,1.0,3.0,0.5714285714285714,0.6666666666666666,0.6153846153846153,1.0,7.0,1.0,0.5,0.6666666666666666,1.0,3.0,1.0,0.6666666666666666,0.8,1.0,4.0,complete,
cm2,continuous,1000,50,10.0,91,136413811,0.16666666666666666,0.3333333333333333,0.2222222222222222,1.0,12.0,0.0,0.0,0.0,1.0,0.0,0.5,0.3333333333333333,0.4,1.0,4.0,0.8,0.6666666666666666,0.7272727272727272,1.0,5.0,1.0,0.3333333333333333,0.5,1.0,2.0,1.0,0.6666666666666666,0.8,1.0,4.0,complete,
cm2,continuous,1000,50,10.0,92,813332248,0.42857142857142855,0.5,0.4615384615384615,1.0,7.0,1.0,0.16666666666666666,0.2857142857142857,1.0,1.0,1.0,0.5,0.6666666666666666,1.0,3.0,0.8333333333333334,0.8333333333333334,0.8333333333333334,1.0,6.0,1.0,0.3333333333333333,0.5,1.0,2.0,0.8333333333333334,0.8333333333333334,0.8333333333333334,1.0,6.0,complete,
cm2,continuous,1000,50,10.0,93,2226663407,0.3,0.5,0.37499999999999994,1.0,10.0,0.0,0.0,0.0,1.0,0.0,1.0,0.3333333333333333,0.5,1.0,2.0,0.8333333333333334,0.8333333333333334,0.8333333333333334,1.0,6.0,1.0,0.16666666666666666,0.2857142857142857,1.0,1.0,0.75,0.5,0.6,1.0,4.0,complete,
cm2,continuous,1000,50,10.0,94,2006032553,0.375,0.5,0.42857142857142855,1.0,8.0,1.0,0.16666666666666666,0.2857142857142857,1.0,1.0,0.4,0.3333333333333333,0.3636363636363636,1.0,5.0,0.5,0.8333333333333334,0.625,1.0,10.0,1.0,0.16666666666666666,0.2857142857142857,1.0,1.0,0.6666666666666666,0.6666666666666666,0.6666666666666666,1.0,6.0,complete,
cm2,continuous,1000,50,10.0,95,2027280685,0.25,0.5,0.3333333333333333,1.0,12.0,1.0,0.16666666666666666,0.2857142857142857,1.0,1.0,0.75,0.5,0.6,1.0,4.0,0.7142857142857143,0.8333333333333334,0.7692307692307692,1.0,7.0,1.0,0.16666666666666666,0.2857142857142857,1.0,1.0,1.0,0.8333333333333334,0.9090909090909091,1.0,5.0,complete,
cm2,continuous,1000,50,10.0,96,1546294601,0.2222222222222222,0.3333333333333333,0.26666666666666666,1.0,9.0,0.0,0.0,0.0,1.0,0.0,0.5,0.3333333333333333,0.4,1.0,4.0,0.8,0.6666666666666666,0.7272727272727272,1.0,5.0,1.0,0.3333333333333333,0.5,1.0,2.0,1.0,0.6666666666666666,0.8,1.0,4.0,complete,
cm2,continuous,1000,50,10.0,97,3444358526,0.3333333333333333,0.5,0.4,1.0,9.0,1.0,0.16666666666666666,0.2857142857142857,1.0,1.0,0.5,0.3333333333333333,0.4,1.0,4.0,0.8,0.6666666666666666,0.7272727272727272,1.0,5.0,1.0,0.3333333333333333,0.5,1.0,2.0,1.0,0.5,0.6666666666666666,1.0,3.0,complete,
cm2,continuous,1000,50,10.0,98,1598732595,0.4444444444444444,0.6666666666666666,0.5333333333333333,1.0,9.0,1.0,0.16666666666666666,0.2857142857142857,1.0,1.0,0.5,0.5,0.5,1.0,6.0,0.625,0.8333333333333334,0.7142857142857143,1.0,8.0,1.0,0.3333333333333333,0.5,1.0,2.0,0.6666666666666666,0.6666666666666666,0.6666666666666666,1.0,6.0,complete,
cm2,continuous,1000,50,10.0,99,998801490,0.3333333333333333,0.5,0.4,1.0,9.0,1.0,0.16666666666666666,0.2857142857142857,1.0,1.0,1.0,0.16666666666666666,0.2857142857142857,1.0,1.0,0.5714285714285714,0.6666666666666666,0.6153846153846153,1.0,7.0,1.0,0.16666666666666666,0.2857142857142857,1.0,1.0,0.8,0.6666666666666666,0.7272727272727272,1.0,5.0,complete,
